timestamp,rpm,egt,cht,oil_pressure,oil_temp,vibration,fuel_flow,battery_voltage,injection_timing_deg,fault_type,true_rul_timesteps,fault_onset_idx,failure_idx,flight_id
0,5006.620807517542,722.9267167929373,171.09306171223068,65.78936537932434,98.73985193871862,1.2100492393870377,21.140054961216684,28.041975190098977,20.202176992776835,none,299.0,140,299,combustion_instability_012
1,5009.50703487063,724.4119985610367,170.1312165691744,66.8965087671929,97.51440393109971,1.4184047134409976,21.317662147921638,28.034234244089216,20.05093982681571,none,298.0,140,299,combustion_instability_012
2,5016.238379578983,724.2327196115058,170.57900994085531,65.54727768356258,95.51916049720366,1.2162684464554034,20.78969403451403,28.13177431783861,20.442984338001555,none,297.0,140,299,combustion_instability_012
3,5018.687249409511,728.3795933037163,171.71489621016002,65.11048862726373,98.27455015045506,1.2307242481849636,20.948440164103737,28.142291540572963,19.766093383073525,none,296.0,140,299,combustion_instability_012
4,5016.988409184107,722.7645890548098,170.120668483391,65.12811136795142,96.09588291510487,1.2100961185435577,21.37487800442171,28.123344657106777,20.432791994125925,none,295.0,140,299,combustion_instability_012
5,5018.522202087537,719.1883599380612,171.1494424005826,66.89760380821225,97.77727402851613,1.3412023568620042,21.606099374294153,28.000883498822876,20.305530949542366,none,294.0,140,299,combustion_instability_012
6,5027.023606664115,718.461954767438,169.24705560121296,65.86190364811252,98.48393716982483,1.0627175951987304,21.407477502792148,27.957404175495334,20.324259341212745,none,293.0,140,299,combustion_instability_012
7,5026.77136227432,730.7154990392264,172.4804422749792,66.83897386276874,98.84707941252928,1.289771960965559,21.017785486828732,28.07409824454427,19.994845838145,none,292.0,140,299,combustion_instability_012
8,5029.3080848045465,718.3524140945048,170.51742809697163,64.69785515842146,98.40061688241742,1.3960150533739,21.001774429520946,28.0381671972198,20.104828510139647,none,291.0,140,299,combustion_instability_012
9,5025.044815679827,724.5174477507205,169.82997660016878,66.67745545258369,98.61938126142276,1.2141700448565704,21.271412386557884,27.994726038708066,19.891466099644237,none,290.0,140,299,combustion_instability_012
10,5027.751634219627,721.0494132934375,170.9196393193641,66.79537982946002,98.09204810785367,1.264462624099588,21.407530863600652,27.965023944490163,20.100542718243563,none,289.0,140,299,combustion_instability_012
11,5025.268037295856,723.9987019778099,172.7010282820134,66.98867317571745,97.0504003393325,1.3969732888282445,20.97986459387348,27.923247621720247,20.518104547857654,none,288.0,140,299,combustion_instability_012
12,5031.565827252977,728.0126668840312,168.24302092586808,66.07816768712323,98.79171270839889,1.2874382424919255,21.167471939029305,27.85372391124066,20.040850626964893,none,287.0,140,299,combustion_instability_012
13,5033.345136843534,727.1850388123313,170.43179705290797,66.08041651310498,99.10020570404035,1.1515480769461413,21.82753320956268,27.892083953566942,20.085539202591274,none,286.0,140,299,combustion_instability_012
14,5033.588629106545,721.7787579682056,169.7385016003977,65.24647635363368,98.95546329473052,1.396357794524461,20.916714032338092,27.92266948867289,19.903866308528467,none,285.0,140,299,combustion_instability_012
15,5033.043983549901,723.0663500970713,170.89233122358826,66.52459531520485,96.42528935706605,1.2154409003330238,21.11937558172218,27.96620654729547,19.979287617942514,none,284.0,140,299,combustion_instability_012
16,5031.991185499911,721.7271182319278,170.92482224650777,65.05405044775485,98.29999587170427,1.349305782270839,21.17506347160872,27.944633308664095,19.861605398507674,none,283.0,140,299,combustion_instability_012
17,5031.978424833639,720.8829585749481,170.0153599847056,65.63417687367465,99.3441071770407,1.4527003720425289,21.77229024003055,27.936912571889586,20.157388237154944,none,282.0,140,299,combustion_instability_012
18,5032.1503980652915,728.115781742732,170.24111975245154,64.52910232445655,99.96091305105908,1.3868428393602374,21.12286837834242,27.95013792903562,19.678783363791805,none,281.0,140,299,combustion_instability_012
19,5033.9403027682865,724.2737959411653,170.8308335243797,66.62030736599012,97.3798472808267,1.2566504332100996,21.23365130325088,27.995187435292973,19.87797723770368,none,280.0,140,299,combustion_instability_012
20,5030.019057859061,726.0752897468684,173.2403828738186,65.71421855625236,99.62440747928476,1.226333648068152,21.234956503401843,27.89269695956883,19.972414232050014,none,279.0,140,299,combustion_instability_012
21,5029.715344440254,722.9494477180449,171.6733347415403,64.77670284156926,99.00228763655475,1.31802328640188,21.570885141710754,27.84921540154841,19.792992272701433,none,278.0,140,299,combustion_instability_012
22,5028.808088376698,719.7174687647118,174.48938518988942,64.73026754223069,97.23921667751563,1.1774600657818417,21.344431496284226,27.857164026888118,19.63195840665262,none,277.0,140,299,combustion_instability_012
23,5025.7788026506205,718.4430878661167,171.48710575983353,65.08786620729678,96.75644143801804,1.2338366887574401,21.126340193111588,27.865175330694086,20.25983077384166,none,276.0,140,299,combustion_instability_012
24,5016.268503726112,720.2771411587655,173.19922830275482,65.36727744735153,97.56775403432795,1.3141279711530383,21.0366762798706,27.85977681811476,20.174144844202413,none,275.0,140,299,combustion_instability_012
25,5016.213683378714,724.8910990394261,172.52103492207985,66.05483279657184,98.9548781442236,1.1493811396624218,21.351212525027456,27.74778775914954,19.93341251976427,none,274.0,140,299,combustion_instability_012
26,5019.828422450471,721.5132504305049,172.27948780872248,64.19733636380083,97.72324233937583,1.184875730751357,21.379767676918227,27.729389976289053,19.834683437631995,none,273.0,140,299,combustion_instability_012
27,5015.103430553624,724.6924799809401,171.08283904794163,66.1263425181081,97.39302776528997,1.2755102260520244,21.579571555278086,27.6799811827845,20.45248627757453,none,272.0,140,299,combustion_instability_012
28,5014.082277229247,719.4832177250986,168.43082336208676,65.16603109066436,97.70978094252771,1.3605493987007307,20.66866026933331,27.62091048897353,20.349186871123553,none,271.0,140,299,combustion_instability_012
29,5015.621190026077,722.3730882773782,172.4627918130422,65.97790584345532,98.72701516469297,1.345034961844291,21.158695790833026,27.70269687943771,20.082827735931073,none,270.0,140,299,combustion_instability_012
30,5015.256761433481,723.5683422932218,169.65319588686575,65.01044944182539,98.07919515846271,1.2659113694600947,21.245668204016038,27.73687183654024,19.797298941810045,none,269.0,140,299,combustion_instability_012
31,5016.906296646619,726.9719519157303,170.5579965318865,67.45444014256266,96.72235309251235,1.6037825139098834,21.2806266284434,27.76047452192331,20.008833069226615,none,268.0,140,299,combustion_instability_012
32,5013.986137525234,722.3455278513003,170.75458287554514,67.17344477619562,96.89361048103471,1.2964422826900597,21.442281984201735,27.763504801027747,20.39628875092303,none,267.0,140,299,combustion_instability_012
33,5013.829022417208,718.1501557251443,171.96157853675962,66.19423916851406,95.76124958300018,1.2298831472478788,21.179830897156275,27.782859818739926,20.210426435779024,none,266.0,140,299,combustion_instability_012
34,5011.526501688539,722.3709468794508,169.27385070306616,65.69094079927613,97.37690563451021,1.3150545673748602,20.94413337557401,27.700503908942874,20.04359914939173,none,265.0,140,299,combustion_instability_012
35,5006.56884881326,724.9753742429733,170.58216813343762,62.824431048079354,97.59535172638455,1.2853551542117974,20.780074091786638,27.61098446342533,19.455112074536416,none,264.0,140,299,combustion_instability_012
36,5011.510542311356,720.7731252593788,172.68529634527934,64.73033438712581,99.01122248977349,1.2941847936977546,21.313939051789195,27.752833465272573,19.824196575805768,none,263.0,140,299,combustion_instability_012
37,5014.662519488801,723.0544162329653,171.04959424002362,64.50175177298935,95.9632182533714,0.9324665875278608,21.03090812010792,27.669886519039345,20.682927635028335,none,262.0,140,299,combustion_instability_012
38,5011.058653114432,720.6665768004341,169.32306121469298,65.70128886737584,99.21191467390886,1.1986289213054573,20.973437925940075,27.68303174572344,20.219360005778903,none,261.0,140,299,combustion_instability_012
39,5011.809718343517,721.6638079283117,170.64245568075913,65.28257628741423,97.1834932521725,1.4776763816441036,21.25294404667976,27.64746035609589,20.072417523542917,none,260.0,140,299,combustion_instability_012
40,5016.819988448446,720.9079393206939,170.41631048539867,64.6378039380243,98.5479544036603,1.3441252241199406,20.737180351645105,27.770208738661754,19.680100508846223,none,259.0,140,299,combustion_instability_012
41,5019.897082488511,727.9160325303806,169.7112039735944,65.02419794638892,97.15937043573015,1.2177835765720564,21.615351536956158,27.903948012222486,20.18520899584608,none,258.0,140,299,combustion_instability_012
42,5017.389143371153,728.074384986622,166.43526375056314,65.46855958566434,97.90544557492338,1.3663249159230086,21.11436065958048,27.7523486840093,19.888178547223717,none,257.0,140,299,combustion_instability_012
43,5017.869552008727,726.7968188907087,168.86816294433817,64.61373086835856,97.91865480718481,1.2678508218116287,21.089777363801307,27.82441999578973,19.465754535960368,none,256.0,140,299,combustion_instability_012
44,5023.062097209312,724.2318019719538,168.2897947849761,66.00680109333634,99.22577915918924,1.365109534152421,21.41098830188633,27.79752357362645,20.153635066094704,none,255.0,140,299,combustion_instability_012
45,5021.331043105758,721.7316012816922,171.79861744338967,66.03305820265143,99.1771688376715,1.1645344788501284,20.922688870703745,27.682626937522677,19.833679386873325,none,254.0,140,299,combustion_instability_012
46,5023.0209905743,726.7570166304441,172.37418568816207,64.3157482600786,97.01328828743173,1.2469692586246146,20.93053554640582,27.63018667662239,19.827142946573797,none,253.0,140,299,combustion_instability_012
47,5018.113833538163,727.7419760720015,172.42662381205741,66.23754774380603,99.82999867978782,1.3105844657065258,21.045452956129882,27.769931097157908,19.724238118102665,none,252.0,140,299,combustion_instability_012
48,5019.050113321272,724.0265925912166,171.38131353625687,65.9975824387625,96.95909198911404,1.3512426764519305,21.05721406227819,27.592004329916847,19.782301141369004,none,251.0,140,299,combustion_instability_012
49,5018.83815290982,721.8516315917219,174.87398216295944,65.8642356804574,97.86014143900141,1.15456153002252,21.23422858190384,27.657355346706893,20.04582375257838,none,250.0,140,299,combustion_instability_012
50,5017.26857450871,726.7950569995646,173.15154217345457,65.74133130306022,97.47197031857588,1.3846726908972946,21.433022451382666,27.73248448300876,20.233105079531928,none,249.0,140,299,combustion_instability_012
51,5018.146274427999,726.1553374279379,171.14427131632164,65.40019511040268,99.629674803448,1.2820278505355056,21.476104589339364,27.669906579441772,19.684902466658105,none,248.0,140,299,combustion_instability_012
52,5014.990634792743,718.3467247838112,169.7394318678977,65.77766216571138,97.48671887460388,1.296086031861995,21.105359183593364,27.69889577410499,20.63895182324879,none,247.0,140,299,combustion_instability_012
53,5007.703560219999,724.3347280558004,171.55761052826003,64.65129105593027,98.3164794362461,1.3615700369020327,21.19393099066543,27.635191005986204,19.893922972307713,none,246.0,140,299,combustion_instability_012
54,5006.369718682852,718.8091966847719,170.89178332546024,64.56861227856733,97.70198484786695,1.3611076212992335,20.85029221546745,27.6439416968057,20.144652069277335,none,245.0,140,299,combustion_instability_012
55,5004.64368537686,724.2104741726597,169.5216078872772,66.24428057161757,99.2719789074293,1.2543916437753193,20.8843905607018,27.59729126851311,20.14011768517105,none,244.0,140,299,combustion_instability_012
56,5012.2559722012375,722.1509992823819,169.85516785861304,65.87952616700021,97.53731432711183,1.2485684896969884,20.86444522210815,27.597575087343778,20.37679450880356,none,243.0,140,299,combustion_instability_012
57,5015.324370871712,723.46667201741,169.6192832235967,64.91856793514869,98.48068883043157,1.2878429357209364,21.243981478628466,27.680746828401055,20.156812182679108,none,242.0,140,299,combustion_instability_012
58,5011.779327873512,716.3479992795238,168.50601305255282,65.27645466627173,95.96733154145164,1.4310739205494958,21.439347876729485,27.577084767615155,19.417626606628943,none,241.0,140,299,combustion_instability_012
59,5013.77114929387,723.1196712561373,168.2404962614042,65.96005882646188,98.28634234482324,1.2601927769980088,20.947758392990796,27.711913991535585,20.165848929976168,none,240.0,140,299,combustion_instability_012
60,5012.269919486298,726.4952440565735,172.3610528772664,65.6354301976209,97.89835514592441,1.2755585988928133,21.172516457986674,27.648669354820544,20.229807154866048,none,239.0,140,299,combustion_instability_012
61,5010.110674104532,724.495409750774,173.0098054376307,63.997816656123916,99.73518725666115,1.414483554064356,21.093654460773365,27.69572122148531,19.665140875830154,none,238.0,140,299,combustion_instability_012
62,5012.391412548242,722.6632212357298,170.4895779776125,66.02462132645103,97.5621606240673,1.2939083516529537,21.294215661085406,27.715687021483596,20.050209636332895,none,237.0,140,299,combustion_instability_012
63,5014.075142068232,720.8840486865212,174.38102487033638,65.53267293670035,98.705861143316,1.230372143412059,21.248421657826036,27.759540134678964,19.10672369245421,none,236.0,140,299,combustion_instability_012
64,5019.234600931056,721.1455362719713,171.73018439592,66.23933397227516,96.52745315141345,1.3891998008109878,20.990891009111778,27.826288596892603,19.955362375208715,none,235.0,140,299,combustion_instability_012
65,5013.91957924795,717.8680537520423,170.7823105719191,64.41173366877929,96.02337547971626,1.5118728848472256,20.316377312174367,27.89141669323977,20.293919809422285,none,234.0,140,299,combustion_instability_012
66,5011.903151305471,725.5115889134389,171.08594512467744,64.14169609731904,98.5755788623608,1.50403551308268,21.062256150063202,27.777527600561516,20.289074699593762,none,233.0,140,299,combustion_instability_012
67,5015.739262669822,719.2394825340438,171.31100585285708,65.88991771627353,98.44399811740247,1.1129130734853603,21.337503316481047,27.808465759917322,19.798066632311855,none,232.0,140,299,combustion_instability_012
68,5013.843941994809,719.4995061359273,171.58160186635465,63.79388534226596,97.60430349351297,1.320285765425699,21.125222212736897,27.59474260774982,20.176424654121995,none,231.0,140,299,combustion_instability_012
69,5017.3806658802005,727.2795779117783,169.40478867157356,64.65634066030783,98.43746005213366,1.0551145766319165,21.271766806585546,27.672667677507093,20.05911052373075,none,230.0,140,299,combustion_instability_012
70,5016.506996522944,719.1611578605527,171.78538405732232,66.14661908815893,96.96383503184812,1.2940895988501695,21.28045539461683,27.69754711728142,19.733728752115056,none,229.0,140,299,combustion_instability_012
71,5011.406854176522,717.3894258903792,171.21420680964633,64.6870517335891,95.31880085522047,1.1317614903067965,20.848835159434408,27.74327222954229,20.025805088773488,none,228.0,140,299,combustion_instability_012
72,5010.6252985644005,725.0919693155993,171.49124247705086,63.98613966517859,97.2460391697926,1.0654505487941148,20.765164148666095,27.696173327957833,20.374781010180957,none,227.0,140,299,combustion_instability_012
73,5009.93605520793,715.8129643406779,169.1133490865731,64.85622455882422,94.77612455992991,1.497933146826139,20.8249735909773,27.774509550018983,19.62491014219362,none,226.0,140,299,combustion_instability_012
74,5013.520633030261,726.539366382905,169.26953299723343,66.4032184700541,97.44237401621244,1.3062278650331638,20.827994928903447,27.759759412064138,19.9360025244497,none,225.0,140,299,combustion_instability_012
75,5015.692237465998,717.6258490016867,170.10871937052303,65.51052249493145,99.21266358037431,1.2535359962488766,21.542805808697256,27.701928350328473,19.411711766065498,none,224.0,140,299,combustion_instability_012
76,5013.702979781906,727.4012800685002,171.78103411816042,64.5284008820568,96.95585277483299,1.3590167308787877,21.16861641101022,27.731314354073092,20.137942364078487,none,223.0,140,299,combustion_instability_012
77,5012.7404720640625,724.3180832910592,172.74916851214505,66.0970233262629,96.89388193133499,1.2222768609441437,21.433955870393227,27.79259925694214,19.94657657693668,none,222.0,140,299,combustion_instability_012
78,5017.308911308565,720.3108431079572,167.76400644796914,65.17093934084888,99.4050910269819,1.0303167429798874,21.315135369481627,27.77663262895394,20.557066438546837,none,221.0,140,299,combustion_instability_012
79,5019.200614279207,716.5832191998129,172.04433492359584,65.73500085143893,98.33292558826115,1.2312543112911933,21.830832621844245,27.872676698201424,20.75176163356358,none,220.0,140,299,combustion_instability_012
80,5024.899629086,720.4223280298452,174.12880848274818,65.61423916099395,96.59113469452366,1.4391923205822823,21.33651927094453,27.723804133201877,20.70162738651403,none,219.0,140,299,combustion_instability_012
81,5028.8877937869665,725.2952259194759,169.7500654875543,65.39122805440768,97.62003988753311,1.4372970443312063,21.576865776622217,27.783596325697903,19.753513969272195,none,218.0,140,299,combustion_instability_012
82,5021.599754290747,726.8774705431596,168.9756544747588,65.16841261771856,97.72952462249685,1.3181363049842858,21.355343072874394,27.835846812518167,20.113782018679206,none,217.0,140,299,combustion_instability_012
83,5025.761165051706,721.8287307975769,170.2238280442583,64.90928289182649,97.94913326953115,1.5081393299775447,21.030025892819694,27.70073676017607,19.584077390995848,none,216.0,140,299,combustion_instability_012
84,5028.282574168348,727.6258209863456,169.47786315344166,66.17027582653172,96.10553028118997,1.208389099830739,20.908588213753205,27.85522984302181,19.834264962489357,none,215.0,140,299,combustion_instability_012
85,5033.507913394353,727.4944618114796,172.3213907830998,65.10600327634897,97.9236640784711,1.1226238047354145,21.50393962565753,27.70470443620403,20.06505752816135,none,214.0,140,299,combustion_instability_012
86,5036.550544672211,727.3533735325784,170.93898671353608,65.47963009422207,98.21025497508548,1.5457480478373005,21.340197241506726,27.831807813288883,20.136536393167173,none,213.0,140,299,combustion_instability_012
87,5032.22267180928,716.199835296244,172.70551902280076,65.87034829364686,98.06302500357108,1.5429176687275403,21.59725088666453,27.675662356588216,19.446981919652636,none,212.0,140,299,combustion_instability_012
88,5031.960495754831,729.0767597689517,172.41315831440113,65.75184900824283,99.67530708659294,1.2831582662797272,21.25120073572572,27.719780533801476,19.738773456805937,none,211.0,140,299,combustion_instability_012
89,5028.902203046375,723.4838670309172,169.3761456703232,64.3164497686203,98.68385855995716,1.321608401184779,21.82019060402972,27.784615919340172,20.21690989358493,none,210.0,140,299,combustion_instability_012
90,5021.887666057359,722.9934485922128,171.34946277644718,64.95187834046591,97.33387430353541,1.4802325236807052,21.200187730039772,27.721094150122784,20.08174750644721,none,209.0,140,299,combustion_instability_012
91,5020.059376097414,723.3896206397596,172.49006825333117,64.46875811596276,98.51663367829524,1.2707368400549748,21.180356196046755,27.659966485147862,19.886162548813047,none,208.0,140,299,combustion_instability_012
92,5006.363119412611,719.1138639558627,171.43049636880878,67.10699185520889,98.06827410852615,1.2923760792457015,21.11977648802315,27.771238570481593,20.25408541616456,none,207.0,140,299,combustion_instability_012
93,4999.179626125869,724.6184595112583,168.24333599060589,66.28254419036283,97.85556060205317,1.1409015663916378,20.84533333641096,27.682082072391736,20.02160987572454,none,206.0,140,299,combustion_instability_012
94,5002.44396808782,718.3623279846228,173.19488934494126,66.44273117227928,98.09527701207051,1.206872303453121,20.88223130996455,27.745698081877578,19.983916700606052,none,205.0,140,299,combustion_instability_012
95,5005.658246522507,721.6180267394459,172.2138718315206,65.06665917400716,98.50810185377517,1.2777611411938326,21.063473006574807,27.617178341548396,20.01213509651874,none,204.0,140,299,combustion_instability_012
96,5003.349060454862,716.5398214799205,168.94987019462445,66.0742541638315,97.44319046318904,1.3269660939562518,20.907977589608418,27.605382002832993,19.877722941585315,none,203.0,140,299,combustion_instability_012
97,5002.799539069183,719.8592264755233,169.71721558713145,65.66743354281228,99.19581700045987,1.4877590513026369,20.864480467133284,27.627987889578623,20.235830106644613,none,202.0,140,299,combustion_instability_012
98,5002.157286342065,728.2393670985833,171.2576880853283,63.102597966540834,97.52787674247135,1.1165273679496368,21.093893024629494,27.700824034459906,20.283486822427857,none,201.0,140,299,combustion_instability_012
99,5003.130458351993,713.9978974753874,171.04719498874215,65.96594855302216,97.17106290198562,1.2611364394871944,20.809444388309597,27.713045260544206,19.37955416474671,none,200.0,140,299,combustion_instability_012
100,5011.791848398355,726.0334523614334,172.48068051017404,64.99836489075633,98.53782127849684,1.1970699221483103,20.99698047715856,27.76601707628272,19.875161064558856,none,199.0,140,299,combustion_instability_012
101,5012.472123305656,719.092921113743,170.6817932069993,65.12555723955906,98.8079704004316,1.0946525929343587,20.98682620220375,27.667220201339177,20.334249565168076,none,198.0,140,299,combustion_instability_012
102,5018.626000147476,720.5130599583887,171.66626165610765,65.78771320494688,98.58644904276404,1.2244279677296046,21.276820272184597,27.621390182426094,20.06209608152006,none,197.0,140,299,combustion_instability_012
103,5020.096109420595,719.3948618020257,172.90210157856285,65.96435730643182,98.72941161534955,1.1588647856915915,21.308404344976285,27.66328435145196,20.291776275113524,none,196.0,140,299,combustion_instability_012
104,5022.085407014114,726.7805154315005,171.68218716418608,64.43453001340278,97.31306128641451,1.3837733342115954,21.129350736108616,27.66083242746685,20.111274659598728,none,195.0,140,299,combustion_instability_012
105,5018.969198431705,721.1751981567006,172.29807182421973,64.79571234305136,98.83972448608272,1.1663780978128424,20.953960149084647,27.746202214274437,20.258233328672677,none,194.0,140,299,combustion_instability_012
106,5018.524939676349,722.0312696056346,171.40692229216612,64.86354804143075,97.11898531190633,1.2188360617925174,21.20001605602632,27.658516734519036,19.97037673935921,none,193.0,140,299,combustion_instability_012
107,5021.167638127442,722.4921639719706,168.64102043681316,65.06610928940457,98.4304227349184,1.5053366184359802,20.939651367471107,27.697891192703846,19.725329238188323,none,192.0,140,299,combustion_instability_012
108,5026.960944289844,722.6246042502501,171.0842890951261,65.26522296938269,97.88288295468632,1.2564846356294141,21.13692371708375,27.695399599363512,19.705456777714705,none,191.0,140,299,combustion_instability_012
109,5027.105569978767,719.4347500789636,172.0506189950591,65.69059898998971,99.02964437756717,1.2080051811747317,21.34552898917041,27.698399524431,19.83529202014315,none,190.0,140,299,combustion_instability_012
110,5029.517572394053,717.9991810117731,172.96880760356714,65.1862790835141,97.93634988374708,1.3951793158377264,21.81603871765884,27.68422373131246,20.197818163221935,none,189.0,140,299,combustion_instability_012
111,5027.202750164927,722.3785942510222,170.40090405389913,66.31530725857708,97.47069532347525,1.4197112475563585,20.80692539823503,27.733422426912934,19.885086189063212,none,188.0,140,299,combustion_instability_012
112,5025.355072670584,723.535461628027,170.79986754215517,64.64667245189243,98.41026525959836,1.2124984278049329,21.35279138432089,27.71619752916017,20.111971184348356,none,187.0,140,299,combustion_instability_012
113,5029.492835803082,720.7113873077806,172.79875425182792,66.04377178047224,98.20383066007172,1.3907931382962413,21.620738850620935,27.852589568342303,19.80677857984481,none,186.0,140,299,combustion_instability_012
114,5032.904908050058,725.8856568939642,171.2412364474819,65.04651537959822,97.35862395810331,1.2209777076525639,21.453331952097077,27.73765624114419,19.66175171370497,none,185.0,140,299,combustion_instability_012
115,5035.162212294871,724.9689257297583,171.3544128737636,65.62062483956733,98.06402711749826,1.4937417207650316,20.967375599645823,27.81488931869606,20.007603524755375,none,184.0,140,299,combustion_instability_012
116,5038.0336800423775,723.2579500336211,168.9887237843628,64.21423093633913,99.46639010680569,1.2511979043361423,21.71412509066124,27.699534810102996,20.645941940287305,none,183.0,140,299,combustion_instability_012
117,5038.67004477345,724.4811859689554,170.10087169591768,63.73564851299994,100.59104350506102,1.20407856259678,21.007112510894082,27.75438358163253,19.842331288767944,none,182.0,140,299,combustion_instability_012
118,5043.19802415727,722.1160957739319,168.69659049666754,65.44801533953965,98.07464321703941,1.2220170417284122,21.91204695434912,27.763279409693766,20.326680918475823,none,181.0,140,299,combustion_instability_012
119,5040.431819988786,723.0775850759184,168.25370292989874,66.28677687036497,97.47183017235358,1.250382681021549,21.7945148650167,27.70088581111792,20.399973067619705,none,180.0,140,299,combustion_instability_012
120,5040.780943267758,725.8921213572878,169.80189683517494,66.53909203686028,99.20089160942409,1.2962440698652318,21.53918587861944,27.831482157015884,19.71589352887053,none,179.0,140,299,combustion_instability_012
121,5041.425555308455,728.5218236329264,171.35528349561937,66.49558584235068,98.1400501039538,1.2620009327126076,21.202878076643884,27.894872743653757,19.914190607337076,none,178.0,140,299,combustion_instability_012
122,5039.4919861376175,731.1092994474091,172.5821897901469,66.18381176606164,96.6862647827122,1.2610067236863878,21.772387279315357,27.727759340450163,19.780618956388533,none,177.0,140,299,combustion_instability_012
123,5044.297105526898,721.9915689099145,174.5209693325569,64.83224985536874,97.52637061985197,1.267394614115377,21.97163229424473,27.653787872939564,20.142597559412273,none,176.0,140,299,combustion_instability_012
124,5039.554994985002,724.3728321685005,172.1506635863498,64.41149720120092,96.81888564514182,1.452253758298372,21.20714949341489,27.7188654562338,20.055785626402596,none,175.0,140,299,combustion_instability_012
125,5042.892892977992,730.7788134324151,172.82109548603307,65.3282764294554,97.70716081471393,1.2130943228645612,21.24492979563831,27.77021312320206,19.941236767863675,none,174.0,140,299,combustion_instability_012
126,5039.847084235113,719.9892792847814,174.23522420888003,66.06586050139099,98.17001657979772,1.3219387964767773,21.529176273449806,27.808070462676604,19.75711767318915,none,173.0,140,299,combustion_instability_012
127,5035.1601088793,722.9672854739612,171.6914505960107,64.07527798565769,97.40103515865601,1.2492052007096615,21.401615842421116,27.66332187459065,20.052956984655218,none,172.0,140,299,combustion_instability_012
128,5034.203855632263,722.9385813934972,172.34851291414765,65.89640116459084,97.6840858996032,1.2103440533400471,20.919131095820006,27.780557639657744,19.978728798929314,none,171.0,140,299,combustion_instability_012
129,5036.533955170016,724.5954482095581,169.16490613931418,65.25065148886492,98.34042178756926,1.3259925070489302,21.437755507407704,27.684186036874127,20.390514117292973,none,170.0,140,299,combustion_instability_012
130,5039.20420087732,722.1579049250558,172.56137266480334,65.81458785472445,98.78212522269796,1.0333238733151713,21.700066837855328,27.61021354910229,19.5959500577503,none,169.0,140,299,combustion_instability_012
131,5035.64922765485,728.8326902969164,169.81976221791243,66.46995943172168,97.87497924411699,1.2542416132288607,21.68510851250228,27.760271128597573,20.49823039146583,none,168.0,140,299,combustion_instability_012
132,5032.23496713479,723.3724443845133,171.78697841119896,65.09573525697378,98.50836388970141,1.1659565962155831,21.36606833798716,27.78004413463623,19.91414502256539,none,167.0,140,299,combustion_instability_012
133,5036.8065332970955,725.5979724912221,173.9938791808627,65.39174133289339,97.54183309978302,1.260976421581517,21.264663775299464,27.743289822265837,20.049658205983466,none,166.0,140,299,combustion_instability_012
134,5038.24293455597,721.7618371029909,171.62440540496976,66.62179928783743,98.79824554378509,1.2701139467058795,21.535406104964128,27.69940510602428,20.039747972731956,none,165.0,140,299,combustion_instability_012
135,5034.716558746811,718.3891600120265,170.08077357690067,65.3973319468383,98.87855870481644,1.2614206236743692,21.508434761446008,27.800235327309032,20.19133724397781,none,164.0,140,299,combustion_instability_012
136,5037.414720687653,723.1323868662839,170.62505768085902,64.40226159565965,98.69005766647909,1.4556693249141657,21.13417066505432,27.75599411746313,20.257288685253535,none,163.0,140,299,combustion_instability_012
137,5030.692797470525,722.4180978357172,170.39303256671275,66.90555078192696,97.93174647374708,1.1037579086295575,21.909847859940214,27.76189543783821,20.033266305524762,none,162.0,140,299,combustion_instability_012
138,5028.709842363635,722.1547939905703,168.28321791996078,65.7654225340175,97.75596101126641,1.4816963633241211,21.29806136531552,27.68100037282669,19.80915298022096,none,161.0,140,299,combustion_instability_012
139,5028.958708437563,728.3212456018092,168.17585040059777,66.60931553140438,98.14886082220146,1.2997223795339512,21.089835714255287,27.67587437692367,19.639073968405963,none,160.0,140,299,combustion_instability_012
140,5032.055240601012,720.2829439361777,167.8430518604924,65.19310755347408,97.24689767411051,0.9760790271602325,21.763874611157586,27.569667338271703,19.42577864147902,combustion_instability,159.0,140,299,combustion_instability_012
141,5032.682890468833,719.8120471221565,172.5313314529235,64.59842607279327,98.2258600895425,1.2510713472242672,21.270408501620818,27.726923397116284,19.982762692882737,combustion_instability,158.0,140,299,combustion_instability_012
142,5038.022733584642,723.9589041667311,173.62715117013943,66.47888495543818,96.99969464469334,1.1760665197253486,21.379471624664315,27.58743950989004,19.9658036950955,combustion_instability,157.0,140,299,combustion_instability_012
143,5043.44348630403,726.3187102453891,173.04542857018515,65.5656723944204,100.03671169656687,1.3629208225179916,21.49417436697097,27.63562042617589,20.155891055789727,combustion_instability,156.0,140,299,combustion_instability_012
144,5042.960339129235,727.367562971512,171.53182960124911,65.86810449397892,98.24406053627524,1.5260233607212084,21.29812218373982,27.60594405031577,20.114729532954357,combustion_instability,155.0,140,299,combustion_instability_012
145,5044.299613289561,723.4961890331856,175.03621638994053,64.99052123906287,97.37356285575969,1.323895107388936,21.480456497878333,27.631450475323625,19.6032245009634,combustion_instability,154.0,140,299,combustion_instability_012
146,5048.459049585798,724.7730667758068,174.72266059669963,66.87616177422422,98.14933118702214,1.2780770061295892,21.34384478663613,27.599069843132025,19.663327672845924,combustion_instability,153.0,140,299,combustion_instability_012
147,5048.53609499427,722.018952821617,169.89057774078583,65.44296162916875,100.28896862000268,1.3403066891576312,21.2351856912029,27.581742146342712,20.207253757714938,combustion_instability,152.0,140,299,combustion_instability_012
148,5049.529128925932,726.9891912855263,173.20316224680508,66.23168952617513,97.95894724212248,1.2198045647662359,22.064979285204366,27.62110647688869,20.238074616218793,combustion_instability,151.0,140,299,combustion_instability_012
149,5051.444353188876,724.9559186975613,172.76977664742088,66.19843752132132,98.08177160702235,1.3627461395758915,21.561165720101542,27.54031542849342,19.981559787408592,combustion_instability,150.0,140,299,combustion_instability_012
150,5053.2805441810215,724.9122713858649,171.3923986110952,65.49375065443556,100.9681684573785,1.4749933616421964,21.844122191710902,27.59037924761401,20.828815431644507,combustion_instability,149.0,140,299,combustion_instability_012
151,5054.4085948920965,725.9988204368079,174.4163087842505,65.2123275067566,98.41019145271355,1.390357192805897,21.67121309095497,27.56923166770348,20.06755904991133,combustion_instability,148.0,140,299,combustion_instability_012
152,5062.906718619079,728.5688342669201,171.7032485746748,66.24853547384748,97.55578719580045,1.306861016526462,21.69894560184246,27.555274285413947,20.203956117601837,combustion_instability,147.0,140,299,combustion_instability_012
153,5066.215970046142,728.5357999604809,173.59661005348633,65.09841559457082,98.12675696282206,1.42172145958104,21.619354207044605,27.532359701566158,19.520613029531,combustion_instability,146.0,140,299,combustion_instability_012
154,5065.697797805042,728.2887917349402,171.47731061529967,65.49821903464253,98.82668014783184,1.3981911412850918,21.65951776074913,27.463854964629135,20.118502599470897,combustion_instability,145.0,140,299,combustion_instability_012
155,5064.41246098168,730.462727585805,169.88626898947638,67.03455442203484,97.81043627713353,1.4649537116234514,21.660917775775435,27.46912852272591,20.16908113247016,combustion_instability,144.0,140,299,combustion_instability_012
156,5067.3456280755,726.9916928027438,170.8414514974854,66.46078281489842,100.39186507762692,1.2965664444480631,21.76682552257458,27.408454562767258,20.240133024284592,combustion_instability,143.0,140,299,combustion_instability_012
157,5058.882231872421,728.746079144272,172.52597704006314,65.53068378004063,98.85254550467407,1.2407214541979086,21.400756552534332,27.431981148314257,19.81763601580202,combustion_instability,142.0,140,299,combustion_instability_012
158,5056.404496496586,727.254540963197,172.73763385239315,66.61621511027182,96.8504950273742,1.272514898606439,21.771393404457836,27.277254663531725,19.57073847260483,combustion_instability,141.0,140,299,combustion_instability_012
159,5053.394861105792,730.9692874046582,172.66714176616702,65.50612738379074,97.97982747391288,1.1229794048587047,21.406270858722742,27.246370235150923,19.767728822563353,combustion_instability,140.0,140,299,combustion_instability_012
160,5049.116241515105,726.6948014545402,173.71573024379714,65.79506324509282,99.1011937759619,1.4183554304298625,21.528368123568743,27.291205658346424,20.64805201274724,combustion_instability,139.0,140,299,combustion_instability_012
161,5043.780953286592,723.2059554939419,169.96903643498834,65.78416346165731,98.51575657845558,1.2819440269575062,21.47871148543525,27.305193331317177,20.116343089596146,combustion_instability,138.0,140,299,combustion_instability_012
162,5045.4339380736965,724.1997064648563,173.76255719793565,64.45673376275148,96.60580987594115,1.2382174779342072,21.45078495673451,27.28897254409798,20.023944933902186,combustion_instability,137.0,140,299,combustion_instability_012
163,5045.656314157955,722.8759018115485,171.40495200446549,66.54174051535823,97.13044315564817,1.2317834127496612,21.092814861468312,27.30606729168762,20.091746015744818,combustion_instability,136.0,140,299,combustion_instability_012
164,5048.57387103294,725.9801960474368,170.15656287809247,65.79643511608556,100.1031083695583,1.582133742875049,21.41583192461942,27.33324253125352,20.25378649352017,combustion_instability,135.0,140,299,combustion_instability_012
165,5046.206672084308,723.8055498860432,171.79005315051373,64.76307956838309,97.48656700102092,1.256780004658691,21.21136705704372,27.323076139627997,20.07566617135516,combustion_instability,134.0,140,299,combustion_instability_012
166,5049.409780404627,727.1285035235366,170.75458718024927,65.55757673610167,98.02309211465409,1.2763402144511056,21.445805492372358,27.25355077763009,19.72460387400558,combustion_instability,133.0,140,299,combustion_instability_012
167,5050.415748996413,726.9498222388934,172.15236780733994,64.97283830980102,98.51012535555105,1.1747997150133296,21.44938542605999,27.21606029394507,20.095112988414627,combustion_instability,132.0,140,299,combustion_instability_012
168,5056.04638334544,731.9515567236291,173.22940066474715,64.83256684327709,99.12991474755891,1.2384989497250212,21.551984014007484,27.17569127639213,19.822827106468164,combustion_instability,131.0,140,299,combustion_instability_012
169,5059.661534433822,724.1682789844498,174.3388147588624,66.5595366721909,99.6438427373816,1.4332460339702404,21.19059555683443,27.24357673717475,19.645180968319508,combustion_instability,130.0,140,299,combustion_instability_012
170,5066.574190157806,723.7704976439744,174.44742186224883,66.0589100396809,98.60345709403555,1.2931388382548075,21.930535725701667,27.141383713668098,19.899159869098135,combustion_instability,129.0,140,299,combustion_instability_012
171,5066.104617233311,723.3021379429094,170.11521241239612,66.15789819258801,96.85050250115195,1.5132342144070607,21.26746843649517,27.30214164671691,20.185128332090304,combustion_instability,128.0,140,299,combustion_instability_012
172,5069.337245017786,725.0008125108225,174.19902446300577,64.58328606382537,98.67608053741266,1.2991076760264002,22.03493334854445,27.201245544555608,19.910069345344418,combustion_instability,127.0,140,299,combustion_instability_012
173,5074.9663500921115,728.4217890571479,173.3711227993542,65.97420522291303,97.88238919884006,1.1333628864275704,22.000399280890164,27.326199453305367,20.095691554523537,combustion_instability,126.0,140,299,combustion_instability_012
174,5078.9556208307595,730.3805112316007,172.03382344485706,66.56864588590938,97.58757875974534,1.3800163634269091,21.990829465077077,27.36220649031852,19.900025104254002,combustion_instability,125.0,140,299,combustion_instability_012
175,5076.247071523837,733.7157436931824,173.30125055303841,64.81260091698226,99.15203245186834,1.3481520733091004,21.693249068895486,27.402842487439077,19.514330817688716,combustion_instability,124.0,140,299,combustion_instability_012
176,5073.1466271660065,729.157921090677,170.28894157341423,66.62311897861353,97.57690745874784,1.3839392507564732,22.46279531817247,27.258625680984643,19.894592809993597,combustion_instability,123.0,140,299,combustion_instability_012
177,5065.895280868038,725.0711936919589,169.3224167894613,65.85962819852094,98.56786537722499,1.3616276735205814,21.81694396630901,27.337613984866987,20.121418242906994,combustion_instability,122.0,140,299,combustion_instability_012
178,5070.9792124571595,730.1856927797119,170.93111114616136,66.46226823717546,98.41573929643468,1.5283957074455645,21.43434176257077,27.310455973554856,20.50949124293433,combustion_instability,121.0,140,299,combustion_instability_012
179,5071.284391346787,732.5265947944205,170.19455145348186,65.76094284416175,99.36532174833873,1.2673437660725346,21.344229951143557,27.273459838256535,20.109036202328987,combustion_instability,120.0,140,299,combustion_instability_012
180,5066.092865812243,722.5791813953705,173.58305630180286,66.31176563942849,98.31411012571782,1.4325196978401704,21.512872003891513,27.364077715560704,20.023718073668068,combustion_instability,119.0,140,299,combustion_instability_012
181,5055.8705707936,729.8766166601422,170.317155380534,66.77610586871944,98.38084279337879,1.3300106955412976,21.69716535965455,27.393713764736813,19.781387226281442,combustion_instability,118.0,140,299,combustion_instability_012
182,5062.231611804456,726.9668958301564,172.35675330553718,64.84129350879425,99.35048596927953,1.3794051294004877,21.361930260470608,27.336641690580286,20.108211550301476,combustion_instability,117.0,140,299,combustion_instability_012
183,5061.704885868564,725.2372573188927,171.32575865846167,66.18761258650828,97.64028017443401,1.4221838773492934,21.44141011918109,27.32103251377776,20.390380219577906,combustion_instability,116.0,140,299,combustion_instability_012
184,5053.365496840582,727.6926118401185,172.9179383186775,64.48497170547867,98.89751370284338,1.4936586945307244,21.292804205694992,27.314811339378586,19.79155827657846,combustion_instability,115.0,140,299,combustion_instability_012
185,5055.899591019405,728.6375469449218,170.87614830374667,66.47981251630355,96.89287893042331,1.3299970373381416,21.24438474729455,27.437326596674257,20.263792143390436,combustion_instability,114.0,140,299,combustion_instability_012
186,5067.436423040791,730.6662648317864,176.4702199120516,65.31952961515479,99.33581949087699,1.546810485812269,21.42058923038684,27.434760804479964,19.81069746832801,combustion_instability,113.0,140,299,combustion_instability_012
187,5053.22350225988,729.2899271880771,172.8046991612457,66.84102402870236,98.69407295753162,1.4243327830482573,21.20917456621168,27.38282673954181,20.01870960537071,combustion_instability,112.0,140,299,combustion_instability_012
188,5056.375053835666,719.8721861817968,173.86657163770968,65.95444315872871,97.90119968292981,1.4984635173239194,21.52653533055694,27.47760440262913,20.002894683871396,combustion_instability,111.0,140,299,combustion_instability_012
189,5062.262723660222,724.7789152879852,172.910150353435,65.5490527131861,97.43574033702266,1.3856165178176079,21.460230664945886,27.408687298095316,20.333027526052625,combustion_instability,110.0,140,299,combustion_instability_012
190,5069.406338097557,733.2481439459301,173.0533223257047,65.75598133435902,97.94664910191152,1.1136291072887112,21.770226694744633,27.416225275551596,20.36362985521936,combustion_instability,109.0,140,299,combustion_instability_012
191,5067.7537661062,732.5749795919456,174.04028879612838,64.21854164129769,98.12207116927401,1.1551636896160113,21.445964931751483,27.44350337640363,19.999449136840457,combustion_instability,108.0,140,299,combustion_instability_012
192,5068.575250314803,728.7189655346937,172.6474900010556,66.74502326400695,97.81695306545856,1.4431378490520343,21.43722643589567,27.359683470421462,20.265199001654377,combustion_instability,107.0,140,299,combustion_instability_012
193,5065.337930817489,731.7741119706465,172.35657271078026,65.68512996110687,98.1379509735703,1.2633741054339087,21.582764815285916,27.5297840239388,20.234808060151245,combustion_instability,106.0,140,299,combustion_instability_012
194,5061.478715030037,720.2336801023628,172.95683376263048,66.66666456969512,97.61650122721385,1.2386770562874232,21.535708019160463,27.305262565766494,20.09252347740537,combustion_instability,105.0,140,299,combustion_instability_012
195,5072.153157532233,732.5947474381583,174.05734819963473,65.6083089031078,98.9139320263675,1.293325979814119,21.89836772668455,27.360516251863583,19.936878696631013,combustion_instability,104.0,140,299,combustion_instability_012
196,5078.89782745128,730.303375102625,170.2852707140737,66.16017575766145,99.2091542962269,1.2784270525626404,21.701807807562552,27.249358007558573,19.557589572030963,combustion_instability,103.0,140,299,combustion_instability_012
197,5082.112618122585,734.7711802738297,173.63080263850387,65.45579430751818,97.34246702945607,1.5024646840344928,22.097831812874013,27.213435985041265,20.162247379505533,combustion_instability,102.0,140,299,combustion_instability_012
198,5087.638307046027,732.5574260206259,172.3685528748233,66.74856442206541,98.8402596793321,1.3229177231541338,21.934797147411942,27.31356576239594,19.91319316252122,combustion_instability,101.0,140,299,combustion_instability_012
199,5082.924116882754,731.6359002780626,172.99566407078436,66.41615184505903,97.04110867110282,1.3406894420211173,21.65351560899476,27.231175392904913,19.965157856636935,combustion_instability,100.0,140,299,combustion_instability_012
200,5086.389577036512,738.5328720040126,173.22032469314672,65.74829456538278,98.42945385070759,1.3748558075766328,21.982909577264774,27.27247056765834,20.376541692875,combustion_instability,99.0,140,299,combustion_instability_012
201,5082.206476490261,726.9101768027765,174.17489078645588,67.03139418311262,99.58662345407087,1.4192081420406273,21.977435748707865,27.40134630898082,20.048484157522747,combustion_instability,98.0,140,299,combustion_instability_012
202,5079.544248892913,727.9670781563117,175.0470536262676,66.0922003256833,98.16440241099555,1.3905225937179302,22.01718050315595,27.332141994828792,20.374878091471288,combustion_instability,97.0,140,299,combustion_instability_012
203,5079.263576001509,735.3425818150927,170.79692561998837,65.32316315564422,99.13559575492374,1.3847683282695833,22.11904594582122,27.372665996574387,19.66871050418624,combustion_instability,96.0,140,299,combustion_instability_012
204,5085.89321722266,730.1938997458278,174.82553475744774,65.76181117552788,100.01665809821523,1.2093045038018329,21.38549085718862,27.3337564866441,20.386496442834247,combustion_instability,95.0,140,299,combustion_instability_012
205,5058.627095026931,726.7310416301079,173.92895039471705,65.09940671338973,98.91752220243465,1.247345885464709,21.59724958971466,27.371298491648023,19.926157606932506,combustion_instability,94.0,140,299,combustion_instability_012
206,5074.862546557497,731.3450257874613,172.98789696275944,66.43111691082493,98.31852999132272,1.2868489132467966,22.036932372385802,27.347090893125937,19.777739003001933,combustion_instability,93.0,140,299,combustion_instability_012
207,5071.903032120042,731.907195194291,173.02972338570302,66.81096242794388,99.8173063788434,1.1980091492607867,21.352389054517957,27.347009858031207,19.51409051694954,combustion_instability,92.0,140,299,combustion_instability_012
208,5087.940462089135,739.0195238844221,172.00627596646086,66.47785337539786,100.67460568171629,1.3346955854827816,21.951153114796917,27.26023045468629,20.09302731482672,combustion_instability,91.0,140,299,combustion_instability_012
209,5086.185669360884,732.0010327068015,174.1819260413587,65.55550640521425,98.51923533251642,1.2763962720019215,21.50072414392915,27.39772670307715,19.64371734966675,combustion_instability,90.0,140,299,combustion_instability_012
210,5080.130368957626,734.0567661257303,174.3648397233703,66.1198319936402,97.60901650969662,1.2706393484162952,21.76566246942376,27.337626846520493,19.49485125089551,combustion_instability,89.0,140,299,combustion_instability_012
211,5075.327700240492,732.52994816075,173.12679229941844,66.45334711523266,98.14209347964486,1.5560229052563237,21.533959800967676,27.392410773051612,20.53626004785567,combustion_instability,88.0,140,299,combustion_instability_012
212,5095.073178215549,732.852324757126,172.6404764004246,65.57748002103253,98.28295131235572,1.2640327973383991,22.46841304420875,27.343056798187938,20.508887662350283,combustion_instability,87.0,140,299,combustion_instability_012
213,5083.723168558137,729.5516337011481,169.4356937602771,66.66165515269313,97.25275860718045,1.2083764487654878,21.889453128354365,27.440953067889815,19.832209490969614,combustion_instability,86.0,140,299,combustion_instability_012
214,5071.632905506945,728.5867977769756,171.90054174538488,66.7479536857961,97.94956689705555,1.4042337867164285,21.484383644944977,27.43220312354147,20.016785956582133,combustion_instability,85.0,140,299,combustion_instability_012
215,5102.63391840583,733.4798898969609,174.86479037014598,66.36920039307333,99.18688965227868,1.4579094376070978,21.430741176094763,27.362103255438043,20.580524383733326,combustion_instability,84.0,140,299,combustion_instability_012
216,5066.515378082444,728.8193828847806,173.53608238895976,67.55214443439617,99.47556303321672,1.3083364154659773,22.10629522243764,27.454331334737578,19.913254692678674,combustion_instability,83.0,140,299,combustion_instability_012
217,5091.976227549363,731.3429869021995,170.99919136306542,64.99580729007582,98.55510182408548,1.4541347202193107,21.858268223731585,27.33170455102973,19.898081758861224,combustion_instability,82.0,140,299,combustion_instability_012
218,5066.062325776842,727.3202832874714,170.7607801615287,67.21268981887852,97.87850176575111,1.463526401070082,22.05186643579032,27.43736751400827,19.58640612459822,combustion_instability,81.0,140,299,combustion_instability_012
219,5078.8602795881925,736.1401346466213,173.618878730117,65.64526994284438,100.20413210679469,1.2333949591325706,21.458720374366077,27.352912215456893,20.003684798881807,combustion_instability,80.0,140,299,combustion_instability_012
220,5061.2917192129225,731.8153149736906,170.13916228123654,65.57657108917937,99.23399088769202,1.234071133149771,21.337366074571563,27.37165001227484,19.96635512043073,combustion_instability,79.0,140,299,combustion_instability_012
221,5061.2999136889775,722.9356952480487,172.44756834127466,66.36451150425455,98.04534907743914,1.3118410589246263,21.571039435307846,27.432111406482974,19.74828283009917,combustion_instability,78.0,140,299,combustion_instability_012
222,5046.858867623283,722.5413323992407,171.5435369676328,65.94862159391677,100.03754265368337,1.230843388209017,21.53701283763687,27.319167303714007,20.53169898206265,combustion_instability,77.0,140,299,combustion_instability_012
223,5050.70573777755,723.2536682669817,173.66900117570194,64.9932975254675,98.44236824985359,1.2387494024686774,21.585350120515276,27.37709408183855,20.00870568372822,combustion_instability,76.0,140,299,combustion_instability_012
224,5072.401344249181,731.5216215109563,173.8442268801902,67.73931194511641,95.44337401719697,1.2589107828769999,21.74703504590058,27.385064431690246,20.18218263640729,combustion_instability,75.0,140,299,combustion_instability_012
225,5038.637086713266,725.1094469073848,172.45398667593457,66.55814438787597,99.17144738025341,1.218332045049762,21.752714359198183,27.35962496941918,20.25829582437254,combustion_instability,74.0,140,299,combustion_instability_012
226,5048.911267420415,728.0597233009535,171.4635885443202,66.25336795145279,98.70713190478997,1.2246114960773393,21.23649145597756,27.279296767475717,20.008922805950426,combustion_instability,73.0,140,299,combustion_instability_012
227,5031.363871335206,730.528298805977,172.64711588931664,65.28815193660895,96.08310335626355,1.1731201142975063,21.38792963286621,27.189965544079953,19.708127040165785,combustion_instability,72.0,140,299,combustion_instability_012
228,5047.897666117792,724.0137319298537,174.2550485077385,65.89237977171757,98.20778883288271,1.2467026540786288,21.488409350797042,27.29941612404276,20.081393107442697,combustion_instability,71.0,140,299,combustion_instability_012
229,5056.7784241523495,727.4218610048227,170.15949159186493,66.03282044639833,98.03642768800128,1.2511889734282036,21.4054078029119,27.378394971105127,19.51599606890008,combustion_instability,70.0,140,299,combustion_instability_012
230,5057.467136266749,732.176205240236,173.6258496773775,65.42676041369789,98.48719391838748,1.3766686346231234,21.796637912846492,27.370056624745494,20.144441411126646,combustion_instability,69.0,140,299,combustion_instability_012
231,5065.258448841816,727.8873533810632,176.57101340237767,66.32482954440958,98.2446319923406,1.3686073804349372,21.97751017388768,27.339442898099424,20.12386726488284,combustion_instability,68.0,140,299,combustion_instability_012
232,5028.238384292645,715.5371133594612,172.17072457898186,64.92012091970886,97.32853535106386,1.359642279912803,21.542329042780953,27.343464220082858,20.84014986899969,combustion_instability,67.0,140,299,combustion_instability_012
233,5041.060119687335,722.0098174135636,171.0095285451882,66.11684939038211,97.84855303784185,1.3873703755629714,21.640282994367304,27.227156155625604,19.95051520857627,combustion_instability,66.0,140,299,combustion_instability_012
234,5041.5272800661005,727.2705064118784,169.95654312652016,64.93299450595097,98.19441235386394,1.2956055473610435,21.643600818726583,27.2667058364795,20.2320325985796,combustion_instability,65.0,140,299,combustion_instability_012
235,5052.66178175279,730.1332066861785,173.54479342166508,66.80520758632484,98.73935916983893,1.2632401721603104,21.64828454932704,27.27935310950367,20.611984878128204,combustion_instability,64.0,140,299,combustion_instability_012
236,5044.790303362969,721.7229409466278,172.03754453544371,65.0974492320122,99.02399865184441,1.31431103922592,21.19482299707504,27.165207403309797,20.913998424507817,combustion_instability,63.0,140,299,combustion_instability_012
237,5049.965760404722,719.4802382022357,169.65656162567785,65.85283422775964,98.38099698175529,1.4046360886594846,22.203339454586782,27.209122086855878,20.376635907597727,combustion_instability,62.0,140,299,combustion_instability_012
238,5056.517740293617,722.969941424713,172.06836219522063,66.06545272527951,98.335605939112,1.597232774955594,21.04076539017832,27.154249977640454,19.753519489742438,combustion_instability,61.0,140,299,combustion_instability_012
239,5056.06188322698,724.3062391676775,170.05867755089062,64.21431536014575,98.41442784671698,1.255102054302448,21.676502126486564,27.22441747440878,20.371520080757108,combustion_instability,60.0,140,299,combustion_instability_012
240,5063.531626062728,726.2541840593036,170.32832840048997,66.07600984505588,97.51754272676014,1.3930039737853557,21.420864620675285,27.211785878049238,19.58311256561046,combustion_instability,59.0,140,299,combustion_instability_012
241,5010.956465439327,711.3520287144893,173.01725563974117,64.98111304227312,99.01731683631581,1.3063942813082519,21.526735423500757,27.20582305938051,20.163192392366263,combustion_instability,58.0,140,299,combustion_instability_012
242,5053.598855557434,725.3122522335484,171.65705577081866,66.14760825331369,99.07904974715998,1.3337173413508456,21.265038539803154,27.21603350139273,19.96826230885262,combustion_instability,57.0,140,299,combustion_instability_012
243,5056.270452359629,731.9029623614564,170.459347274179,66.7285355381513,97.9670213335974,1.4115604898542702,21.296861680899703,27.185832847417384,20.25659497586044,combustion_instability,56.0,140,299,combustion_instability_012
244,5042.062962546396,726.1506612031676,169.8123694099236,66.132832649516,99.64803198276314,1.256412043721325,21.133512958471023,27.197408559313953,19.849820307202336,combustion_instability,55.0,140,299,combustion_instability_012
245,5046.788977929528,718.3485901115183,170.98661425064694,65.95607684207843,98.60045592805567,1.393755882475066,21.473052443267477,27.208898108576747,20.01453760402338,combustion_instability,54.0,140,299,combustion_instability_012
246,5010.276226257274,718.3073911367942,171.22693041673517,65.48632050517402,97.09130752141844,1.469321315169897,21.212191493091964,27.205027948144032,19.96661140822266,combustion_instability,53.0,140,299,combustion_instability_012
247,5048.027389492986,727.5497423881212,172.18806414916278,66.1445956671427,97.64352332936863,1.4250290666531065,21.80637549315768,27.238266582559376,19.92113264360567,combustion_instability,52.0,140,299,combustion_instability_012
248,5057.041383860716,724.786487263047,170.91529565126189,64.48160093148883,97.00746018199789,1.086756272628452,21.115138593475212,27.208733744022663,20.192736229034953,combustion_instability,51.0,140,299,combustion_instability_012
249,5044.636991563371,718.6445389120178,169.14925741477677,65.365586983183,99.4504410067145,1.2708001144944794,21.577115229012087,27.19257251330012,19.82956022897961,combustion_instability,50.0,140,299,combustion_instability_012
250,5072.328161274744,735.9135307950847,172.61423858780577,64.93071705269423,97.22557798196988,1.3815481731250194,21.366483153215846,27.205086514595745,19.526342994176026,combustion_instability,49.0,140,299,combustion_instability_012
251,5070.055244577265,732.1214921495448,170.54597344235734,63.93692800552331,100.10600860821063,1.4737752797163737,21.15286328006001,27.239822273792814,19.99262837830491,combustion_instability,48.0,140,299,combustion_instability_012
252,5039.747918704956,724.8879092064036,173.89895792285495,66.04360868930307,96.3443691944572,1.3821592168898675,21.318404494323676,27.176193849759127,20.30741266113268,combustion_instability,47.0,140,299,combustion_instability_012
253,5016.553006774002,721.4339727234906,173.59873894208923,65.30594516049278,97.684060795827,1.2756529815147386,21.52112681593141,27.18192111117908,20.533331865190842,combustion_instability,46.0,140,299,combustion_instability_012
254,4968.852523825016,709.136478344986,171.53997797350158,65.0715946412191,99.40204015254149,1.2867873015178026,21.464006325451876,27.09841614807491,20.098548383795894,combustion_instability,45.0,140,299,combustion_instability_012
255,5047.8008898258,733.3067692342103,168.97886550230018,66.17753210727929,97.3477237779147,1.3289290260806355,21.250981724514997,27.255104898125584,20.0268575935308,combustion_instability,44.0,140,299,combustion_instability_012
256,5002.9998168339735,715.6685729181175,172.5039433749862,65.71811988529788,97.63525168841613,1.07381621151082,21.66122967303406,27.155885786016945,20.10775047592104,combustion_instability,43.0,140,299,combustion_instability_012
257,5004.727042581635,718.6776236463128,171.7919770602714,64.31093072083205,98.184754377393,1.4170138147160811,21.279333463039027,27.240522960226574,20.390717282015007,combustion_instability,42.0,140,299,combustion_instability_012
258,5066.889935905229,731.4087933866327,171.10985703178926,65.06866480133827,98.8192461594573,1.242906170375868,21.456288007501442,27.23163425997254,19.56731267458415,combustion_instability,41.0,140,299,combustion_instability_012
259,5053.222371358068,732.892125986416,170.19824336647667,66.00883475704754,98.20101283805202,1.3096241098433876,21.11021908261675,27.213926036380965,19.7151653143038,combustion_instability,40.0,140,299,combustion_instability_012
260,5025.005333786938,726.0576294192772,171.87556933706063,66.49244823645552,97.05370099334944,1.2490538608708155,21.008396749460104,27.193000654814664,20.059200212308006,combustion_instability,39.0,140,299,combustion_instability_012
261,5031.426675322411,735.2921601908349,172.77499550947306,66.09809791956964,96.76072500167852,1.2205764072053757,21.66427402565686,27.09839417652976,19.980186490094635,combustion_instability,38.0,140,299,combustion_instability_012
262,5047.159798476687,729.0076461448367,167.27530077986665,66.5673920021939,98.02918879968797,1.1487105746567634,21.00355107464099,27.147964780286483,19.330804284340566,combustion_instability,37.0,140,299,combustion_instability_012
263,5008.0212139998885,712.9043940322647,172.37803157255672,65.73888468090786,97.4519272228633,1.371733969700552,21.340704971592697,27.154887305487904,19.821692865020744,combustion_instability,36.0,140,299,combustion_instability_012
264,5096.775005209953,741.7014217057111,169.78463511678444,64.87066013150383,97.8710354967623,1.1527005671452644,21.02670138288101,27.078967823346712,19.981192576562492,combustion_instability,35.0,140,299,combustion_instability_012
265,5071.337984019419,733.469221970183,170.5539070135576,64.82442288319567,96.1679895891392,1.2872232321003272,21.02213626606867,27.1370810807945,19.905189255177792,combustion_instability,34.0,140,299,combustion_instability_012
266,4967.882120969574,708.0755612735335,168.44811498962554,65.82047399028043,98.95006150227006,1.2609619536629884,21.637268247261446,27.06228243126481,20.10017655131069,combustion_instability,33.0,140,299,combustion_instability_012
267,5028.195655746302,728.1209899595892,171.44236859220237,65.96502927200159,98.12849933413352,1.312650722394789,21.375609576291957,27.190526612368043,20.27155460993662,combustion_instability,32.0,140,299,combustion_instability_012
268,4965.10284174999,707.572856098842,170.07723911130108,65.13984637101326,95.51967116502495,1.382067605020485,21.5695483083206,27.23685326272574,20.265759252378015,combustion_instability,31.0,140,299,combustion_instability_012
269,5070.012413630179,731.3721455884981,168.88488897482415,64.81674964496156,97.42032609296133,1.1670246860176736,21.33885020988832,27.081668426271815,20.201672171922358,combustion_instability,30.0,140,299,combustion_instability_012
270,5077.357695248204,729.3152737764543,170.69543997764896,65.89642911240372,97.35983864068136,1.2624318494068079,21.46857401528824,27.152975156437755,20.12931974668647,combustion_instability,29.0,140,299,combustion_instability_012
271,4961.9148308951735,705.9884290823151,172.28862045978357,63.88748113708273,99.17436371642425,1.1366805743740438,20.98943540408056,27.048327672214317,20.032534520184218,combustion_instability,28.0,140,299,combustion_instability_012
272,4976.187792803593,711.6552054579266,170.03690590618893,64.79839208498414,98.93297214299339,1.2048098323132692,21.509327495679347,26.965917279020136,20.147971731788964,combustion_instability,27.0,140,299,combustion_instability_012
273,4964.9998372141235,704.3161188146706,169.2668962262819,65.72491594359548,98.2249772130451,1.3697876907115498,21.41442718413705,27.069260795347834,20.32847455169725,combustion_instability,26.0,140,299,combustion_instability_012
274,4983.788648748741,714.2936326355488,169.1291021264348,64.85746044075782,97.40623924397404,1.1590240046442788,21.780114020961406,27.051611932367695,19.313205004390415,combustion_instability,25.0,140,299,combustion_instability_012
275,5129.390411999901,742.7029097400061,171.7009233099595,65.03723084825657,98.49081450457206,1.4283347144145184,21.199168600356472,27.078995191781804,19.590917428061697,combustion_instability,24.0,140,299,combustion_instability_012
276,4962.861844222618,711.3870810110384,171.3710346008938,65.36434669797389,98.7813091135466,1.2201574762327525,21.31685201561694,27.034453458989503,19.95462027873259,combustion_instability,23.0,140,299,combustion_instability_012
277,5097.287254943904,732.3848057896894,171.28898436049633,64.98687828248735,99.85570253570945,1.2459048208691281,21.690436835209358,27.017369020151495,19.828180270351666,combustion_instability,22.0,140,299,combustion_instability_012
278,5068.962864272592,735.9578932425416,170.02812760116677,65.29149297076609,100.62896242361167,1.5060956399382677,21.24538456529147,27.004168628589227,20.079956043255997,combustion_instability,21.0,140,299,combustion_instability_012
279,5012.410831504336,720.2799009316909,171.93067715366578,65.82768385926806,97.28943378319681,1.2105225449770842,21.06160150511803,27.014620428993968,20.090695411935684,combustion_instability,20.0,140,299,combustion_instability_012
280,5070.827534171903,725.6934707166793,170.181340090946,65.66829301708113,96.21866487177063,1.361966148028999,21.326349424546052,27.10006643461248,20.67360206330559,combustion_instability,19.0,140,299,combustion_instability_012
281,5046.171325941061,725.5723798280144,169.66539901524112,64.87618864722947,95.74263469215568,1.2243706230077627,21.669970710752274,26.986465433358216,20.521566473207763,combustion_instability,18.0,140,299,combustion_instability_012
282,5022.210056375876,723.1505414466162,170.11922791698692,64.31818118808195,99.15222124611428,1.2038331046245159,21.402567816801778,27.10526301969274,19.839295571626614,combustion_instability,17.0,140,299,combustion_instability_012
283,5013.11264262681,719.5396676142625,172.5120043346982,65.36333173082552,99.02307343004995,1.3087749350791882,21.52947903106142,27.097117737148846,19.740077642196123,combustion_instability,16.0,140,299,combustion_instability_012
284,5069.136262712625,728.553240550617,170.62378280520014,67.04821584645367,98.52286430898774,1.1430576749335197,21.53405075652385,27.04675590537312,19.91976121533627,combustion_instability,15.0,140,299,combustion_instability_012
285,5060.8245250905275,732.6216961678793,171.73812084552696,64.56124031388548,96.91917634384104,1.3470841416118144,21.530745945573855,27.053821215794812,19.807778931238847,combustion_instability,14.0,140,299,combustion_instability_012
286,5017.570555308955,722.782452135444,169.1741350535886,66.02950670289286,96.39275618981902,1.321581205811119,21.22804431174919,27.00917617307262,19.828322790546785,combustion_instability,13.0,140,299,combustion_instability_012
287,5071.202672310107,732.1198945373177,170.45810528055478,65.5649606423497,98.02695693018438,1.1931634094780745,21.077233686796458,26.996237885203065,19.84538849730071,combustion_instability,12.0,140,299,combustion_instability_012
288,5090.641695499212,738.1242387095136,168.57392922537983,64.70245129768033,98.14586167560272,1.2077102473397194,21.005082068401727,27.06963400165727,20.11221984456672,combustion_instability,11.0,140,299,combustion_instability_012
289,5016.436257484512,728.0550373347987,173.16725168079228,65.85439429527935,95.60340206245448,1.497089849922791,21.009821986429106,27.050015304761427,20.422779557216888,combustion_instability,10.0,140,299,combustion_instability_012
290,4976.402584369501,711.4712438657414,171.35169306504463,64.72743149710313,98.0465814995083,1.2352320842814617,21.012318793931176,26.992751823584474,20.34542313002556,combustion_instability,9.0,140,299,combustion_instability_012
291,4995.422419521257,721.3473774960154,168.16156480041226,64.95370282393377,99.28747951349848,1.2681035341921103,21.35313047167613,26.95545337755659,20.410429345824706,combustion_instability,8.0,140,299,combustion_instability_012
292,5098.831458909432,738.2108592504596,173.1584219177871,66.50568129084428,97.80309722312559,1.3801098576452657,21.33545237670174,26.95577160274891,20.413993376381065,combustion_instability,7.0,140,299,combustion_instability_012
293,4983.544644116203,721.4153470043135,169.38784923986063,66.07247503741007,97.78165586104353,1.2350686273386864,20.668695523822606,26.989855278730165,20.274119533802274,combustion_instability,6.0,140,299,combustion_instability_012
294,5030.201906553249,724.0654719604073,171.18063441960814,65.17748186198072,98.8623154186221,1.2557340738514808,21.420762887448962,26.993482611928822,19.745806767189283,combustion_instability,5.0,140,299,combustion_instability_012
295,4949.4692836182285,707.3558562657868,171.2328957106133,65.59108497454946,97.6437776188258,1.2083984770506364,21.30226299582802,26.9900316068255,19.584015963972192,combustion_instability,4.0,140,299,combustion_instability_012
296,5098.266263882946,742.0191713084256,171.0218681086568,65.34900107442246,97.66270279743581,1.3007559413763785,21.48086844627003,26.944898105457067,20.287216801366142,combustion_instability,3.0,140,299,combustion_instability_012
297,4921.00215708525,701.9818344346882,168.92519081363028,65.27282886072351,96.87499244132208,1.2982050912233873,21.521226229185213,26.9396396170958,20.591980335605506,combustion_instability,2.0,140,299,combustion_instability_012
298,5007.647147192737,718.6845976745319,172.52245959054204,65.12139638436719,97.74318833828642,1.1222425698961338,21.049728541750177,27.030428067854217,19.782482562181514,combustion_instability,1.0,140,299,combustion_instability_012
299,4937.1368081233795,703.4826510986474,170.47505028428657,66.29111584603902,97.69654164584605,1.1998371139997581,21.236869031601895,26.934357337941783,20.49094784846456,combustion_instability,0.0,140,299,combustion_instability_012
