timestamp,rpm,egt,cht,oil_pressure,oil_temp,vibration,fuel_flow,battery_voltage,injection_timing_deg,fault_type,timing_fault_direction,true_rul_timesteps,fault_onset_idx,failure_idx,flight_id
0,5001.755611339056,727.8396678842539,170.43600636819767,64.72209129754046,97.85181738526457,1.2918914214830248,20.94381320740385,27.649724588971083,20.0387383495242,none,retarded,299.0,130,299,injection_timing_fault_000
1,4999.150015229197,718.4249901597857,171.3566624033126,64.91204685321607,98.27807177717656,1.3064025219530104,20.855561043504544,27.789011045390676,19.868464614770627,none,retarded,298.0,130,299,injection_timing_fault_000
2,4996.792321260266,720.4750263811468,168.49975150474964,66.40518601779264,98.17021001991095,1.3545835293390769,21.009704912733554,27.748924124039444,19.9546590546921,none,retarded,297.0,130,299,injection_timing_fault_000
3,4993.067598829011,718.9875911346911,167.88164755745538,64.25582992194323,98.24977595710519,1.3547693604600977,20.75035992129337,27.770248708386294,19.66954486476191,none,retarded,296.0,130,299,injection_timing_fault_000
4,4990.121816369896,717.7582901856227,171.49277743108829,64.55045496851523,95.1901471362529,1.33229407343272,20.594807156028196,27.81432930420128,20.33706787267987,none,retarded,295.0,130,299,injection_timing_fault_000
5,4991.66859819738,713.8637883695311,170.13123916780307,64.99178873998822,97.22958351057639,1.3677070966477358,21.10912998669155,27.752349960314174,20.200862872542903,none,retarded,294.0,130,299,injection_timing_fault_000
6,4989.292302406728,718.7712859754729,170.9769392986327,64.12939675479025,95.77070524984127,1.3708913559711038,20.89912179401388,27.652275634488237,20.213056643975964,none,retarded,293.0,130,299,injection_timing_fault_000
7,4988.9955721069855,723.4712597806702,167.7525934274281,65.1831684540201,96.36771945658212,1.2997692026468386,20.631967178912877,27.61847155771727,19.87524327960757,none,retarded,292.0,130,299,injection_timing_fault_000
8,4990.758421463279,718.3721783811444,166.58570917930305,64.70844342079678,99.12915626391548,1.1626537358726081,20.733241120772846,27.639610852030014,19.816506776790074,none,retarded,291.0,130,299,injection_timing_fault_000
9,4988.31193644079,719.8937655788909,169.04277725711356,66.20923931888953,96.19298089294342,1.0991867118613494,20.973978950631285,27.694871784077918,19.463961055546275,none,retarded,290.0,130,299,injection_timing_fault_000
10,4984.768007107084,717.1113550517224,169.68574401500504,63.34752210417969,96.6007135164146,1.1818314170624609,20.93800348633441,27.598464357709133,20.166509394454973,none,retarded,289.0,130,299,injection_timing_fault_000
11,4989.40370283112,712.7105504946014,170.53611081658886,65.84212902999164,95.84874382686692,1.348733830298364,21.194249750037823,27.663083493472353,19.809070375326694,none,retarded,288.0,130,299,injection_timing_fault_000
12,4991.28033147664,712.6849884446995,172.76286132956926,64.65929980498629,96.79550651690646,1.2783663933681835,20.730223308040156,27.695874321628615,19.758951798075383,none,retarded,287.0,130,299,injection_timing_fault_000
13,4992.539271137577,722.7386804312929,172.5246182607443,65.42656824319576,98.16728490069279,1.0876299630016804,20.79951486711415,27.573100462664097,19.84943954538606,none,retarded,286.0,130,299,injection_timing_fault_000
14,4988.479302444872,720.7785018397817,169.4350952817504,64.68481217156024,96.85759853750919,1.2126858315508993,20.39604657662865,27.588606666482846,20.050623879595744,none,retarded,285.0,130,299,injection_timing_fault_000
15,4994.329490219672,718.1832521676009,169.70084496131716,65.25378089205388,97.0314426428344,1.259812058103275,21.063187378169197,27.633074046096976,20.215252894958294,none,retarded,284.0,130,299,injection_timing_fault_000
16,4991.581396393675,722.155883775076,171.2266927364294,63.024310741265715,97.45954970555935,1.2383610434452377,20.70922008757074,27.694359906513014,20.03090663812087,none,retarded,283.0,130,299,injection_timing_fault_000
17,4991.535145044175,716.7379112505702,169.44106200037695,64.55332428873174,97.7649034023345,1.2858830124299983,21.142256539929377,27.672492429043093,19.756107951078775,none,retarded,282.0,130,299,injection_timing_fault_000
18,4994.957720286373,722.6561220781247,169.10190465907877,66.31134308125463,98.97965306122937,1.2592772385781823,20.701613662313854,27.475031736054017,20.24303299583369,none,retarded,281.0,130,299,injection_timing_fault_000
19,4995.245903200507,720.9508707337118,167.21756301213782,64.6164584312467,99.13794702745902,1.3593827820024695,21.42263853891745,27.57453177810284,20.248955577742905,none,retarded,280.0,130,299,injection_timing_fault_000
20,4999.098532056012,720.7008496113089,169.52719532616953,64.46217466945038,97.53986643231126,1.2763465386419606,21.273903949960996,27.5353233532428,20.028449751117915,none,retarded,279.0,130,299,injection_timing_fault_000
21,4999.527441717195,724.0141833196918,168.70956380121453,65.90395098021786,97.33684757152554,1.1739831865150512,20.9930259836326,27.644772946314895,19.847306587363672,none,retarded,278.0,130,299,injection_timing_fault_000
22,4991.174353168981,721.7921184627585,167.7377598216978,65.16972011105071,98.28901245694097,1.1303614227033172,21.12504424046519,27.655138956473355,19.94400684042228,none,retarded,277.0,130,299,injection_timing_fault_000
23,4992.61368104688,719.8430380251169,171.42697104960067,64.10289786560703,97.90878645899353,1.0714385114336387,21.157993154360405,27.672367311111827,20.215564550249557,none,retarded,276.0,130,299,injection_timing_fault_000
24,4990.677754073182,722.5537211306629,170.79344820158366,65.21658810756772,96.2130634108442,1.4302583882048996,20.875678976397598,27.607924113531087,19.94685610056933,none,retarded,275.0,130,299,injection_timing_fault_000
25,4997.079530133505,719.159527500899,173.0000271802933,65.03253125816171,96.2282074175233,1.3341583257891019,21.030984621374213,27.591225120912505,19.93433366667418,none,retarded,274.0,130,299,injection_timing_fault_000
26,4997.584473267125,718.1328003644616,171.70601834035782,63.84349308980101,97.83818925029205,1.3966215536061688,21.375508188072416,27.576916293388965,19.818081749437802,none,retarded,273.0,130,299,injection_timing_fault_000
27,4998.437062311727,717.7702320850011,170.0102382599006,63.2668200665036,98.14234252980245,1.302187751637964,21.183068399448704,27.712576128639533,19.96432334361588,none,retarded,272.0,130,299,injection_timing_fault_000
28,5001.905912377817,717.1961353690882,169.61297811879015,64.08331059979412,97.90366830291276,1.325199554257734,21.041691772970797,27.635004834087415,20.363069029750633,none,retarded,271.0,130,299,injection_timing_fault_000
29,5001.9997574484005,722.4531066241544,169.01745115474026,64.4501038608813,98.06888193803807,1.2995810250836664,21.61554816509986,27.60455069395679,20.675754393904988,none,retarded,270.0,130,299,injection_timing_fault_000
30,4998.494243890469,723.4286428727667,171.77010251863368,64.67590990256777,95.66577541620498,1.3284764595377385,21.11971000402581,27.608271520480738,20.00018257525278,none,retarded,269.0,130,299,injection_timing_fault_000
31,4995.79830549465,716.5001805197699,171.8990587010171,65.13348510563863,96.74402700754962,1.4084561080320643,21.145392908704046,27.66399049437305,20.04082618614272,none,retarded,268.0,130,299,injection_timing_fault_000
32,4999.399016157903,720.0709083190033,170.92353491896668,64.75820584710019,98.01029698046074,1.1557682420164015,20.785132532201466,27.71714975661215,19.90346780121141,none,retarded,267.0,130,299,injection_timing_fault_000
33,5001.471884425599,718.3548260871324,170.0790708411944,65.30073427119441,96.68405117660684,1.0832297583004862,20.834259268579743,27.632528290475868,20.04290430142136,none,retarded,266.0,130,299,injection_timing_fault_000
34,4997.989577064753,716.2536587610067,169.2316971780867,65.01868857895671,96.62644016921418,1.1399379296913066,21.223287009988802,27.637524614167866,19.662697176838055,none,retarded,265.0,130,299,injection_timing_fault_000
35,4993.444581482118,713.7943700394359,175.1460078768613,65.48376564786709,96.87254110988823,1.1770783577901234,20.980163306355927,27.61477460714945,20.16611279644058,none,retarded,264.0,130,299,injection_timing_fault_000
36,4991.206697035234,716.9039290719426,169.51494123129086,64.70442430899544,97.4724216842354,1.149198867417788,21.053388281702595,27.681242683909712,20.052762409675438,none,retarded,263.0,130,299,injection_timing_fault_000
37,4989.820988647707,718.9789466885401,170.79034850250642,64.45118352835341,97.48096468979814,1.2297814601243022,21.085714438077485,27.578460691796185,20.18723647591041,none,retarded,262.0,130,299,injection_timing_fault_000
38,4992.530950316906,719.4464703700946,169.2064361953626,65.9660029677701,98.48930369819281,1.1627885938475222,21.013051796333187,27.655215853137925,19.59904868177427,none,retarded,261.0,130,299,injection_timing_fault_000
39,4991.119209858612,718.4042907081955,168.47848755108518,64.49216587042707,96.49142761874813,1.18880319477378,21.159573982909862,27.636824903951894,20.22789619900538,none,retarded,260.0,130,299,injection_timing_fault_000
40,4995.2725000633545,720.8230419416849,169.6798182606943,65.0249341559912,96.59544008057065,1.2051105523976962,20.92657277929047,27.5633160256812,19.857918634507154,none,retarded,259.0,130,299,injection_timing_fault_000
41,5000.102333014212,717.5782821073697,171.19436355285225,64.18435025101682,98.49249142945241,1.366256829964361,20.961006897491668,27.623324411261077,19.9762039216221,none,retarded,258.0,130,299,injection_timing_fault_000
42,5000.032034195762,721.489825521323,171.0952104564345,65.72514237887579,98.53794449566779,1.221904240174942,20.959748027418723,27.548166345965953,19.967863000177708,none,retarded,257.0,130,299,injection_timing_fault_000
43,5001.7966533803565,724.7770130766281,168.68849277144565,65.55814315432903,97.62347264010688,1.229425085708691,20.971879135811637,27.6324221704525,20.012297648826042,none,retarded,256.0,130,299,injection_timing_fault_000
44,5002.216816265934,720.8655766396852,168.90487024430553,63.7432264516213,97.98117700095997,1.233944695901338,21.352709023529233,27.539167838578376,19.960857563331537,none,retarded,255.0,130,299,injection_timing_fault_000
45,5006.282506412702,716.7527372232657,170.21278919228348,64.9150360962191,99.62743949620832,1.0343586536646723,21.05838706730206,27.574271685909913,20.225318707373532,none,retarded,254.0,130,299,injection_timing_fault_000
46,4998.237652399081,720.114632426351,166.80477773310332,65.36498110812688,97.02994402322125,1.452214448871789,21.173927449949307,27.608561813369437,20.07134914082431,none,retarded,253.0,130,299,injection_timing_fault_000
47,4993.7723857502515,719.2168651724382,169.62350365548212,65.60540208735885,97.41272153430478,1.5057155645606832,21.256065746845135,27.681824031258586,19.731360344828303,none,retarded,252.0,130,299,injection_timing_fault_000
48,4993.011534424304,718.8157376255873,171.1890381818525,65.36977664836992,96.69674188162418,1.4072007254685401,21.2183101527972,27.686752010978807,19.366113914066407,none,retarded,251.0,130,299,injection_timing_fault_000
49,4993.341315635929,720.7065281525286,167.1241382914894,64.86550841438455,97.57683934130493,1.3141023911624228,21.322096127048912,27.612645196251304,20.145619692703676,none,retarded,250.0,130,299,injection_timing_fault_000
50,4995.918826824632,724.0948655555103,169.83399292412247,64.69337251562578,96.77296930153655,1.2710072044536753,20.7987555539798,27.612273915131784,20.05958078312584,none,retarded,249.0,130,299,injection_timing_fault_000
51,4996.0840900808325,723.1703258783523,171.8953903155222,65.20263345263359,96.69345146871247,1.2549689631058385,20.61588656114321,27.675761389863307,19.85755384308667,none,retarded,248.0,130,299,injection_timing_fault_000
52,4989.946958775912,713.9240662212198,169.92351871278603,64.62856012587665,97.51325210450919,1.4241150456228246,21.035463113929463,27.77335452308157,20.385159436233604,none,retarded,247.0,130,299,injection_timing_fault_000
53,4991.625559831056,724.3553490377008,171.03331216018614,64.67701040579936,96.85324012355251,1.3925382254825935,20.72056121876357,27.716965068751353,19.894532404477317,none,retarded,246.0,130,299,injection_timing_fault_000
54,4998.8207510011225,718.9950763663016,166.8495136541602,64.02639169134403,98.2558075758805,1.1289442907650333,20.933022969059746,27.689413052189895,19.948271484233853,none,retarded,245.0,130,299,injection_timing_fault_000
55,5000.132585895696,718.5559317010741,168.9782689032996,64.36251617904166,97.23095368176851,1.400226577598069,21.002245887667804,27.69943806136286,20.16165894583926,none,retarded,244.0,130,299,injection_timing_fault_000
56,4999.6084935300805,719.4475344508895,167.94788972623422,63.61277893177675,98.19677003003571,1.2605648410856793,21.027680525659274,27.74012034897371,19.5878012925575,none,retarded,243.0,130,299,injection_timing_fault_000
57,4993.559264845401,712.4651923975104,168.07861799790524,64.06274626853607,97.6535530209447,1.213696625302716,21.237016407782168,27.641514510295902,20.17990314639172,none,retarded,242.0,130,299,injection_timing_fault_000
58,4992.649854722425,719.195690007321,172.99652121900735,64.2149688723659,96.59434067700387,1.2005556704716815,20.821359131632235,27.742415340461882,19.87002150959014,none,retarded,241.0,130,299,injection_timing_fault_000
59,4990.11014133021,716.5529493911288,170.4238141413022,64.69076456694566,96.22834378800351,1.4626382892870051,20.774427493977704,27.732390959403098,20.216493600726853,none,retarded,240.0,130,299,injection_timing_fault_000
60,4992.334758354199,717.3552579640829,168.674466954239,65.16392994126979,97.54945690950488,1.3288285708612741,20.67482796393083,27.791583292594133,19.966649378416456,none,retarded,239.0,130,299,injection_timing_fault_000
61,4993.703328243406,718.7705274041404,168.61337150153807,65.6659490882176,98.29427593479254,1.12323346464056,20.719312620301473,27.73273455144542,20.25062923859596,none,retarded,238.0,130,299,injection_timing_fault_000
62,4995.680337275218,716.7583266142093,169.16803112213017,64.06402429028874,99.46563289701227,1.118962624827418,20.84643561027685,27.706304729243396,20.075105125557183,none,retarded,237.0,130,299,injection_timing_fault_000
63,5000.226150943435,721.9835012757417,170.66289736711315,64.76048488384441,97.0548962010219,1.2678586419732958,21.268065534297655,27.7593045823783,20.337268921278053,none,retarded,236.0,130,299,injection_timing_fault_000
64,5009.947465612807,722.7389045482881,169.61233694675224,65.30076565227097,96.89514426699577,1.1204846782945317,21.34100002706869,27.638484979210173,20.1504690360348,none,retarded,235.0,130,299,injection_timing_fault_000
65,5007.79087215835,721.988019099543,167.55747517422338,64.42680933588521,98.00430543758876,1.2289220525792104,21.203663743297724,27.669570619040634,20.182516578387002,none,retarded,234.0,130,299,injection_timing_fault_000
66,5005.267440622093,716.9541105531135,170.73146411632214,65.17411550571218,97.096613049551,1.2637303406098332,21.331924227963103,27.6153531766123,20.052941640953325,none,retarded,233.0,130,299,injection_timing_fault_000
67,5007.203967376851,721.624456798486,170.99365253694467,64.3342152684059,97.70366088221915,1.156749361070168,20.876118347911287,27.6346915041178,19.995405954868534,none,retarded,232.0,130,299,injection_timing_fault_000
68,5009.6213864770525,721.4283174818299,168.42037455871926,65.28817525994567,96.89768494153796,1.266230411806279,21.063720946099526,27.616097439287966,19.74553010606096,none,retarded,231.0,130,299,injection_timing_fault_000
69,5014.569996864669,719.3268063264394,171.33679843521463,64.87870747194215,98.86292178391643,1.1317899270418565,21.303562601979433,27.73420307642144,19.66784545775621,none,retarded,230.0,130,299,injection_timing_fault_000
70,5014.943953077009,715.0672611138625,171.39094306740458,65.14191886882348,95.58273856774062,1.3151850145413106,21.148829635207242,27.776696141047527,20.245896086572266,none,retarded,229.0,130,299,injection_timing_fault_000
71,5013.970079315869,724.690544681698,171.39894550237136,65.66291301575151,98.00005858640039,1.4044598710440077,21.309533680062966,27.86086166995789,20.230050373328684,none,retarded,228.0,130,299,injection_timing_fault_000
72,5011.7688485834315,723.8496758039009,173.73830768765063,65.60799138154565,96.84246104451985,1.3225018032414715,21.158830126245583,27.790401123782754,19.787922615073555,none,retarded,227.0,130,299,injection_timing_fault_000
73,5011.140496553875,721.5025574683654,171.94786178273023,64.08677210439873,97.86930898431184,1.4187701691432633,21.36324470838621,27.845314593400907,20.157541422876484,none,retarded,226.0,130,299,injection_timing_fault_000
74,5009.352125614502,725.0371257677805,169.70351970532076,64.7517123738344,97.9164762818267,1.137390286641349,21.429196523584167,27.819255287044804,20.01327934636622,none,retarded,225.0,130,299,injection_timing_fault_000
75,5005.614352241748,720.6094241820833,173.05666018036425,64.22950458936553,97.07189156367782,1.247583943639094,21.174760037334085,27.74684591664947,19.54355415068937,none,retarded,224.0,130,299,injection_timing_fault_000
76,5004.5383868949375,721.2510281708637,168.87310697203588,64.97168885603918,98.61613261287332,1.31433130096206,21.036863264969067,27.78210873238996,20.626213885076158,none,retarded,223.0,130,299,injection_timing_fault_000
77,5010.650649801926,718.2642661391029,169.65155181865026,64.3606158203138,98.40056152009588,1.2068885996494807,21.17904894775329,27.758454672126415,19.632770077199716,none,retarded,222.0,130,299,injection_timing_fault_000
78,5012.757967293261,721.4006297921338,170.53403916541902,64.13354404857469,97.51587115432768,1.169452437301887,21.25017724778658,27.73980021567234,20.322472348634285,none,retarded,221.0,130,299,injection_timing_fault_000
79,5015.740708840469,723.2608181178455,172.83358024223273,65.4075099788718,98.06724539717685,1.1834997525547903,20.73675895871791,27.696330487252315,19.432680115148425,none,retarded,220.0,130,299,injection_timing_fault_000
80,5018.949640147857,723.568913248432,169.11419806269666,66.36007545273337,97.2712140344938,1.259491059016928,21.242654303597437,27.61863704212609,19.602407196644876,none,retarded,219.0,130,299,injection_timing_fault_000
81,5021.449840596434,724.5754551902814,172.3895645634355,65.75760634809335,100.23080926784513,1.3157871019061833,20.919994645900058,27.669763650158846,20.32582418327387,none,retarded,218.0,130,299,injection_timing_fault_000
82,5014.788393387786,723.4571647653721,171.1435927220158,64.71898039413753,97.36898471943213,1.3170084506962658,20.852188320232994,27.600920842228128,19.652614782685458,none,retarded,217.0,130,299,injection_timing_fault_000
83,5010.182228195256,718.8363297152557,170.30263146937986,65.73899018657578,95.65981934185386,1.3808244026260457,20.98474904505672,27.764282764981747,19.77779058558567,none,retarded,216.0,130,299,injection_timing_fault_000
84,5002.961783163164,718.5364445090337,169.10806066647547,64.22033674039363,97.85274843611974,1.1251816635111909,21.03543612452737,27.57743885990311,19.80173602211778,none,retarded,215.0,130,299,injection_timing_fault_000
85,4998.427492169833,719.3958462096924,170.64973657013817,64.82329631420123,97.48364097627532,1.2073572516402447,21.048308463233244,27.68242206867559,20.60507091771238,none,retarded,214.0,130,299,injection_timing_fault_000
86,5002.965907873606,723.5131459570486,171.9095350321254,65.71160370501771,98.45828192112027,1.052310775390086,20.677358679299,27.591109680036357,19.907088193547395,none,retarded,213.0,130,299,injection_timing_fault_000
87,4998.389401271603,724.3432699004247,171.16035443547594,64.68146523557247,99.22838201160063,1.144397008972632,20.974285568517026,27.656518054008444,20.29903586396191,none,retarded,212.0,130,299,injection_timing_fault_000
88,5000.916234172871,723.7783470545676,172.20197546870705,63.67936726172133,97.21832373701467,1.281373142887571,20.69724291427777,27.75188714729134,19.98577549689203,none,retarded,211.0,130,299,injection_timing_fault_000
89,4999.588952217565,718.390325366524,168.5489750877779,65.97553157456004,97.79314974576626,1.4673201866340162,20.877100328737143,27.769129798667183,19.962064848305666,none,retarded,210.0,130,299,injection_timing_fault_000
90,5001.966648141427,718.2393699533831,168.06536784975196,64.374849355322,98.28489793245302,1.3354700977320684,20.533915066400517,27.807966325163825,19.78813561499836,none,retarded,209.0,130,299,injection_timing_fault_000
91,4996.341547141958,725.7643233524782,170.14043313364002,65.21472272730499,96.52140923163734,1.2571918614517812,20.803170494891926,27.88103433756787,19.90511374757069,none,retarded,208.0,130,299,injection_timing_fault_000
92,5002.250620898444,718.8126275294711,170.86603454849117,63.818913673558605,97.33587946137715,1.297236103187934,20.70158028395897,27.888923882462972,19.930342379577358,none,retarded,207.0,130,299,injection_timing_fault_000
93,5006.651862669725,726.8811063588586,169.5220944854564,63.93387155543762,97.00172461141203,1.198221145218005,21.10728131626924,27.903987391343332,20.13198096407269,none,retarded,206.0,130,299,injection_timing_fault_000
94,5002.3231490171975,720.1614509374184,172.0759562403585,65.07511098290374,96.193044033017,1.1822427510013616,21.01219635934091,27.83561133725777,20.27560385571374,none,retarded,205.0,130,299,injection_timing_fault_000
95,5009.0090015395945,718.8853001300967,170.75840214082618,66.48462600136506,96.89039909299362,1.3638716408249505,21.15873911089763,27.820802342738595,20.621775039568647,none,retarded,204.0,130,299,injection_timing_fault_000
96,5009.25615208358,716.2936364128154,170.7791282402578,65.98980825624623,97.78068556942488,1.2284957862208405,21.147785852402773,27.763524658999383,20.09370886383408,none,retarded,203.0,130,299,injection_timing_fault_000
97,5012.373320554248,726.0170866296816,169.4800047449709,66.13998606390753,98.1965633897958,1.1770692789599784,20.734646009897748,27.71586579991231,19.983439520796402,none,retarded,202.0,130,299,injection_timing_fault_000
98,5006.22097119646,723.9006627234428,171.10741002143786,65.3045091556401,96.88513485916826,1.3389566703031957,21.063414999501738,27.78850604549776,20.20736392169986,none,retarded,201.0,130,299,injection_timing_fault_000
99,5012.735582395337,721.7475375217394,170.22380989434998,65.7909635328201,97.80729974410228,1.2419716505652898,21.163152021225308,27.939990354772135,19.889048665981395,none,retarded,200.0,130,299,injection_timing_fault_000
100,5013.8431855922,724.5453975141172,171.74398348747434,63.757925717430346,97.26825921241118,1.2953441491601085,20.943201953133705,27.83778805520731,20.117299286675518,none,retarded,199.0,130,299,injection_timing_fault_000
101,5010.295333582772,721.9311085118186,169.25596490934979,64.21780967935226,97.08311220483952,1.3795655940861253,21.62874805109422,27.82251363819371,19.457327120033383,none,retarded,198.0,130,299,injection_timing_fault_000
102,5013.387240197762,718.2589259473226,168.99244886736042,65.25788656096601,97.43757358749278,1.1298712895283474,21.10020231861134,27.7671293457011,19.85773281751717,none,retarded,197.0,130,299,injection_timing_fault_000
103,5019.80514625238,727.6222584443788,173.353453052716,63.92361193409701,97.32147979235026,1.2705618765186033,21.12811533346942,27.86434673121304,20.127234485520177,none,retarded,196.0,130,299,injection_timing_fault_000
104,5015.573649743619,723.7134043538699,169.83167319381462,65.95661403459673,95.73149452506672,1.3905464166997215,20.903159071749773,27.905216642264218,19.584612310209646,none,retarded,195.0,130,299,injection_timing_fault_000
105,5023.674032919535,721.1267665952952,170.08035860948783,67.1264028729005,97.82761564397974,1.228160336278144,20.797292516653453,27.897411742588545,19.88544054779258,none,retarded,194.0,130,299,injection_timing_fault_000
106,5027.486920962869,721.8000683341749,169.06429038768897,65.05806192905611,98.75225614011971,1.343433253516593,21.739108871562856,27.830697223657413,19.712574551722632,none,retarded,193.0,130,299,injection_timing_fault_000
107,5029.367267452954,724.8782542861267,168.64079363966232,64.98877631679221,100.06712549504304,1.1922950804567007,21.094242942444108,27.750008347663044,20.3186708383545,none,retarded,192.0,130,299,injection_timing_fault_000
108,5022.854243539183,721.0012645392435,169.11181421144934,65.91661456165059,100.04858966368104,1.4172300192117513,21.26473900989183,27.83538884960232,20.300702832882873,none,retarded,191.0,130,299,injection_timing_fault_000
109,5011.960542562185,715.9123044510183,169.61934872056057,66.8230265682663,98.21461176153257,1.3528299635443448,21.26699571142928,27.891294685165935,19.94681513010144,none,retarded,190.0,130,299,injection_timing_fault_000
110,5014.540259874528,719.3769073633704,172.53078022449702,65.29029194348531,97.46731272977345,1.2346366809533975,20.89055481703861,27.776903342835368,20.078364341852446,none,retarded,189.0,130,299,injection_timing_fault_000
111,5020.444226910737,720.0766214452385,169.6642796808005,63.54049296519193,97.67312757555996,1.263325879889646,21.237197550912747,27.784322490722193,20.00884415109673,none,retarded,188.0,130,299,injection_timing_fault_000
112,5032.433624051484,719.5154836487475,173.0216204414898,63.60743507952726,98.89192452419958,1.1473637119200142,21.120410487517546,27.8211865951709,19.598066576473244,none,retarded,187.0,130,299,injection_timing_fault_000
113,5038.337013752866,723.9842445341213,170.34953033301946,64.1208809248506,97.58853488142198,1.253959250954718,21.258044199475098,27.838201928141938,19.98067408687356,none,retarded,186.0,130,299,injection_timing_fault_000
114,5029.414380700774,723.6308575620124,168.82940104855518,64.37941179378237,97.92850117057667,1.2325426845658176,21.471197471240508,27.704059928698854,20.160569976830864,none,retarded,185.0,130,299,injection_timing_fault_000
115,5021.962662546938,719.4282402881784,170.9226381561791,65.46467639472795,96.63537060894723,1.515331780828499,21.129244458886188,27.831759645034683,19.600770058558165,none,retarded,184.0,130,299,injection_timing_fault_000
116,5025.324150945185,721.8576193587043,168.75973771795233,65.63450448835647,98.67541585475634,1.1947499468230283,21.385000489850142,27.679305173562383,19.88597276459594,none,retarded,183.0,130,299,injection_timing_fault_000
117,5025.368216542019,724.7543762820059,171.0122487239707,65.27820530165585,97.91794307894138,1.0925684794701915,20.931883886627276,27.571621023344292,19.70377323615609,none,retarded,182.0,130,299,injection_timing_fault_000
118,5027.452900869721,717.1426795728936,171.8120305876972,66.85972960206949,99.73897159741956,1.392274292741955,21.381489435024864,27.678830873256963,19.755709805128344,none,retarded,181.0,130,299,injection_timing_fault_000
119,5031.242221899172,723.009626652044,171.97424642674923,65.71938289119923,97.80498375675636,1.3984852651830584,21.131576205332593,27.793933721936416,20.369329780766282,none,retarded,180.0,130,299,injection_timing_fault_000
120,5039.139104348381,720.7210469813309,171.4312911265917,66.46306241781822,98.44222163025178,1.0946500531663192,21.427442232152305,27.811985113923452,19.86165421853889,none,retarded,179.0,130,299,injection_timing_fault_000
121,5042.61250652017,726.2184596255252,175.08061832427418,65.76123779153184,97.68646889088103,1.3917618700546557,21.159803154920322,27.760314884940303,19.95648698637552,none,retarded,178.0,130,299,injection_timing_fault_000
122,5044.242965073065,720.9594780742948,172.34400037800296,66.08563041191613,99.08169045980158,1.2134432572409024,21.515634241935626,27.72650597419284,20.20517654315907,none,retarded,177.0,130,299,injection_timing_fault_000
123,5049.993345182918,730.2284360426112,172.47488297312347,66.65473140100859,98.2305892991423,1.3859822754328959,21.628949769543073,27.72496008091531,20.409840577550355,none,retarded,176.0,130,299,injection_timing_fault_000
124,5045.637867108104,727.1083884636136,173.99384614115834,64.64608412633498,98.538894320166,1.4174407183294502,21.427092512280915,27.733704644080717,19.922599920489706,none,retarded,175.0,130,299,injection_timing_fault_000
125,5034.983052421997,724.9135299464388,172.6226062681826,65.06078385187931,97.46474202128422,1.410935064025996,21.149544440680117,27.72078225991796,19.803159968484795,none,retarded,174.0,130,299,injection_timing_fault_000
126,5030.994749497884,722.0119192208645,168.55064563356484,64.31590623021188,96.5522452662466,1.2154899618281034,21.459583056806352,27.570152006027346,19.536084349061177,none,retarded,173.0,130,299,injection_timing_fault_000
127,5030.098055077325,725.9318174185711,174.38620734948495,65.8619231559747,98.88378013293084,1.2258877739332,21.30941927573419,27.576956564619437,20.343746744528183,none,retarded,172.0,130,299,injection_timing_fault_000
128,5032.321077886968,722.3123222254798,173.0562062442463,64.69292280082963,96.41425749543738,1.3042983673956587,21.55792886578167,27.652628468904247,19.948504916147485,none,retarded,171.0,130,299,injection_timing_fault_000
129,5024.408911252399,724.2317235590205,169.11198613189993,66.13421039560374,98.19585511663304,1.29016127100256,21.490296606982373,27.42420484366991,20.00152590597002,none,retarded,170.0,130,299,injection_timing_fault_000
130,5021.240719589201,719.7065942389769,169.96075999458031,65.29543638175335,97.24498752127195,1.3328829374795277,21.033395231111506,27.5210343736578,20.159918822389205,injection_timing_fault,retarded,169.0,130,299,injection_timing_fault_000
131,5015.151536378746,719.8781748073308,168.99370019485303,65.23726377722625,96.58097220216375,1.1732977908125273,21.10472452026291,27.49270254797964,19.899496400790134,injection_timing_fault,retarded,168.0,130,299,injection_timing_fault_000
132,5014.56338593765,722.7617434017053,168.8494154118548,65.77739988691438,97.88603905593425,1.2619554465610159,21.098526572078047,27.61697296264367,20.078807406245527,injection_timing_fault,retarded,167.0,130,299,injection_timing_fault_000
133,5009.40350917231,724.4006574905918,172.14049953189337,66.07836265761075,97.76922023202806,1.295889682596147,20.760183150632894,27.559518583869234,20.646515384194434,injection_timing_fault,retarded,166.0,130,299,injection_timing_fault_000
134,5012.354498459036,721.6456642904651,171.4639766038909,63.642861240606194,97.92181561633743,1.2879397915240203,21.279372570540325,27.479419303109694,19.768050303278823,injection_timing_fault,retarded,165.0,130,299,injection_timing_fault_000
135,5016.303228873718,726.3808390878219,168.24036846529245,65.13674690177389,98.2081525567418,1.3313581965414971,21.25919882050361,27.462980105132697,19.751739428284505,injection_timing_fault,retarded,164.0,130,299,injection_timing_fault_000
136,5022.859255235072,724.3003047333643,172.17452216397,64.54748047985888,96.34743764356283,1.4893950610055646,20.974503418900586,27.563165227592616,19.644291754855562,injection_timing_fault,retarded,163.0,130,299,injection_timing_fault_000
137,5021.32521727491,725.2707618742527,170.48357373054327,64.62004624102285,95.65514522511666,1.3435589302403232,20.84411587201907,27.602553255915232,20.304717536103254,injection_timing_fault,retarded,162.0,130,299,injection_timing_fault_000
138,5025.538420576835,719.235890052827,167.79502395278428,65.3128588258249,95.86893094570382,1.2126587427517879,21.30793267287739,27.584569917424567,19.864259960088347,injection_timing_fault,retarded,161.0,130,299,injection_timing_fault_000
139,5026.078296173387,718.4602221923369,167.36416705916508,65.95967291757955,98.40925245760438,1.585405140258195,21.146354675267858,27.48895324269583,20.171381938144265,injection_timing_fault,retarded,160.0,130,299,injection_timing_fault_000
140,5028.294879493616,724.8799299546117,173.39723337400204,64.49932635514796,99.30382210138917,1.3763380294251562,21.716567268364134,27.36851534661322,19.954465007344492,injection_timing_fault,retarded,159.0,130,299,injection_timing_fault_000
141,5030.482222958707,727.9726224520062,168.2810105061816,65.92683176292233,97.66481187643035,1.09568487294189,21.58757362469089,27.480688612775435,20.54770768854052,injection_timing_fault,retarded,158.0,130,299,injection_timing_fault_000
142,5034.21126288257,727.8196370177711,170.23496536129994,65.37041126530097,98.42375120393075,1.4350800009639442,21.037404233003155,27.464998715962604,18.772372588662307,injection_timing_fault,retarded,157.0,130,299,injection_timing_fault_000
143,5034.962110824726,723.728954909609,169.74940168061516,65.87064697261222,99.29134178331503,1.2929354596784608,22.04100779683133,27.45524589466953,20.449876953480477,injection_timing_fault,retarded,156.0,130,299,injection_timing_fault_000
144,5032.444232328411,720.6240386643647,171.33310316762436,63.67653393136016,98.58392165118676,1.336311388589988,21.311246047890293,27.527408323741504,19.248197047958854,injection_timing_fault,retarded,155.0,130,299,injection_timing_fault_000
145,5033.008026817814,722.0248333020901,169.09126861378638,65.15268941556897,96.58674777413499,1.1716584364367406,21.230960680582733,27.487602678557526,20.78777208704583,injection_timing_fault,retarded,154.0,130,299,injection_timing_fault_000
146,5030.786212611622,728.7674147168638,168.96022875108787,65.15293879437633,97.24147566163016,1.1412283140519408,21.45314761950015,27.56121490631004,19.811063170210886,injection_timing_fault,retarded,153.0,130,299,injection_timing_fault_000
147,5025.825485417198,723.1363800610578,170.4624412291603,64.59230527170736,98.08563705904625,1.2783115857270904,21.139564342101956,27.55817666273728,19.696879171503063,injection_timing_fault,retarded,152.0,130,299,injection_timing_fault_000
148,5030.355831372427,724.5089992636581,171.48194416953794,65.6491970460525,96.83486845640904,1.3010628323178806,21.011538281345484,27.55039028152764,19.586978789217795,injection_timing_fault,retarded,151.0,130,299,injection_timing_fault_000
149,5029.052930077961,726.6710572531478,170.34480722425235,65.92323251192921,99.45947473061918,1.434116811396626,21.09932660729735,27.689869734686905,20.047800463113475,injection_timing_fault,retarded,150.0,130,299,injection_timing_fault_000
150,5028.594301296172,725.24720401647,169.82300212016048,64.92684592594,97.72034273801816,1.455669329706937,21.49116191487566,27.42077280971617,19.977918238020685,injection_timing_fault,retarded,149.0,130,299,injection_timing_fault_000
151,5024.200889877581,720.7202876479948,174.73274083976523,65.21750716379623,97.05666526735628,1.3840465488265399,21.195406156106735,27.414827299308392,19.922934578635683,injection_timing_fault,retarded,148.0,130,299,injection_timing_fault_000
152,5033.241104991343,730.3013007660862,170.87391925339747,65.85823787262287,99.62950865807393,1.3637136266886964,21.715619648532744,27.550761552749933,20.277340100208285,injection_timing_fault,retarded,147.0,130,299,injection_timing_fault_000
153,5029.776926874364,721.9411158051041,170.92924791554933,66.37055167342858,96.26261280628218,1.1957607448706224,21.624176304370714,27.50764969583471,19.311805736429623,injection_timing_fault,retarded,146.0,130,299,injection_timing_fault_000
154,5026.7001666983615,725.2339218835622,171.24106215932977,64.70343228780887,99.47759317754512,1.0853263156254422,21.230298451836525,27.608767253610104,19.830822195897955,injection_timing_fault,retarded,145.0,130,299,injection_timing_fault_000
155,5030.95774316678,726.6580481640623,172.37644590184524,64.91568740397817,96.37819398977213,1.2755481585385304,21.407034650968136,27.485866359144623,19.66176077505501,injection_timing_fault,retarded,144.0,130,299,injection_timing_fault_000
156,5025.563718027641,722.1366036844491,172.48534692040087,64.26531848093605,97.52597076318015,1.18143473967743,21.105615193378657,27.47689032038953,19.394554812451133,injection_timing_fault,retarded,143.0,130,299,injection_timing_fault_000
157,5022.363642620849,723.4640940254313,171.68595314595044,64.23952812569527,98.5191543737042,1.099485497566712,20.68601999767535,27.391178559894403,19.331107689092104,injection_timing_fault,retarded,142.0,130,299,injection_timing_fault_000
158,5019.947574568281,719.2233142722447,170.13151336718627,64.42171557099238,97.84684708758581,1.1311099910504199,21.272560453606697,27.465048494090745,20.001521738563007,injection_timing_fault,retarded,141.0,130,299,injection_timing_fault_000
159,5013.428436861516,723.7277592511367,171.00043068715166,66.33980174448031,96.5687547617179,1.0358771812501586,21.00287449329412,27.4350844476485,20.01668703266367,injection_timing_fault,retarded,140.0,130,299,injection_timing_fault_000
160,5013.148890117268,723.6478043026002,171.78000195473427,65.8429039138054,98.03252087942795,1.228416400664004,21.38362232182822,27.463327867411586,20.1143204544909,injection_timing_fault,retarded,139.0,130,299,injection_timing_fault_000
161,5013.228806690876,731.6620433616512,168.0759773321781,65.14935347582744,97.85796326818014,1.2527928693044348,21.318881746465554,27.38029088623343,20.758435496391414,injection_timing_fault,retarded,138.0,130,299,injection_timing_fault_000
162,5012.253650946412,716.1079464437959,172.49226375137866,63.89605866118634,98.78316771497353,1.138415257498521,21.228480364836045,27.41758615059413,19.611199517082035,injection_timing_fault,retarded,137.0,130,299,injection_timing_fault_000
163,5008.206334415847,726.7515889720751,171.1547014890401,64.681751531363,98.14093391178393,1.2256534412014979,20.93917208706371,27.437442257160654,20.077984995749446,injection_timing_fault,retarded,136.0,130,299,injection_timing_fault_000
164,5013.484785475977,718.0939264294208,169.41782087053664,65.55863472126838,97.2188745410474,1.1182196933795998,20.803952062276284,27.359067948595673,19.845624750993117,injection_timing_fault,retarded,135.0,130,299,injection_timing_fault_000
165,5012.690192828705,719.6980658118057,171.587812084878,64.99097704685927,98.07153497761585,1.4498238005191162,21.238189768323963,27.489464895497857,20.22926118273775,injection_timing_fault,retarded,134.0,130,299,injection_timing_fault_000
166,5009.5017203006355,722.0629219804325,172.25834042061624,65.04700596929277,98.4615321317384,1.2026422217505293,20.758071794983923,27.449337701248854,19.688374558754422,injection_timing_fault,retarded,133.0,130,299,injection_timing_fault_000
167,5007.321176885236,721.7775444929524,172.33702300561856,65.63716563067864,96.66911758389392,1.464096736296208,21.158903607394894,27.45181176682426,19.923814955229087,injection_timing_fault,retarded,132.0,130,299,injection_timing_fault_000
168,5002.034401511846,718.917010590616,171.08395951027873,64.95997055628654,98.18684110297363,1.3136317054621691,21.43336193276157,27.490057421658896,20.50487670317959,injection_timing_fault,retarded,131.0,130,299,injection_timing_fault_000
169,5001.977674451893,722.6483084477862,170.29737569612624,65.42448463967435,96.58621467827435,1.332275918403031,20.831195913160723,27.402728352638597,19.464758720449268,injection_timing_fault,retarded,130.0,130,299,injection_timing_fault_000
170,5007.645937879369,718.0150553284692,169.5499039242577,64.87212225228708,98.0968963520404,1.3290392644146458,20.953096561714705,27.378880616931706,20.06124090168162,injection_timing_fault,retarded,129.0,130,299,injection_timing_fault_000
171,5005.060773459432,714.6338151782418,170.73908096626806,63.55100128836859,98.1320723269666,1.4012951072508544,21.20824945405099,27.394942469531042,19.613674584975023,injection_timing_fault,retarded,128.0,130,299,injection_timing_fault_000
172,5001.725089361673,720.0254350632113,170.46646688175625,65.69295876177655,97.71018155212775,1.373506778157394,21.250996866294173,27.416921793125763,19.600076652217986,injection_timing_fault,retarded,127.0,130,299,injection_timing_fault_000
173,5000.254591175463,722.9441215865251,168.73813770726343,65.06933789966193,98.12156902279382,1.0385673891245115,21.174948994622774,27.378260499195147,19.83845104617595,injection_timing_fault,retarded,126.0,130,299,injection_timing_fault_000
174,4990.763841051072,716.2155185987909,169.7212512087415,64.95987747072732,99.33986734612756,1.3405484900017322,20.538815500495915,27.50455775274145,19.763001720218075,injection_timing_fault,retarded,125.0,130,299,injection_timing_fault_000
175,4992.835657842255,723.5857370661822,170.33300960691042,64.65765875559192,96.91078541719097,1.363858532747261,20.854742783457663,27.411856258348607,19.662466898796602,injection_timing_fault,retarded,124.0,130,299,injection_timing_fault_000
176,4993.92552241472,716.906733416933,169.58564016698423,64.79024403884809,97.7614450108533,1.357885211971859,21.149858560089548,27.459220703749104,20.293442416846023,injection_timing_fault,retarded,123.0,130,299,injection_timing_fault_000
177,4999.514328417292,723.8234900361975,169.08645243206962,66.23799091380967,95.41549327796191,1.256112644799185,20.97681450259426,27.437859643696374,19.252921404543383,injection_timing_fault,retarded,122.0,130,299,injection_timing_fault_000
178,4995.245689925615,718.3143430920722,171.53140000523518,63.773025369909384,98.0760704770439,1.2698742623932247,20.960359689860024,27.42306024499086,19.144060286849303,injection_timing_fault,retarded,121.0,130,299,injection_timing_fault_000
179,4986.686534941383,714.9755520560111,167.81027014920502,64.41559562331861,97.92181638255025,1.4353207675273993,20.877034062884164,27.388726480948822,20.359092144537104,injection_timing_fault,retarded,120.0,130,299,injection_timing_fault_000
180,4982.354431386484,719.1012583285424,168.26913176936702,65.19129742064705,98.37365931832628,1.2345896869393715,20.889408314068138,27.25736426198744,19.68579239734138,injection_timing_fault,retarded,119.0,130,299,injection_timing_fault_000
181,4981.828731546693,721.3447854672639,167.43427786367167,65.9697117120241,98.02822585429475,1.338766616099666,20.728670259736322,27.30336386207891,20.131418424820616,injection_timing_fault,retarded,118.0,130,299,injection_timing_fault_000
182,4987.609269431572,718.7187711097777,169.2140664078145,65.02028062246045,98.18388595165548,1.4773073049604655,21.170125683366063,27.343249350197915,19.514143087189062,injection_timing_fault,retarded,117.0,130,299,injection_timing_fault_000
183,4978.14710194279,716.3389403698153,165.13322618235267,63.43494289640541,97.02611292317351,1.2122321756139105,20.461014736253585,27.39097071202463,20.078032722323925,injection_timing_fault,retarded,116.0,130,299,injection_timing_fault_000
184,4980.530424137322,714.4773284069255,170.6490040857652,64.63843057005869,96.00976170833042,1.353182494903314,20.901110196150054,27.345113423813363,19.51858033272506,injection_timing_fault,retarded,115.0,130,299,injection_timing_fault_000
185,4976.131940329234,718.6872066412701,169.39158222485432,65.01289481107219,97.49355928520369,1.3118083290912368,21.103481659928704,27.26221722539157,19.605873958663928,injection_timing_fault,retarded,114.0,130,299,injection_timing_fault_000
186,4975.939951766251,716.935627185041,167.89951261554586,65.58413348581512,97.54251437001197,1.1851343633166207,21.04598451812824,27.284317411495266,19.31664783543323,injection_timing_fault,retarded,113.0,130,299,injection_timing_fault_000
187,4974.611029282483,725.4780502454838,172.17531526583784,64.4172277866245,96.6943045350426,1.2634159035174093,20.787431005113792,27.212614886277386,20.116635600705397,injection_timing_fault,retarded,112.0,130,299,injection_timing_fault_000
188,4966.012169893664,713.5952931097938,166.49559820691374,65.12877427012344,96.02364394651842,1.2569221559526542,20.776376817334985,27.267751267159625,20.422946420064548,injection_timing_fault,retarded,111.0,130,299,injection_timing_fault_000
189,4967.476933082588,717.273105451814,168.50779895897597,64.32421517544964,97.07715456887396,1.1439321405969074,20.565094171083743,27.122642673542842,19.755557399062667,injection_timing_fault,retarded,110.0,130,299,injection_timing_fault_000
190,4964.217791035634,716.0450959608684,166.67313989293498,63.893771995765505,96.22265421311062,1.1730865955894267,20.905643609018263,27.281454093171135,19.246662332667412,injection_timing_fault,retarded,109.0,130,299,injection_timing_fault_000
191,4967.8876410349185,721.4392951618963,170.03422124255297,64.47096340374783,97.50599854148888,1.0976066945356782,20.695987693215308,27.174511722211793,19.50561702966221,injection_timing_fault,retarded,108.0,130,299,injection_timing_fault_000
192,4965.8213072836115,718.1739978731999,170.227102882219,63.68195349698645,97.11049894747727,1.0698634697125202,20.82071584279319,27.181764790324056,19.70390843468227,injection_timing_fault,retarded,107.0,130,299,injection_timing_fault_000
193,4960.07807893827,718.8082019792341,167.14648565834352,64.95643296577212,98.03298799411938,1.231661607562775,20.55651099073738,27.29208830258029,19.717605752382216,injection_timing_fault,retarded,106.0,130,299,injection_timing_fault_000
194,4955.422811865256,718.968602594703,167.25047302284665,63.291337323306124,98.41927901734863,1.0961365945629198,20.842227306530294,27.24816581159437,18.978886841464032,injection_timing_fault,retarded,105.0,130,299,injection_timing_fault_000
195,4956.97477651573,718.3902006850897,170.96556239851816,65.68842252045455,94.65354457028414,1.156533306459865,20.40897715015058,27.335098331905282,20.576813181979972,injection_timing_fault,retarded,104.0,130,299,injection_timing_fault_000
196,4956.14962192765,723.4871510014673,168.1682639600148,64.70384061942286,97.10633129979139,1.3798115546224308,20.520882265620244,27.24263205007518,19.986686729566042,injection_timing_fault,retarded,103.0,130,299,injection_timing_fault_000
197,4957.758622173655,719.0106836413048,168.7940084477245,63.396004959334284,97.52478309755752,1.2721234575111555,20.3843629399379,27.29241621015104,19.53478647087212,injection_timing_fault,retarded,102.0,130,299,injection_timing_fault_000
198,4950.739448903242,715.8511634856711,167.7423524226136,64.65523041370662,96.29280120589637,1.105786585764658,20.26734854076508,27.227862165737356,19.45945254667612,injection_timing_fault,retarded,101.0,130,299,injection_timing_fault_000
199,4952.207223441325,717.0065743322539,168.41996006743886,64.87351410314253,97.30655356951858,1.0353996609966534,20.071946064105948,27.222296303921578,19.380782101756008,injection_timing_fault,retarded,100.0,130,299,injection_timing_fault_000
200,4943.142757760065,710.0440833951112,165.43995110488348,64.48614633884574,97.47947513765956,1.0887634746448203,20.34786313341114,27.32352374187595,19.07390026754814,injection_timing_fault,retarded,99.0,130,299,injection_timing_fault_000
201,4945.055053119414,712.1228216284754,167.7843319570237,64.04083171436156,98.0892362390667,1.286994249607158,20.47079057567311,27.2514173313623,19.7077604238251,injection_timing_fault,retarded,98.0,130,299,injection_timing_fault_000
202,4947.990789160192,717.2188849356207,169.36129587798317,63.46237679934991,97.63367108640846,1.0520145680948008,20.35708346979152,27.3149987073337,19.411031292124118,injection_timing_fault,retarded,97.0,130,299,injection_timing_fault_000
203,4952.0347173219525,718.6379083309389,164.79419719220905,64.04999394137941,96.2292261455312,1.171227913175868,20.62074117334626,27.422632366482485,19.188488739599002,injection_timing_fault,retarded,96.0,130,299,injection_timing_fault_000
204,4950.5619553468705,714.1493192820114,169.01149033816125,64.79247957044852,93.84093648467768,1.280130511897649,20.203879709198358,27.417858859953014,19.2535233741328,injection_timing_fault,retarded,95.0,130,299,injection_timing_fault_000
205,4949.143615869782,720.1413018492121,169.52956558971138,63.87289489874864,97.94418578733365,1.1894624967339118,20.032343940048598,27.462762334197528,18.665190072911766,injection_timing_fault,retarded,94.0,130,299,injection_timing_fault_000
206,4945.918490921836,715.3072579597921,165.61106936799212,63.3817191412417,96.78469538318976,1.1245759911599442,20.58901113193343,27.38007278260237,19.53893443358634,injection_timing_fault,retarded,93.0,130,299,injection_timing_fault_000
207,4938.795808824788,713.043638925103,167.1437356410133,64.82271746065013,96.15369746457365,1.2320365423753552,20.54921798347715,27.473707624029693,19.02616712715845,injection_timing_fault,retarded,92.0,130,299,injection_timing_fault_000
208,4937.359201675527,716.436370524776,169.67872548349592,64.07022854520062,95.67204085918146,1.1278401776584068,20.280677224965917,27.46827412752231,19.051475854542762,injection_timing_fault,retarded,91.0,130,299,injection_timing_fault_000
209,4931.889920871553,717.2596606448924,165.59423590454927,63.044206584847004,96.18241967636779,1.2124779359666602,20.33216090468781,27.56002889019214,20.088543732071823,injection_timing_fault,retarded,90.0,130,299,injection_timing_fault_000
210,4936.522097548626,716.6759594429069,167.3151298169084,65.03750793078218,94.78645692212274,1.179968819121064,20.122641514632207,27.380572121136225,20.000928018006174,injection_timing_fault,retarded,89.0,130,299,injection_timing_fault_000
211,4932.941891018755,711.7649856264916,168.80609748708616,62.79261887403982,94.93963921055104,1.3209071243349888,19.63892004716701,27.42620576300773,19.98480613806447,injection_timing_fault,retarded,88.0,130,299,injection_timing_fault_000
212,4935.891123909926,717.0191188608684,169.00793007285728,62.84452710511954,98.70872280404758,1.155421451213141,20.257717877534617,27.41709414999077,19.584472670837695,injection_timing_fault,retarded,87.0,130,299,injection_timing_fault_000
213,4936.873683034442,715.8431940257132,165.3609682927014,64.02664030236882,96.83411541311209,1.1551655162776482,20.178925091757634,27.499588289088802,18.999485710052376,injection_timing_fault,retarded,86.0,130,299,injection_timing_fault_000
214,4936.3003943493095,713.263450256749,166.86729513214868,64.03744322836258,97.23588846519941,1.1278259458128788,20.530622045804684,27.2661754711483,19.14143774056118,injection_timing_fault,retarded,85.0,130,299,injection_timing_fault_000
215,4940.210277492657,714.5720079718475,166.2926267500213,63.16268344650332,96.60234811048846,0.9599075940215975,20.37811721716947,27.35349964162977,19.282187927162344,injection_timing_fault,retarded,84.0,130,299,injection_timing_fault_000
216,4936.225849557651,714.0649440446643,166.8647311201776,63.17995307987694,95.79715797852491,1.1231314931697514,19.7913521161469,27.392910145426765,19.208893367038318,injection_timing_fault,retarded,83.0,130,299,injection_timing_fault_000
217,4934.844579142476,713.5770915794797,164.73438481512804,63.358896006493566,95.9685777088868,1.4143411723867452,20.290237972491752,27.2645692682993,19.293191600448893,injection_timing_fault,retarded,82.0,130,299,injection_timing_fault_000
218,4930.72645453031,713.5624845026989,166.89705606437582,63.867622121578314,96.28073594221406,1.0979119643672577,19.958341184443622,27.28412226896681,19.10198950107379,injection_timing_fault,retarded,81.0,130,299,injection_timing_fault_000
219,4931.116184132123,713.1002904756642,169.87215284298202,63.8489585587763,96.25222510654686,1.0257020674023387,20.242576212402973,27.285910375372215,19.08350694612365,injection_timing_fault,retarded,80.0,130,299,injection_timing_fault_000
220,4925.127848696562,712.6917988907209,170.24045074595395,63.807530900032205,94.88117879040968,1.1078495458688087,20.201070403308837,27.260574509127498,19.65205618658937,injection_timing_fault,retarded,79.0,130,299,injection_timing_fault_000
221,4929.521812355131,715.2853772155323,167.39856494302916,62.700082789625895,96.01021908760028,0.919913324507873,20.458330104874285,27.189561625718618,18.552027922228426,injection_timing_fault,retarded,78.0,130,299,injection_timing_fault_000
222,4922.655751590855,719.6772673729827,167.2526291977977,64.1316581285268,96.92340614148587,1.0721450977499911,19.855880885380945,27.306110806269384,18.54560521831552,injection_timing_fault,retarded,77.0,130,299,injection_timing_fault_000
223,4925.113225575841,712.5281350300694,164.9647904434232,64.27850251269597,95.19535975098093,1.1034532803862382,20.3063393630982,27.26374443021767,19.33994417689011,injection_timing_fault,retarded,76.0,130,299,injection_timing_fault_000
224,4927.1727442983465,713.0328647317889,166.2975584602084,64.34844524595208,95.71156935458133,1.1843396460716937,20.08701620811265,27.297388138669056,18.102727693457503,injection_timing_fault,retarded,75.0,130,299,injection_timing_fault_000
225,4925.690002199303,716.6128349665388,166.6954605886551,62.86157199621092,96.35686206370274,1.1400243910318546,20.142754325692103,27.293787352705852,19.217914066788143,injection_timing_fault,retarded,74.0,130,299,injection_timing_fault_000
226,4929.24602369756,716.7207782204055,165.90528736058062,64.28850626721372,98.01555175950882,1.2112960561905648,20.424340854172964,27.297660907179804,18.482349663474178,injection_timing_fault,retarded,73.0,130,299,injection_timing_fault_000
227,4928.847258390244,714.8833198283878,165.74639144315105,63.26105560656068,96.55319843682628,1.2342723751229054,20.587111447579435,27.32396802282515,19.412704072314064,injection_timing_fault,retarded,72.0,130,299,injection_timing_fault_000
228,4925.332776619431,715.7960813818124,167.37124444929586,64.20071885394695,95.18025274390705,1.2673887984284757,19.837966937978024,27.344581922438177,18.854059536728496,injection_timing_fault,retarded,71.0,130,299,injection_timing_fault_000
229,4926.166587697289,713.1462862537843,169.3826742101733,64.30117461139109,95.62269940311323,0.9046384300398571,20.15706575684886,27.28124270030339,18.249595853750463,injection_timing_fault,retarded,70.0,130,299,injection_timing_fault_000
230,4928.344348969778,720.1668768946898,166.54222496669297,63.04705465254319,97.25074725146085,1.1108338195034273,20.546918176815446,27.351205319183713,19.46037688673566,injection_timing_fault,retarded,69.0,130,299,injection_timing_fault_000
231,4929.528820034961,716.8289220037159,167.32290703412488,62.90064824187288,95.4087817298773,1.0868163530784731,20.376822197287517,27.18079487429405,18.75210656300385,injection_timing_fault,retarded,68.0,130,299,injection_timing_fault_000
232,4932.369542665842,710.8333803625716,167.6824552675989,64.5486145759056,96.16643899090074,1.3301340535980173,20.14224017256086,27.31082760026222,18.80387103776869,injection_timing_fault,retarded,67.0,130,299,injection_timing_fault_000
233,4926.927223867457,718.0766822666718,167.29103432012968,64.92933839387655,96.9991970850637,1.0764648544826085,20.239602078054705,27.35502352083771,18.99510722201408,injection_timing_fault,retarded,66.0,130,299,injection_timing_fault_000
234,4926.414332269076,713.071557335949,167.37259538421623,64.58419640754015,97.36319207289428,1.0324317590027219,20.140327406895203,27.363446868583825,18.238438424207665,injection_timing_fault,retarded,65.0,130,299,injection_timing_fault_000
235,4919.696069621142,712.2615118006511,167.07625643647714,63.94836081848345,96.94488157433396,1.0103701664260534,19.854239473758135,27.406672937513584,18.72012032349649,injection_timing_fault,retarded,64.0,130,299,injection_timing_fault_000
236,4922.626398356699,715.5696274524132,166.26310809780287,63.44044843395625,94.85880613150304,1.1540486912030408,20.05987923657352,27.259481768495547,18.75418193668787,injection_timing_fault,retarded,63.0,130,299,injection_timing_fault_000
237,4916.947178779383,717.3093605773942,166.16167436144036,62.98563896068551,96.757532204365,1.1626854631629868,20.242237716297648,27.215139654854234,18.463376117127474,injection_timing_fault,retarded,62.0,130,299,injection_timing_fault_000
238,4915.4495264627085,713.3881209339661,168.16749874776445,63.48052889307047,97.97812227933468,1.3108119713130426,19.93047593382863,27.27875967179418,18.03158872186375,injection_timing_fault,retarded,61.0,130,299,injection_timing_fault_000
239,4909.607564714809,715.2427308209201,163.968781729483,62.381660147359526,95.16439620283522,1.1228837973659378,19.88490138855615,27.181066196025636,17.878135970057087,injection_timing_fault,retarded,60.0,130,299,injection_timing_fault_000
240,4915.276942499685,716.4087434658584,162.67560292459927,62.54311968907451,97.67657805413783,1.191324163607735,19.810942921832176,27.254081746081827,18.574881847389122,injection_timing_fault,retarded,59.0,130,299,injection_timing_fault_000
241,4913.308718743928,715.2236030633544,163.49326447517268,64.02241985969442,97.1383447846859,1.2299830868226067,20.22803202428565,27.184340880243937,17.872829422390634,injection_timing_fault,retarded,58.0,130,299,injection_timing_fault_000
242,4906.372877202591,716.7952857440224,167.95362395133395,64.14519480735672,94.48124247840279,1.3193828933524396,20.045674624326292,27.23427591057818,18.488362311310524,injection_timing_fault,retarded,57.0,130,299,injection_timing_fault_000
243,4902.677647947187,715.8266816089347,166.1911519810906,64.21679775910093,95.71223360628375,1.228427443221272,20.370782192407642,27.222964502844928,18.034309088898627,injection_timing_fault,retarded,56.0,130,299,injection_timing_fault_000
244,4899.726243737238,715.1876161309798,166.55236579737445,63.228078710019865,95.93029573441359,0.9606061361442318,19.893448086249155,27.23999778295895,18.044762206393422,injection_timing_fault,retarded,55.0,130,299,injection_timing_fault_000
245,4899.149915004982,707.5370361081643,167.05233577390194,63.808119570852085,97.58623512059626,1.0581662078532175,20.046322193780966,27.279042748439995,18.149926120365755,injection_timing_fault,retarded,54.0,130,299,injection_timing_fault_000
246,4896.622360420845,712.0774452935432,164.20287266900672,62.00178588594606,96.7300433372781,1.150029304259421,20.014400675205714,27.257792771612923,18.631754008070345,injection_timing_fault,retarded,53.0,130,299,injection_timing_fault_000
247,4898.429468689432,706.81838152983,164.51462617651217,63.792341292144805,95.35705743382941,0.9321645493042834,19.827257610980272,27.17949998700339,18.269318735891293,injection_timing_fault,retarded,52.0,130,299,injection_timing_fault_000
248,4903.331360491618,714.019660577343,167.81737579685878,64.13685789524403,95.31610689657127,1.0541032133385453,20.157979020826573,27.30153314782826,18.112669735768712,injection_timing_fault,retarded,51.0,130,299,injection_timing_fault_000
249,4906.611170138474,709.5821098198984,163.80626847097497,65.10106115546354,96.47140249477323,1.0512145250844471,19.80669320795743,27.30010618866107,18.34961981583791,injection_timing_fault,retarded,50.0,130,299,injection_timing_fault_000
250,4907.677755126992,714.6773801035284,164.57134261360284,63.920098769591995,97.22351824721368,1.1285232061935244,20.184797384012263,27.308611136376616,19.13107836776312,injection_timing_fault,retarded,49.0,130,299,injection_timing_fault_000
251,4909.819677513469,717.5823319443017,168.77447126117087,64.8983474295468,95.34699010927072,1.1939700874812242,20.57321294199419,27.2794646869284,17.47057554471582,injection_timing_fault,retarded,48.0,130,299,injection_timing_fault_000
252,4910.653060941147,713.9578602358006,165.588258888834,64.11029622616151,95.24608362003454,1.229987394880689,20.08780891097847,27.204729854629885,18.256600106037983,injection_timing_fault,retarded,47.0,130,299,injection_timing_fault_000
253,4911.6865638365225,715.1696198033577,168.4736542951623,63.20312878736536,97.57428700876821,1.1197985245363697,20.05985309210246,27.176969081624154,18.48687326487465,injection_timing_fault,retarded,46.0,130,299,injection_timing_fault_000
254,4909.962051672429,722.0618230237076,167.65967750790503,62.78031354512107,94.63792592231448,1.29514366121128,20.363021867521546,27.203344679541033,17.207369999890894,injection_timing_fault,retarded,45.0,130,299,injection_timing_fault_000
255,4906.222186954734,716.8552830869511,167.9312237143629,63.16674515763863,96.38141718741262,1.2793014229345174,20.076925039014476,27.138691259921764,18.66930298491685,injection_timing_fault,retarded,44.0,130,299,injection_timing_fault_000
256,4912.576952048783,713.7037522276038,167.97302547498043,63.494739881141705,94.49460151538571,1.1574834981371769,20.25164046518692,27.192849651394393,17.771609835231548,injection_timing_fault,retarded,43.0,130,299,injection_timing_fault_000
257,4915.135972480667,717.9421584271252,167.28411913244938,64.56038677067664,96.05661650012429,1.154826842762569,20.066839828918074,27.095340279507422,17.803656569705012,injection_timing_fault,retarded,42.0,130,299,injection_timing_fault_000
258,4916.8896441225415,716.8465893620967,168.9516621832031,63.59884579266347,97.4850923220852,1.0334268174784969,19.997896693877,27.164527207242028,17.929086506413576,injection_timing_fault,retarded,41.0,130,299,injection_timing_fault_000
259,4910.609668009068,718.9994175352156,165.76479318604973,62.41191151993107,97.6731503608731,1.2852534317224764,19.709056835377968,27.078721362420712,17.347956980272116,injection_timing_fault,retarded,40.0,130,299,injection_timing_fault_000
260,4911.1644328140765,718.2593729539878,163.81781655222417,64.31297158068239,94.45961466049133,1.1641963109356974,20.24308749285379,27.05179269431355,17.419111305738728,injection_timing_fault,retarded,39.0,130,299,injection_timing_fault_000
261,4921.078438253671,716.4389835644126,169.32754621862995,64.8241499487715,97.55082616091347,1.1534335913332618,19.894058909641064,27.19718905611974,17.588538462500573,injection_timing_fault,retarded,38.0,130,299,injection_timing_fault_000
262,4923.848826398045,713.0467083697148,164.47694282357855,64.47672535616852,97.54062714944496,1.102588224934394,20.440186284338914,27.097994994890005,16.473752638574837,injection_timing_fault,retarded,37.0,130,299,injection_timing_fault_000
263,4923.834473385789,722.7069028341537,164.51576918213163,64.39407080330263,96.05793937783962,1.4298898339953787,20.24814657369525,27.187045423400786,17.01455625143137,injection_timing_fault,retarded,36.0,130,299,injection_timing_fault_000
264,4924.986753809645,719.055855743892,166.71419378770915,63.56016488116945,96.56727749421026,1.0248107464099478,20.082099792797887,27.302180095514043,16.546496953853737,injection_timing_fault,retarded,35.0,130,299,injection_timing_fault_000
265,4927.192700548842,717.907390096017,167.3129976615758,62.68764805753903,97.64985708120898,1.1676091715763286,19.743807856846953,27.17051215300447,17.528929939455704,injection_timing_fault,retarded,34.0,130,299,injection_timing_fault_000
266,4927.215109528355,723.811457139339,164.33879872566445,64.46618180696841,96.2159422367059,1.1554436530853056,19.773854058054074,27.191638758618122,16.913621370711482,injection_timing_fault,retarded,33.0,130,299,injection_timing_fault_000
267,4926.268608095191,718.832384566796,168.262153629686,64.070596764273,95.35109124856125,1.0213140574099528,20.500504624490382,27.27452852387484,17.307574742655916,injection_timing_fault,retarded,32.0,130,299,injection_timing_fault_000
268,4934.70476732868,721.7183422480325,167.3770049569233,61.679689401364996,97.46001785839235,1.1392608172987684,20.106745182994615,27.345016190304047,16.341041390858987,injection_timing_fault,retarded,31.0,130,299,injection_timing_fault_000
269,4938.385890861258,724.6700098336992,167.0527682240968,64.07962266856954,96.32356792134316,1.2980521762373782,20.2932981251199,27.30210199161101,16.856419144762175,injection_timing_fault,retarded,30.0,130,299,injection_timing_fault_000
270,4939.54688168753,722.467854592047,166.86995894743237,64.40098056193172,97.33297220380456,1.0715461579856331,20.065102045520216,27.375085561962834,17.222595262834563,injection_timing_fault,retarded,29.0,130,299,injection_timing_fault_000
271,4940.154428936491,721.1501643055071,167.09132507323662,64.6090969401504,96.35026328178002,1.1302710940693204,20.276211003079382,27.27345528824697,16.95781795089267,injection_timing_fault,retarded,28.0,130,299,injection_timing_fault_000
272,4941.7186329134065,721.085647707638,169.7664092690223,65.14934503106419,96.53234956208681,1.0471385802000508,20.195306503648215,27.301883797851545,16.701071313701767,injection_timing_fault,retarded,27.0,130,299,injection_timing_fault_000
273,4945.651000654709,721.7543293659356,167.81845119448946,64.35091331259484,95.83735121539284,1.222858819194336,20.212963178830737,27.32631596736996,16.865023595756956,injection_timing_fault,retarded,26.0,130,299,injection_timing_fault_000
274,4940.177026610863,724.8269149119094,167.18644134809315,63.33698198215028,97.21600576940908,1.0997373855108892,20.179461804650362,27.31370803903852,16.880549157116224,injection_timing_fault,retarded,25.0,130,299,injection_timing_fault_000
275,4936.458816248457,725.9011630058544,166.9446236137596,63.75404869784186,97.17995881623938,1.3348987643584789,20.263288378624637,27.359886403928982,16.403820123473235,injection_timing_fault,retarded,24.0,130,299,injection_timing_fault_000
276,4942.429708682393,722.3954157922769,167.20217045540244,64.3268845176397,96.29772372325273,1.150915473669996,20.497242124285375,27.33250742123875,17.033591032992216,injection_timing_fault,retarded,23.0,130,299,injection_timing_fault_000
277,4939.5520168013745,719.8183830754912,168.32994981665692,64.28616477182379,96.07315713221858,1.1707264918327605,20.338009439228017,27.473102178170663,16.704644672926044,injection_timing_fault,retarded,22.0,130,299,injection_timing_fault_000
278,4935.077160514595,719.7368026551568,167.56392912443584,64.44897875785142,94.82647886320179,1.115354118214159,19.932172559671034,27.338992451414946,16.79187272379841,injection_timing_fault,retarded,21.0,130,299,injection_timing_fault_000
279,4941.708741946607,726.3301019177769,167.54293858350027,63.656072301432474,96.54051583213395,1.448750083199521,20.705747554242183,27.344974633342346,16.614511730101,injection_timing_fault,retarded,20.0,130,299,injection_timing_fault_000
280,4938.50213894602,729.658817491078,166.8109658533836,64.17228756199013,95.84374878590738,0.9309008180108846,20.21887554112455,27.312578602313014,16.666427035896245,injection_timing_fault,retarded,19.0,130,299,injection_timing_fault_000
281,4939.232474396477,726.7597935529978,166.16424137028952,63.32461821303288,97.69930993016611,1.3001616416569024,20.556880606691493,27.42290920492798,16.78745583307369,injection_timing_fault,retarded,18.0,130,299,injection_timing_fault_000
282,4943.652830745308,719.7249981293602,166.19784347861403,63.27226210747944,95.68761929353354,1.2398295994631972,20.237727387179927,27.358937241272592,16.332077709071598,injection_timing_fault,retarded,17.0,130,299,injection_timing_fault_000
283,4942.798098056358,723.843428812709,168.59565934623856,63.213239623432905,96.6289610490429,1.375701793123683,20.81614318842494,27.16046545813408,16.027545099252144,injection_timing_fault,retarded,16.0,130,299,injection_timing_fault_000
284,4945.830851252409,723.1422258546055,167.39333931609747,65.04883172724674,96.45694258335733,1.2831795155442118,20.184720853492244,27.292253507192385,15.739690320135676,injection_timing_fault,retarded,15.0,130,299,injection_timing_fault_000
285,4943.688148851565,719.2508567954907,169.4336716950609,64.17257896616941,96.36490387318756,1.1695982780237872,20.424821793584687,27.310966306911144,15.825219218363602,injection_timing_fault,retarded,14.0,130,299,injection_timing_fault_000
286,4942.753741079591,727.6530348568452,169.88987441046484,63.75439803642014,98.39545716585799,1.146908102865853,20.33677946759613,27.33800195843665,15.945534625418055,injection_timing_fault,retarded,13.0,130,299,injection_timing_fault_000
287,4935.976890923706,726.3813534746986,168.0549927422102,63.453907447605765,95.17928197361472,1.1974241455318215,20.28860748446238,27.46706851008548,16.12344743424813,injection_timing_fault,retarded,12.0,130,299,injection_timing_fault_000
288,4932.569539918003,725.1393153838276,164.08711478324994,63.0614819500666,96.67018852984376,1.0399543775478173,20.216991441519095,27.489563986278473,16.43087056608591,injection_timing_fault,retarded,11.0,130,299,injection_timing_fault_000
289,4936.408409484749,727.6591469920154,169.03330268250897,64.83052625727963,95.32855526761813,1.1928848907665666,20.46560314049171,27.395529032578082,15.667104934163644,injection_timing_fault,retarded,10.0,130,299,injection_timing_fault_000
290,4927.406397618613,720.2065511217099,164.98242270675325,64.0208388115062,95.86123893653294,1.2645357769633685,20.247281786260004,27.402886192662844,16.131127508861788,injection_timing_fault,retarded,9.0,130,299,injection_timing_fault_000
291,4931.741447496505,729.2692195620677,168.23719184291983,63.44871849089171,95.36450338779993,1.2122802785979538,20.400187237399162,27.266820551208838,15.527924129460363,injection_timing_fault,retarded,8.0,130,299,injection_timing_fault_000
292,4926.762411653155,727.5006531090535,163.66065236479926,64.47908452125782,96.60576125022143,1.1953686171836755,20.29028647073668,27.36975313184314,15.252817144526706,injection_timing_fault,retarded,7.0,130,299,injection_timing_fault_000
293,4931.690327695158,723.7419665304004,166.86641843541915,64.27085852052842,99.64218310052568,0.9820601916282512,20.28401685137764,27.25776432587081,15.226985206362983,injection_timing_fault,retarded,6.0,130,299,injection_timing_fault_000
294,4920.334386587909,724.0377926200721,166.79651121761358,63.227572096223646,96.01381733042834,1.2286466126495514,20.20823754949217,27.395269689731077,15.620177800023903,injection_timing_fault,retarded,5.0,130,299,injection_timing_fault_000
295,4923.704879860223,725.4019219036762,164.20471081193492,63.646506797231616,96.09379268078666,1.183834920493112,20.339647724422832,27.41847547242873,15.1905920431558,injection_timing_fault,retarded,4.0,130,299,injection_timing_fault_000
296,4928.302723903865,720.4154205533238,169.78634948226082,64.31857798733213,94.8740665411443,1.2020080013062346,20.052824260332763,27.333242445386958,15.427871051154222,injection_timing_fault,retarded,3.0,130,299,injection_timing_fault_000
297,4924.6876037798365,730.8729819574588,166.58128809504572,65.12231799272432,97.04602465470563,1.1132559084408948,20.135339916567382,27.358900404412832,15.659682398625783,injection_timing_fault,retarded,2.0,130,299,injection_timing_fault_000
298,4931.733203718318,728.1285535719353,167.58036026177908,63.724192188239044,97.87698780947154,1.34655028911261,20.19924727256973,27.235374759746467,15.384427419707933,injection_timing_fault,retarded,1.0,130,299,injection_timing_fault_000
299,4934.111970362051,725.3962967814442,168.09510653381315,63.48379792819964,94.22583714599573,1.1013331478698805,20.389054542416876,27.26418853665068,15.200603523140494,injection_timing_fault,retarded,0.0,130,299,injection_timing_fault_000
