timestamp,rpm,egt,cht,oil_pressure,oil_temp,vibration,fuel_flow,fault_type,true_rul_timesteps,fault_onset_idx,failure_idx,flight_id,battery_voltage,injection_timing_deg
0,4998.376212478192,716.4651260361617,169.4015457616246,64.78356386987276,95.14752506691208,1.3409213895410268,21.19445074774376,none,299.0,111,299,cooling_degradation_012,27.28311827150502,19.87955373256372
1,4997.876624126284,720.8534839762357,169.47367974252492,65.46005513112891,97.41880036851538,1.3045986014403057,20.73828967579577,none,298.0,111,299,cooling_degradation_012,27.408449570223016,19.76669379050853
2,5004.270577231993,720.6087666267238,170.601764893,62.52720065487019,96.80302387798427,1.304718588448277,21.235440002198263,none,297.0,111,299,cooling_degradation_012,27.261490281948547,20.013669653030206
3,4994.800796903687,720.1062814677296,169.0364246614058,64.43459906554526,97.7328012414114,1.2267678754015376,21.14521629794197,none,296.0,111,299,cooling_degradation_012,27.38050313770474,20.126814624281174
4,4984.61686443009,719.4593221301245,168.18246438845446,66.14891317754483,97.57392692303188,1.1883317240566662,20.29126030267546,none,295.0,111,299,cooling_degradation_012,27.37443466196682,20.230199935615566
5,4986.760410123374,713.9438180951647,170.2132856569142,63.4081041836544,96.71389652457631,1.180955041784326,20.52916905415715,none,294.0,111,299,cooling_degradation_012,27.25750924439078,20.48251719830047
6,4980.470379026937,719.4561813277572,170.77717057488283,64.86676979682471,96.47408593192338,1.2268973432711332,20.734586997885003,none,293.0,111,299,cooling_degradation_012,27.26287238190196,20.00710731063826
7,4980.612004135609,718.8210469835747,168.70938322641106,64.25308261454788,98.48891736361476,1.2943351963885268,20.35791725757235,none,292.0,111,299,cooling_degradation_012,27.32797346472523,19.73141493929355
8,4988.513883313981,719.291692476471,169.93574933961057,65.83841739742115,97.79802334034196,1.2437949284431729,21.488628754563724,none,291.0,111,299,cooling_degradation_012,27.177150114170576,19.814070969268514
9,4984.535949347089,711.5367063758691,168.0051091051711,65.31745429719932,95.79758701305585,1.2639592918273057,21.038425489227496,none,290.0,111,299,cooling_degradation_012,27.291796391534554,19.803082314687945
10,4994.640092245706,718.8222183165276,169.15202156052456,64.2764214376654,97.43507158764224,1.27661459609896,20.752719316250246,none,289.0,111,299,cooling_degradation_012,27.249094012344585,19.24992210966327
11,4989.244080634199,716.9130438547709,167.96159105753364,65.22326607128781,97.05172204769585,1.3013380231726712,20.742693793665463,none,288.0,111,299,cooling_degradation_012,27.36052847660489,20.198077370672355
12,4991.833503261523,715.7827104036185,170.04365866660703,65.62866608879955,96.0691893231172,1.225068254052092,20.76358936108897,none,287.0,111,299,cooling_degradation_012,27.289666632780747,19.8600243445538
13,4990.834350507889,718.6773366350502,167.93643702028646,64.75528182164652,98.09620233680776,1.4035619892672495,21.121198468250824,none,286.0,111,299,cooling_degradation_012,27.34153414084569,20.02452585273766
14,4991.348109689083,716.776210710404,169.32659736739942,65.0010770758073,97.8608717953076,1.2680740055039808,21.077444057456105,none,285.0,111,299,cooling_degradation_012,27.30609366198113,20.121306290110656
15,4986.771317647295,716.4786121253638,168.9472872439662,68.0551951172493,98.72336731745612,1.1078428079828344,20.38727241362105,none,284.0,111,299,cooling_degradation_012,27.3474449900316,19.873721211094868
16,4991.246900004355,717.218519574534,168.86774492426878,64.42974861621803,95.21221859265304,1.4000969922626736,21.011668804785813,none,283.0,111,299,cooling_degradation_012,27.31718369539566,20.10708556400382
17,4985.00892006178,715.1986154724834,167.29194451189852,65.09209758735128,97.01889468721726,1.2014407964125629,20.85619541372668,none,282.0,111,299,cooling_degradation_012,27.281763805260166,19.687520527389974
18,4984.458152727631,725.2556652190215,171.53176400091877,66.47659096377085,96.74871164201797,1.2811703525318114,20.24663088129084,none,281.0,111,299,cooling_degradation_012,27.259033830274962,19.559277359273217
19,4981.186238116164,717.6750871108759,169.54279219057017,65.08310996063221,97.17775477395502,1.322898354330331,20.62612419190305,none,280.0,111,299,cooling_degradation_012,27.33434777191607,20.195720395429262
20,4985.520020277694,723.0476209814371,167.86327027538115,66.29474282707332,97.5351976163724,1.2736536885674512,20.5503985819896,none,279.0,111,299,cooling_degradation_012,27.255465652576948,20.0080190761273
21,4980.847165564075,717.4479792259026,173.27492828582075,64.39544814206387,97.8736570678874,1.245777646556535,21.021644485283375,none,278.0,111,299,cooling_degradation_012,27.308160288683798,19.860395898760636
22,4982.01345379491,716.9519990366509,168.97177465652558,66.30382736331975,97.00234129876816,1.273657558521736,20.558899584237256,none,277.0,111,299,cooling_degradation_012,27.260197293751208,20.268506581719137
23,4978.577805843883,716.909646030608,171.4857289383198,65.27282389920799,96.61879442371318,1.1776068145348295,20.57094773840268,none,276.0,111,299,cooling_degradation_012,27.137772133291843,19.496011335978185
24,4981.771849213984,717.1633158673282,170.56572703529503,65.08484934389209,97.25103450361884,1.3997406700347006,20.576498459982812,none,275.0,111,299,cooling_degradation_012,27.208548140156342,20.198143746497035
25,4979.741987751548,715.07260583153,168.63544582704867,63.57799145675696,97.10162963069126,1.149064702097968,20.495650484623493,none,274.0,111,299,cooling_degradation_012,27.292366456557616,20.461200184377464
26,4987.116744310331,716.3228900958479,171.41482634587254,65.39615893760272,97.68206062569703,1.3508324629253368,20.9673379252089,none,273.0,111,299,cooling_degradation_012,27.266567185388755,19.569528220060544
27,4985.759146226688,716.2498068490684,169.2291242434492,65.21685750050618,97.35770632322463,1.294650238359652,20.705552602497097,none,272.0,111,299,cooling_degradation_012,27.250522588751263,19.966781628714436
28,4984.280042161398,720.9964805106563,167.94323439549245,65.61838904555015,98.31448830445224,1.2137167754132403,21.092387527361613,none,271.0,111,299,cooling_degradation_012,27.324812361503252,19.714763427106078
29,4994.9052432369845,722.4856703938727,170.5163562173459,65.56368136408369,99.29997986878249,1.3339133411154118,21.122199818228022,none,270.0,111,299,cooling_degradation_012,27.220357883927065,20.397324700242258
30,4998.3432487967775,720.6681950487417,169.2109160725159,65.2100784839123,96.73741564088006,1.266795702676521,21.036667251368595,none,269.0,111,299,cooling_degradation_012,27.24146330097513,19.89953421001246
31,4998.866845153295,723.2337741131784,168.2295078241197,64.63896998817258,95.29567148058526,1.2172613758425954,20.567227042707174,none,268.0,111,299,cooling_degradation_012,27.212062529466017,20.039465344306645
32,4997.478402010837,715.7825927713292,170.3648221351854,65.39314302807617,96.67356892727476,1.1513907232044729,20.93483406568624,none,267.0,111,299,cooling_degradation_012,27.409173161260306,20.262360493428115
33,4997.59675123513,722.3141886501562,168.16877136465902,64.77908863954717,98.22552917207864,1.2628507610201016,20.792613301186925,none,266.0,111,299,cooling_degradation_012,27.323329956373808,19.50355160226537
34,4995.666462058777,728.778597552533,169.4609816702924,65.2294878170364,97.63990674051443,0.9930391951355724,20.795092641396185,none,265.0,111,299,cooling_degradation_012,27.2351838895102,20.21372564627718
35,4992.173021492268,718.9485813285105,168.3281935956973,64.60912050191942,98.60349500945976,1.1268139870159457,21.095973232898118,none,264.0,111,299,cooling_degradation_012,27.274122273610192,19.69565304662992
36,4990.523316649986,721.289608827115,172.14727533383893,65.34742585979578,97.6649391625926,1.338785547336148,21.02011843276112,none,263.0,111,299,cooling_degradation_012,27.347166456479176,20.53909384379047
37,4985.504831827052,720.8893318358782,172.47465934468545,65.40844610076611,98.1169646170338,1.036614772071322,20.714098985368587,none,262.0,111,299,cooling_degradation_012,27.344891108648252,19.76793623137472
38,4985.340102542476,712.4979455226292,168.55001504021303,65.29161092971151,97.35465898562332,1.2702698799033858,20.779221690378435,none,261.0,111,299,cooling_degradation_012,27.24620033452531,20.084289386481665
39,4983.212214295765,718.71799495707,170.8465339003499,64.21956388552779,98.02425018687195,1.3478763743973796,20.855379019620727,none,260.0,111,299,cooling_degradation_012,27.277653194299766,20.164914880415772
40,4983.317272840333,714.7114934351891,166.364587368951,64.27572931067759,96.59525273172538,1.0968424974341044,20.674451750578715,none,259.0,111,299,cooling_degradation_012,27.207136423616628,19.91182902368711
41,4982.868504490478,716.1135777727903,169.42338174801236,64.9909104244946,97.27292719516836,1.1279044710860897,20.949242796211955,none,258.0,111,299,cooling_degradation_012,27.377642809281873,20.50786154943129
42,4984.8323992030055,722.1023682196505,171.61059519123955,65.1769980854213,97.80179474303009,1.1733580430114847,20.53960464793636,none,257.0,111,299,cooling_degradation_012,27.412229449065567,20.066777149119478
43,4987.522635737439,716.9238432810873,167.6691483014864,64.46496344141256,97.0614834188567,1.143260653049605,20.761446166385984,none,256.0,111,299,cooling_degradation_012,27.295069574956862,19.683962485501755
44,4986.194007416848,717.4839969318248,169.73232338862033,64.73751627271847,97.8870310336578,1.2118947764990466,21.09331904581222,none,255.0,111,299,cooling_degradation_012,27.331870341739734,19.206713934613653
45,4987.708595526909,721.1330627114137,169.26414273141572,62.98956519704647,96.54626383283248,1.1378898519061922,20.60037101094672,none,254.0,111,299,cooling_degradation_012,27.3063276017508,20.3902656993798
46,4982.603661253216,715.8657137036706,167.88419315109644,65.45532576091263,95.77234092933348,1.1420465892897629,20.922714108587765,none,253.0,111,299,cooling_degradation_012,27.313795335823695,20.328121661956203
47,4972.593819614142,717.585375336372,169.78360642748115,64.5532907854622,96.6488188424758,1.1680787153717485,20.882459568945343,none,252.0,111,299,cooling_degradation_012,27.251651893348324,20.14002596809351
48,4969.948347990924,716.425631515612,167.35028658154252,65.03011912316673,96.552979790065,1.2181073926531076,21.054204081083046,none,251.0,111,299,cooling_degradation_012,27.272322573825853,19.941218789222958
49,4966.19305235061,712.0353669628623,167.68551967401442,64.8738979785458,99.14933776248266,1.2036689683537936,20.565994597729805,none,250.0,111,299,cooling_degradation_012,27.329828975605178,20.332544511421435
50,4964.678484937982,716.7332069854363,167.43567695734188,65.7008567796763,97.23559396572443,1.0734362246283338,20.532981061787403,none,249.0,111,299,cooling_degradation_012,27.371965218493166,19.93969870865769
51,4962.708276712846,711.7714960190503,167.3877055084298,64.45685031097074,96.76059443370455,1.371831117228406,20.41086994997545,none,248.0,111,299,cooling_degradation_012,27.415346811177724,19.413794240493775
52,4956.132391543422,719.4828938318168,168.66413948826013,64.5309417838868,95.1615777066044,1.1369230359622513,20.7271702828294,none,247.0,111,299,cooling_degradation_012,27.34488930349863,20.00798665916136
53,4954.3410994047845,712.0634458881134,169.84751581145838,64.5228588021218,97.29831753350452,1.08324474941981,20.51637040123812,none,246.0,111,299,cooling_degradation_012,27.33224025565873,19.847612429342487
54,4957.4052689276805,714.898342615456,170.19550862359858,64.70894784233465,98.28004162697684,1.1699050363468682,20.180892450968447,none,245.0,111,299,cooling_degradation_012,27.507087708786905,19.721549488569263
55,4952.437390624081,711.2825779500971,169.3710870933869,62.042532858138685,95.41648869910684,1.3957505191452626,20.565234604155155,none,244.0,111,299,cooling_degradation_012,27.299068698994212,19.825537954881554
56,4952.089654180576,710.79530936727,167.32387069290036,65.26063407320277,95.812320948168,1.273091868840457,20.33340554750304,none,243.0,111,299,cooling_degradation_012,27.226429801999696,20.117656494372596
57,4948.938947678003,713.8294718507308,166.88106145052743,63.459930695471606,96.22604401015232,1.0565592548567506,20.239904573463328,none,242.0,111,299,cooling_degradation_012,27.333549274610935,19.782812529792206
58,4946.763669227454,714.1271531135852,168.52359802460575,63.90433744602718,97.72100498582492,1.1913796605688007,20.892095176723064,none,241.0,111,299,cooling_degradation_012,27.367955747245972,19.801945554254445
59,4951.978965504484,712.790578898987,168.21950799161667,65.20754747398311,96.27848179450186,1.3754904513301365,19.962341359294555,none,240.0,111,299,cooling_degradation_012,27.366107126245396,19.929489310972194
60,4953.754964308195,717.512347814619,168.51658130440106,62.915051405217895,97.72368617202658,1.243655168029946,20.33977705287623,none,239.0,111,299,cooling_degradation_012,27.28116534182024,20.037644949850492
61,4953.560240922949,709.9892279264628,166.58798253043554,64.04726026898999,95.33618484022952,1.2822368511534945,20.25812847517428,none,238.0,111,299,cooling_degradation_012,27.258532591560595,20.059081115141737
62,4948.26869812279,711.658660410213,169.74155063488004,65.72939551172487,98.40813026487058,1.1666815074506958,20.324345613593582,none,237.0,111,299,cooling_degradation_012,27.271506249541844,19.743726537668504
63,4942.977485131653,718.2429344981041,169.03931066996108,63.32644647148433,97.2199440899473,1.0635341254476602,20.419006259864204,none,236.0,111,299,cooling_degradation_012,27.327254009296617,19.72065319512346
64,4944.882408624608,714.3570280569215,166.02614656100292,63.96507712768532,99.06036985683866,1.2886864010936083,20.53851810701826,none,235.0,111,299,cooling_degradation_012,27.279942464750256,20.176846695193596
65,4946.134992157985,710.3870323682369,169.15230183768378,64.16395947292371,97.05084138650076,1.2622578488443912,20.227912397029897,none,234.0,111,299,cooling_degradation_012,27.310387427994428,19.68030155518959
66,4944.800732207376,713.3356223362891,167.85399418286698,64.358012615134,96.58615258668225,1.1456759294261796,20.43106628813892,none,233.0,111,299,cooling_degradation_012,27.280986130963594,19.909532086221105
67,4941.993937442232,715.519857960905,166.6810325787999,64.30528686591853,96.7254145542164,0.9745055422764952,20.16035523163189,none,232.0,111,299,cooling_degradation_012,27.39514201335767,20.150845207946514
68,4942.048854630982,709.5446366373433,170.1181688250829,64.59639034846566,97.48902168081818,1.3224682693651513,20.327446811629603,none,231.0,111,299,cooling_degradation_012,27.416386136836433,20.14273046503089
69,4946.117467025882,717.4888190416182,168.11144087473917,64.88904832672523,97.80989622631158,1.0717126462328654,20.85634668678734,none,230.0,111,299,cooling_degradation_012,27.442097482463208,20.151132849700886
70,4948.507192636497,714.0103054655859,168.95425855411094,64.81296445431946,96.2384780107794,1.2791758949329528,20.41746261151761,none,229.0,111,299,cooling_degradation_012,27.399286066448457,20.555080120183735
71,4952.1137063131655,715.6367329587943,168.30358766881508,64.17234414237335,98.90398393220843,1.2278498221193714,20.91000376509273,none,228.0,111,299,cooling_degradation_012,27.30729613979323,19.877320676422233
72,4950.55911755231,718.498023869621,168.20891071696514,65.52463409833211,95.5534160150524,1.442413124912206,20.97248363556876,none,227.0,111,299,cooling_degradation_012,27.443762356369778,20.073461344545436
73,4952.681980189332,714.1901219923722,169.12341329214075,65.21705613565223,97.78912748331612,1.1976787152119588,20.809903226014224,none,226.0,111,299,cooling_degradation_012,27.347554211648387,20.08751623899952
74,4950.558082561276,714.5846557675192,166.40880833518597,62.55276920877901,95.7471010487244,1.2907199136539005,20.4852217410566,none,225.0,111,299,cooling_degradation_012,27.274824441933372,19.8717727894874
75,4944.70736220198,716.1625076089614,165.966964421189,65.25498944215663,95.35435383039716,1.1743692580016205,20.59157279494104,none,224.0,111,299,cooling_degradation_012,27.31956575429105,20.205668247655847
76,4942.111993276881,710.9482016028179,168.89480054967348,63.8920486391081,96.113654616469,1.163183865368746,20.542290920391142,none,223.0,111,299,cooling_degradation_012,27.35129370188966,20.0533943738181
77,4940.699907933008,717.1666199400228,167.04489113754263,62.989428551767055,95.87428603247432,0.9779090907489776,20.588697811681847,none,222.0,111,299,cooling_degradation_012,27.377582425443038,20.926704002554686
78,4936.578764584628,708.0810767421161,164.41309173323168,63.56832293213805,97.40876075695768,1.162039849287978,20.61295140022846,none,221.0,111,299,cooling_degradation_012,27.425944962991743,20.22406628076215
79,4938.007189038752,710.5537353133086,169.2116538415111,64.34567707915288,96.421793546527,1.12467611442923,20.046494067238765,none,220.0,111,299,cooling_degradation_012,27.490056368532038,20.19193639767299
80,4937.669459780289,715.3890118579723,169.40693948075528,64.8622740939001,96.19550954267264,1.4312768112566543,20.52401480769126,none,219.0,111,299,cooling_degradation_012,27.49761174598629,19.71303435652524
81,4936.004624020771,715.6629173142936,168.58371423065975,63.3190515085765,95.57063367500317,1.0820553530366297,20.457083942907488,none,218.0,111,299,cooling_degradation_012,27.457605519881557,19.63664438251217
82,4935.810287833241,712.5439859886774,168.208349025581,64.41052763199185,96.54119849077236,1.2033642183047324,20.343291994293505,none,217.0,111,299,cooling_degradation_012,27.515572064792615,19.661201213341407
83,4931.575015982478,709.1398512180484,166.57247898200202,63.472723864178,98.28382564400368,0.9521151085219848,20.13847193400458,none,216.0,111,299,cooling_degradation_012,27.465847227933647,19.569714658626964
84,4925.204988304623,706.5789511627636,168.93750635388196,62.74954550085876,97.96499819058889,1.1101757262395038,20.37870599769486,none,215.0,111,299,cooling_degradation_012,27.460247722700487,19.949979007423387
85,4928.646110916318,709.7233252606902,168.63828294641556,64.04842851813827,96.84094677558087,1.1502256485998024,19.89268197767342,none,214.0,111,299,cooling_degradation_012,27.509940675138058,20.067872725579683
86,4927.588235662804,710.3121210193221,168.16152098272283,65.54362115180788,96.667349620835,1.146045161161253,20.56544392491357,none,213.0,111,299,cooling_degradation_012,27.532986397235355,20.1222790971313
87,4928.945844453215,708.3081568254745,168.70454217377718,65.03611565978976,96.321076434484,1.0423682563356629,20.29866098811276,none,212.0,111,299,cooling_degradation_012,27.4797172611873,20.100482547741915
88,4930.497035173814,712.6732389832778,168.6801734085245,65.30645734975485,94.96380342882053,1.1687932077599312,20.20111726840189,none,211.0,111,299,cooling_degradation_012,27.561517743236724,20.12175524678824
89,4937.601318778741,710.7687855155641,167.67574295058049,64.68554707916583,97.36464042411708,1.3343436443476362,20.231926627747587,none,210.0,111,299,cooling_degradation_012,27.477068670276612,19.973004724581774
90,4938.0805445206215,711.484970598709,169.8674153104943,63.72745044991566,96.44131827737404,1.1312649120523277,20.374548236773418,none,209.0,111,299,cooling_degradation_012,27.5069364524539,19.731270730401917
91,4944.70221517448,712.7510061887799,168.13218312471898,64.58394653973929,98.45794458675716,1.2521444907791166,20.54827171799177,none,208.0,111,299,cooling_degradation_012,27.62491182302311,20.13536602867887
92,4947.869062023012,715.5389045644047,165.59056791751058,62.56426918148758,97.96733306813,1.1763469168464102,20.370605094379005,none,207.0,111,299,cooling_degradation_012,27.55786975315369,19.90748814743941
93,4948.164572623604,715.1095592676527,166.72977915474516,66.20134126236228,97.7844361237911,1.3179313405963589,20.232461817087145,none,206.0,111,299,cooling_degradation_012,27.482863505396946,19.710784230429475
94,4952.529889900339,712.4423537849715,167.64245780566762,64.99105726956682,97.6602755937638,1.1736962590492923,20.061511702888584,none,205.0,111,299,cooling_degradation_012,27.58976726455726,20.344208608393227
95,4954.32878294244,715.9193937081467,169.29632448299208,65.36778627698843,97.05420506429353,1.2212521022225074,20.480166175257487,none,204.0,111,299,cooling_degradation_012,27.635700166779646,20.320877775368636
96,4958.718508419423,715.3001587392907,166.55312134636256,63.72238059837005,95.3326531291787,1.124718574326235,20.368052175674183,none,203.0,111,299,cooling_degradation_012,27.641447123502893,20.034641258976713
97,4961.611155915016,709.3296846173195,170.58336453480476,63.44387893235561,96.40394667233107,1.2279357541604723,20.04547298796077,none,202.0,111,299,cooling_degradation_012,27.521628160714442,20.509638542540976
98,4961.7004967231405,712.7985168867461,170.84651979193706,64.82417636869208,98.70486851027256,1.1552406007809617,20.605387281091577,none,201.0,111,299,cooling_degradation_012,27.653196757580147,20.04658538503795
99,4962.401282441267,706.8778068848972,167.95088010223756,61.96680872585518,98.1736372229156,1.2072500528508907,20.64254413673136,none,200.0,111,299,cooling_degradation_012,27.506728778064616,19.85402715939354
100,4965.397008314736,713.4236131009636,167.8744991661005,64.14343086825284,97.10900509630432,1.2629564898186132,20.837864260011653,none,199.0,111,299,cooling_degradation_012,27.619450610118143,20.392218243000993
101,4967.215596228225,716.6698222319868,170.274836184536,63.65302292370726,97.8229813832424,1.3427622303620836,20.614973879902955,none,198.0,111,299,cooling_degradation_012,27.646509626996988,19.967180663778116
102,4966.502856842269,719.4049815542929,166.45698473884,64.61347057177785,97.31419927116544,1.208679682204333,20.69445324119716,none,197.0,111,299,cooling_degradation_012,27.602597110371466,20.169313326182902
103,4962.192134997639,717.1505130952456,168.22247755787396,65.64304067116124,96.1240984551728,1.1402080956901446,20.588348527863445,none,196.0,111,299,cooling_degradation_012,27.628325825962662,19.632271872068728
104,4962.945910895591,718.9092031388973,169.12614612804475,63.32689313710174,95.64296798743683,1.0727031260672966,21.04424501101709,none,195.0,111,299,cooling_degradation_012,27.580169323821373,19.92472045558076
105,4962.439521983319,715.8914162744929,167.75480619926824,65.15836713197741,97.49476700058904,1.2384966743608243,20.57957131314434,none,194.0,111,299,cooling_degradation_012,27.65266588839253,20.104902559325414
106,4964.082087390408,712.2721773350056,169.4431528841498,63.718061719024334,98.52740532800198,1.3534120144233952,20.80463045331918,none,193.0,111,299,cooling_degradation_012,27.651575798376427,20.09914955962357
107,4959.1748588301325,714.2615141548117,167.46556428672773,65.80689902598675,97.17091411418907,1.2905636952267596,20.516116698408982,none,192.0,111,299,cooling_degradation_012,27.584840449033077,20.301763126161926
108,4958.274538245358,712.9544315969182,167.80532028631168,63.69676362701176,98.30574105162036,1.204280087056871,20.361578267641427,none,191.0,111,299,cooling_degradation_012,27.65272496859273,20.05819537599002
109,4956.811794439178,714.3230213587459,168.01599992858905,63.41304088416788,97.6381427847628,1.367884999136041,20.299223705563595,none,190.0,111,299,cooling_degradation_012,27.576000793331165,20.332193916184703
110,4963.124719601547,716.1605777289841,166.90482805915565,64.46043345940247,97.46805706525492,1.1269318749179686,20.351011705544604,none,189.0,111,299,cooling_degradation_012,27.53932688330493,19.779654289679765
111,4959.406897157107,716.4062688591406,165.6510242977389,65.31613231156851,98.1987106677429,1.0979307143848178,21.21784643312655,cooling_degradation,188.0,111,299,cooling_degradation_012,27.554163201549866,20.24762498594089
112,4961.033481588942,708.6813206904407,164.04720736277667,63.7279455577348,95.97579845809337,1.3165780312240347,20.25580967764484,cooling_degradation,187.0,111,299,cooling_degradation_012,27.475406608230823,20.339113568294938
113,4965.402939131476,717.8615972113118,167.51181067256323,62.41871312183292,96.74110233184676,1.3945212823705182,20.737594155932424,cooling_degradation,186.0,111,299,cooling_degradation_012,27.64305587318375,20.484378367900796
114,4976.589140526234,716.2698637767614,170.44321968018363,63.32759396641016,96.70799138008788,1.1843073785697278,20.896804565395925,cooling_degradation,185.0,111,299,cooling_degradation_012,27.63847423991885,19.920849496741475
115,4968.926122040052,718.6788098691117,171.22658940215777,65.56390363791151,95.56918205844168,1.155725627568809,20.48109801709565,cooling_degradation,184.0,111,299,cooling_degradation_012,27.615321836968107,20.308411776739195
116,4970.07824831394,715.5948569237781,166.00315180682708,66.07137115213938,99.26308705951767,1.287166000664304,20.89187595485108,cooling_degradation,183.0,111,299,cooling_degradation_012,27.68794555690798,19.82341763074608
117,4970.491226997223,712.8023104110376,167.30689785701986,64.30722216257865,96.59094318129488,1.4047945961417037,20.784532986795803,cooling_degradation,182.0,111,299,cooling_degradation_012,27.628448947737343,20.1829069513275
118,4974.340978992519,716.4381386913806,168.17268891720465,64.73042496945165,95.2984658297289,1.2290021389862968,20.54584510880981,cooling_degradation,181.0,111,299,cooling_degradation_012,27.62892082778773,20.015168739697835
119,4984.040638927878,719.4107830669187,168.8259163041961,64.83407485298079,98.99016133888485,1.104502276111987,20.76010090089877,cooling_degradation,180.0,111,299,cooling_degradation_012,27.71932541998891,20.297843917837113
120,4990.880531402814,719.2575361263714,168.1754787189173,64.98927141030258,97.39594233498129,1.2502657542919278,20.80523205688144,cooling_degradation,179.0,111,299,cooling_degradation_012,27.641673344444758,19.845617842463557
121,4990.194580442903,716.5395687063408,169.6933119462783,64.57285758643678,98.26495667516882,1.2450002506298912,20.95050909742839,cooling_degradation,178.0,111,299,cooling_degradation_012,27.62114856494414,19.897884842585487
122,4995.691525694053,715.8741305492517,170.9964836885783,64.76055794159234,97.29404619202094,1.2899129835909544,20.685382424023125,cooling_degradation,177.0,111,299,cooling_degradation_012,27.690657752074426,20.789307312167672
123,4996.985568023338,715.8359229010708,167.08196504050372,63.36639545802084,95.75862382044215,1.29418785327507,20.82280021202013,cooling_degradation,176.0,111,299,cooling_degradation_012,27.599046539573916,19.261034389983454
124,5002.677334119869,723.6217559854218,173.84223580670016,65.06663592894691,97.8901916318029,1.2589133767388427,20.937673732387243,cooling_degradation,175.0,111,299,cooling_degradation_012,27.628330203916974,20.16639587716181
125,5003.634920771148,722.614456569804,169.3905367664283,65.81120554209437,97.65555941012887,1.6037770560105558,20.917868111485497,cooling_degradation,174.0,111,299,cooling_degradation_012,27.754986907801655,20.008582281749757
126,4995.901122996527,716.4164397915872,173.47336356035962,64.39007580209369,96.7752526613512,1.2197167297140197,21.030725851982933,cooling_degradation,173.0,111,299,cooling_degradation_012,27.6221042549428,20.066601468601927
127,4993.084773723985,721.7788804541948,166.88856986962074,62.56382933844503,97.98950880956484,1.3034165894762533,20.826081391306456,cooling_degradation,172.0,111,299,cooling_degradation_012,27.62517559285785,19.68384420347299
128,4994.600246514609,715.9836025725978,168.91664880870218,66.57635259783844,99.95067897530672,1.0782634735636518,20.828202881463167,cooling_degradation,171.0,111,299,cooling_degradation_012,27.6513633825414,20.468973345367054
129,4995.607715965312,719.4316440635077,171.75651754257683,64.98823637979876,95.5880300333184,1.0796797592872729,20.69346836052264,cooling_degradation,170.0,111,299,cooling_degradation_012,27.550520751738972,19.229062715614223
130,4988.173802118624,718.1903241061791,170.84073908340503,65.83648708098326,97.06519684583928,1.2433998396946546,20.72987200195953,cooling_degradation,169.0,111,299,cooling_degradation_012,27.611147749900404,19.5138359388936
131,4988.288184335354,715.9519912093357,168.0910621057217,64.25035097863564,98.92592643248156,1.2435999317694848,21.530626909685903,cooling_degradation,168.0,111,299,cooling_degradation_012,27.645687753235684,20.149601398203085
132,4992.76347515785,715.0562450711757,169.61704312690372,64.21643888805731,96.48934124565436,1.3025278420244495,20.7695328772944,cooling_degradation,167.0,111,299,cooling_degradation_012,27.66902502649857,20.114816600502834
133,4987.548681400077,719.4113688427404,169.579142587789,64.33256259300494,99.60316335670366,1.1798392683508772,21.145542942952627,cooling_degradation,166.0,111,299,cooling_degradation_012,27.584260827201973,19.458658991219018
134,4984.864809759408,711.4584851632626,165.85680704457914,67.06966387388721,100.12858215066946,1.1263557592211928,20.80813147349213,cooling_degradation,165.0,111,299,cooling_degradation_012,27.6767565259319,19.97828823981539
135,4989.150100249437,720.3826438500395,169.4900215142214,64.52544180917732,98.3929391726142,1.3511364904859344,20.88163786472179,cooling_degradation,164.0,111,299,cooling_degradation_012,27.701835994089514,19.850551393860762
136,4990.440386226081,721.6963547314584,171.06087014214,65.23279369369983,98.24557239733272,1.256732073649499,20.419955102386037,cooling_degradation,163.0,111,299,cooling_degradation_012,27.635888705293134,19.268277104835118
137,4994.041130828796,720.205630559513,168.85409558512933,65.6512082899822,96.49391133583994,1.233703655373421,21.28810761800009,cooling_degradation,162.0,111,299,cooling_degradation_012,27.573484145728823,20.027441344067185
138,4989.139152703609,717.959106457248,171.93556898385486,64.08425576372342,97.18612717865892,1.2872314842462371,20.81316686466885,cooling_degradation,161.0,111,299,cooling_degradation_012,27.64481582607788,19.83317034220297
139,4988.295301215295,719.6910449956845,167.26994012427895,64.44173010272098,98.14957509381924,1.298674066055463,21.185642614994222,cooling_degradation,160.0,111,299,cooling_degradation_012,27.556643672444494,19.89844901983543
140,4988.434097539198,722.2761953182182,169.9882529110837,64.84785687117126,97.86734808092184,1.1244369962563372,21.06291704213768,cooling_degradation,159.0,111,299,cooling_degradation_012,27.628503710939626,20.648299208434114
141,4987.205179333313,715.8899668690542,170.146193397435,63.48833370573436,97.34137971985444,1.0940557394399557,20.883909559037345,cooling_degradation,158.0,111,299,cooling_degradation_012,27.587434913534853,19.79453106898455
142,4993.092351943436,718.3016896540651,171.13007861516184,65.81935053280112,96.74020386043618,1.320321325644625,20.804452148894644,cooling_degradation,157.0,111,299,cooling_degradation_012,27.59012077145847,20.03878095130364
143,4989.428756002506,717.6337602240095,173.0386092556218,64.52747096133277,95.57498098193568,1.3482301099901053,20.81581995930572,cooling_degradation,156.0,111,299,cooling_degradation_012,27.668645560577904,19.508845793961754
144,4997.41344920071,721.1026600264468,169.98607679755025,65.94256984337324,98.06653986177253,1.4488106762324289,20.70170542536362,cooling_degradation,155.0,111,299,cooling_degradation_012,27.71686250750354,19.931714126454544
145,4993.4822020421125,714.3442867923736,173.06061077078405,64.75668591912458,97.13326809273532,1.1138052085366463,20.305358838874277,cooling_degradation,154.0,111,299,cooling_degradation_012,27.588366256458112,19.6914581334923
146,4985.954698551354,720.1212152657807,173.32840752580802,65.98313117533341,97.6229861312724,1.189982114742392,20.91466825300295,cooling_degradation,153.0,111,299,cooling_degradation_012,27.578714333716217,19.79201040121856
147,4983.485290328753,718.2847488900196,165.3071808383293,65.03666018098703,95.95999474105136,1.389306888083432,21.17585352421689,cooling_degradation,152.0,111,299,cooling_degradation_012,27.73525332660617,19.975048502079765
148,4978.75169390333,722.806984958668,166.18870891508206,63.44245139901177,96.76826560274816,1.3424977555233475,21.19804259008013,cooling_degradation,151.0,111,299,cooling_degradation_012,27.624710963488965,20.33596806543683
149,4978.890918075164,717.3468159010142,170.95239262943255,65.15629113566621,96.77734952989208,1.3579176456797764,20.630467836201436,cooling_degradation,150.0,111,299,cooling_degradation_012,27.68765929446867,20.352000625986957
150,4973.694646518396,715.4816854619972,165.01719814906943,65.50225490004698,98.22254093423464,1.318966306840665,20.60528882222065,cooling_degradation,149.0,111,299,cooling_degradation_012,27.69347599452521,20.05348681052937
151,4969.666341789666,716.4367157038353,167.7471419462639,64.77199710262201,95.63136211645832,1.256822303579633,20.77945493443885,cooling_degradation,148.0,111,299,cooling_degradation_012,27.782522031053123,19.371690760675715
152,4967.898181657587,714.1025543021299,170.82623930176277,63.67857072543087,96.55522536117556,1.2800942230559549,20.436945777839277,cooling_degradation,147.0,111,299,cooling_degradation_012,27.677696385589318,19.66553646681896
153,4966.396372043488,718.2740999147334,172.332536392263,64.98602757863885,98.13873290845407,1.0758557984733066,20.77042584757742,cooling_degradation,146.0,111,299,cooling_degradation_012,27.73428952499701,20.342179756622624
154,4960.190954859721,715.9825871173049,172.51509589967287,64.80093537122488,97.8216182084315,0.9328519413262384,20.7142145330739,cooling_degradation,145.0,111,299,cooling_degradation_012,27.73159062003459,19.700901269632258
155,4960.313265735562,718.0432004885345,170.26321167167745,63.92140336475478,97.48553012611826,0.987020150279461,20.264626183032583,cooling_degradation,144.0,111,299,cooling_degradation_012,27.71367359544964,19.803438503768703
156,4961.899671521685,721.334379615955,170.30417770222033,64.52343442180621,98.57879357774786,1.3674876258116,20.686689522470857,cooling_degradation,143.0,111,299,cooling_degradation_012,27.765471506543896,20.34050573990904
157,4963.725266759205,712.3859874020987,171.5086116242037,64.56605326139108,97.02431954074102,1.209421512553725,20.363892632113384,cooling_degradation,142.0,111,299,cooling_degradation_012,27.72422479329875,20.05548484690499
158,4968.344270582978,704.0106091606382,172.01572249043917,63.40637805359923,96.57263997130698,1.2091430241459655,20.78881607517981,cooling_degradation,141.0,111,299,cooling_degradation_012,27.66816536647226,20.03281595888831
159,4974.40227406764,715.8674931486091,173.75257900430933,65.56994157835314,95.932261159077,1.0640188675937603,20.58129855917601,cooling_degradation,140.0,111,299,cooling_degradation_012,27.753716994818223,19.981116881298327
160,4975.240880841765,717.5557689977376,171.15961948023178,66.54775481792699,96.76275722024978,1.0252201379935597,20.45511687289157,cooling_degradation,139.0,111,299,cooling_degradation_012,27.626071709223996,20.32852075986884
161,4974.191204939421,723.7962128446969,172.9331401637704,64.81823752134603,97.09349678566832,1.2054361185159064,21.247204226922737,cooling_degradation,138.0,111,299,cooling_degradation_012,27.574431304064273,20.294550095270548
162,4980.589698509202,714.856156221837,171.3171668585999,65.36295034071435,98.88031914235532,1.1880731060374483,20.691652498248683,cooling_degradation,137.0,111,299,cooling_degradation_012,27.647276682573175,20.344534977244866
163,4980.231958588354,721.2226907720379,175.43248395836517,63.65822888117386,96.99498004416776,1.2462397625971806,21.043357395097363,cooling_degradation,136.0,111,299,cooling_degradation_012,27.630180441351325,20.494850669777396
164,4979.485944695431,717.3516142168023,172.76827728961985,65.08104140577987,99.91548727783,1.097565345471421,21.21457726825616,cooling_degradation,135.0,111,299,cooling_degradation_012,27.621973796803825,19.491683801599166
165,4973.682916171223,716.1336984803708,173.3700416328304,64.6748151905229,96.61350706070591,1.3293458443265138,20.484267426717157,cooling_degradation,134.0,111,299,cooling_degradation_012,27.600584096333563,20.368914129302667
166,4971.056247288833,722.027150398072,169.6837780689213,65.15341605835582,96.66329831905264,1.2115230200220353,20.31260508784317,cooling_degradation,133.0,111,299,cooling_degradation_012,27.552053221602936,20.578062666078377
167,4969.555539035739,719.9039847416957,169.66299142220078,63.84661501386819,97.85269649866048,1.1437991753653876,20.66864741921873,cooling_degradation,132.0,111,299,cooling_degradation_012,27.477106221476813,19.997852974441066
168,4957.439538961709,712.2126560616257,172.67074008256768,65.21588501967773,97.05534125045142,1.3071427717218425,20.71361795690756,cooling_degradation,131.0,111,299,cooling_degradation_012,27.520216378171124,19.782725450358516
169,4961.9621878980815,712.4132619198339,170.9979467727014,64.98357577486438,95.72596455644292,1.3166872301446662,20.54425228087869,cooling_degradation,130.0,111,299,cooling_degradation_012,27.54550308625531,19.987516943087176
170,4958.490855564279,716.4040511352079,176.65703805023776,64.25335323651991,95.86762108727716,1.2083202973985936,20.59107293627416,cooling_degradation,129.0,111,299,cooling_degradation_012,27.53052602156416,20.53424803547314
171,4958.433904329207,713.5139510833078,167.46371819421725,63.70839341149165,98.07125650191573,1.205259312367911,21.027815997539356,cooling_degradation,128.0,111,299,cooling_degradation_012,27.601824261461992,19.91556744114375
172,4955.43575812126,715.2733707586032,174.71576086913242,63.38579269781206,97.3642033026504,1.097490124614482,20.5769686711813,cooling_degradation,127.0,111,299,cooling_degradation_012,27.60477223802509,19.93723108132861
173,4951.391785559121,716.5782832753716,169.8623413709926,64.00098660009691,96.21572923328876,1.0519320004727606,20.40727370361525,cooling_degradation,126.0,111,299,cooling_degradation_012,27.614208230315608,19.98038645224147
174,4953.61035402254,718.6815255418171,168.7184789760868,64.39852559416752,95.96082315683816,1.161904724138619,20.2784094958316,cooling_degradation,125.0,111,299,cooling_degradation_012,27.567229260055804,20.639039369111558
175,4951.104306267413,717.0833604068725,173.70720304269187,62.959661154262825,99.11460044810003,1.2019920457570286,20.68109715762844,cooling_degradation,124.0,111,299,cooling_degradation_012,27.546926203692912,19.951722159290803
176,4949.369170259297,714.7748026222471,174.42429203769888,63.0423055120684,97.31940179048424,1.0890239507253223,20.831048938473675,cooling_degradation,123.0,111,299,cooling_degradation_012,27.469578393193792,19.870559930471323
177,4942.506106686897,712.0271580613104,172.13648938155475,64.68896869355673,95.6355301646654,1.1530726644962244,20.18435633652175,cooling_degradation,122.0,111,299,cooling_degradation_012,27.517559750578656,20.080297788872834
178,4940.605396682668,710.3341548423697,172.71568722386684,64.69481727715021,96.36054685510774,1.3502532710399897,20.058230999184463,cooling_degradation,121.0,111,299,cooling_degradation_012,27.541115465292705,19.513501948373584
179,4941.03217387241,712.4147566172009,172.13586671062993,63.136363335033145,97.04162206183562,1.235097901031841,20.172207760619568,cooling_degradation,120.0,111,299,cooling_degradation_012,27.490703535550214,19.870853200100385
180,4941.249189297612,709.7032026372774,174.1621860208681,64.1136847838702,97.167606522877,1.2080722209542376,20.298388475753377,cooling_degradation,119.0,111,299,cooling_degradation_012,27.521315330219657,20.322220798015984
181,4945.507907743591,711.5998453807507,170.9410645335275,64.0012100319931,97.55975972037815,1.2977076251565791,20.331661141658557,cooling_degradation,118.0,111,299,cooling_degradation_012,27.601532309920714,20.237750499154245
182,4952.118449802175,714.9197001861381,172.0348932375909,64.8270149002712,97.70617525335128,1.284714556813214,20.54339368500637,cooling_degradation,117.0,111,299,cooling_degradation_012,27.588233250435593,19.41798779748366
183,4953.121167895857,715.6292841887205,176.7768085112978,63.22385181250118,97.90937710262364,1.2056669857448667,20.286251259209664,cooling_degradation,116.0,111,299,cooling_degradation_012,27.596262402852954,19.816705918500777
184,4957.5439420418425,713.590398233668,170.06620710182844,64.24130465807,96.92509709808098,1.1115427225349248,20.707162800731066,cooling_degradation,115.0,111,299,cooling_degradation_012,27.68827529223647,20.27177898924882
185,4957.297899012275,720.2063389430363,171.10540580915404,64.23339602720773,97.01501504257902,1.3946192081397053,20.31737900347195,cooling_degradation,114.0,111,299,cooling_degradation_012,27.68984208264692,20.576542190133942
186,4954.955254682985,719.2737859049623,170.25493902636194,64.16151645693598,96.21397641402466,1.3459145773485488,20.731893140929408,cooling_degradation,113.0,111,299,cooling_degradation_012,27.693882844295363,20.159027850231993
187,4958.33923573928,717.0158607369789,174.13874856963238,64.86953093266925,96.94149479716468,1.0557448958539632,20.86522598817617,cooling_degradation,112.0,111,299,cooling_degradation_012,27.655687012310555,19.464421415448257
188,4962.978617251428,723.8857212627137,176.27046343581586,64.45624647779164,97.23476856892938,1.2212270573064856,20.557813054294225,cooling_degradation,111.0,111,299,cooling_degradation_012,27.57407569589635,20.21362194298066
189,4966.110511493104,712.2511497436587,173.67020822727463,63.22018583226127,95.928263783126,1.1866593876990867,20.66866173772664,cooling_degradation,110.0,111,299,cooling_degradation_012,27.660513209105854,19.440633361791445
190,4970.563853391263,717.9526314735488,176.75635838906777,64.7298729087093,97.00833528863213,1.278384502482084,20.944636620829414,cooling_degradation,109.0,111,299,cooling_degradation_012,27.61644029964955,20.18325668097277
191,4979.692680629157,720.1362246295265,178.42974219400656,65.6688718244999,98.1419240471654,1.0848149312197548,20.320706868953053,cooling_degradation,108.0,111,299,cooling_degradation_012,27.704737822623738,20.457259102217563
192,4973.707291981124,721.0396071083142,175.66123156381707,63.52985291066593,96.05948704260048,1.4632134878774494,20.636559622865573,cooling_degradation,107.0,111,299,cooling_degradation_012,27.73890317900573,19.554650339682183
193,4975.470601160408,718.0487207270558,179.04185474731008,65.01423197429106,96.82037876282628,1.3567076329823915,20.633927096724964,cooling_degradation,106.0,111,299,cooling_degradation_012,27.532489500567934,19.808534264987717
194,4977.355850592292,716.113777060447,174.3538753254688,65.79108628693665,97.19581783438475,1.137779394305936,21.06304596288126,cooling_degradation,105.0,111,299,cooling_degradation_012,27.568864197381355,20.41008470851786
195,4982.687223282785,722.6805003156477,174.094015936659,65.1529948916502,97.611959222561,1.0025209939120006,20.765871304009647,cooling_degradation,104.0,111,299,cooling_degradation_012,27.442345730294925,20.018591412056168
196,4985.533806078352,724.2564771197017,174.6587542009869,64.59978948603366,96.3308397139912,0.976773242749062,20.90644697144728,cooling_degradation,103.0,111,299,cooling_degradation_012,27.606396269323763,19.950802970647146
197,4986.806616425955,720.300065550676,178.7169449867196,65.54219278961935,98.21475917742322,1.2212731949873066,20.958806250693357,cooling_degradation,102.0,111,299,cooling_degradation_012,27.509003876587183,20.5116245924166
198,4988.340818102032,719.3638935065759,179.38883568346552,65.2533333824764,97.33246139688492,0.9694505623677636,20.86760970765002,cooling_degradation,101.0,111,299,cooling_degradation_012,27.58889280292007,19.765642482704404
199,4994.935895595671,721.8512650330935,173.27152024756052,63.10307435796313,98.69228352110684,1.1823985014682217,21.006410259347085,cooling_degradation,100.0,111,299,cooling_degradation_012,27.565999745308314,20.306663916213193
200,4991.131638180593,717.1066521552187,179.7219497952061,64.14367382758815,96.42879240446078,1.2224720763785353,20.65735766153304,cooling_degradation,99.0,111,299,cooling_degradation_012,27.542533517147813,19.918655565000805
201,4990.843252458449,716.7921979656089,180.88928903183,63.85651681881542,97.03242245823404,1.2828041781892492,20.77176844232985,cooling_degradation,98.0,111,299,cooling_degradation_012,27.594175963090827,20.117064242386547
202,4994.241478882595,720.1731412968336,177.01363784363286,64.6711509187267,98.99494147135702,1.167549921870109,20.824875611102684,cooling_degradation,97.0,111,299,cooling_degradation_012,27.63204674055576,19.572916187974307
203,4993.003367307274,719.833173206365,171.43259379000378,65.62579362836357,96.56796060788454,1.144142722661428,20.49458532925408,cooling_degradation,96.0,111,299,cooling_degradation_012,27.625426764946248,20.665480759747293
204,4989.208708823816,716.7876175180029,176.85188540279705,64.30779474381036,97.37213945049416,1.01409160362891,20.860703743898902,cooling_degradation,95.0,111,299,cooling_degradation_012,27.554779791742433,20.212181280103408
205,4991.305685935139,726.4890962193264,179.81076438580354,63.65703481335886,98.74658203104808,1.0952739705544017,21.36121706233309,cooling_degradation,94.0,111,299,cooling_degradation_012,27.571167860361946,19.690504886617845
206,4991.370834881734,718.0616665155409,178.472884441565,64.6775662343854,96.23644587180516,1.0243773288189717,21.00381022947461,cooling_degradation,93.0,111,299,cooling_degradation_012,27.513208027624884,20.491061172067536
207,4992.089957056877,716.6719221550688,179.9293161670717,65.42741075245806,97.22680449848286,1.2405972904746143,20.561178028965447,cooling_degradation,92.0,111,299,cooling_degradation_012,27.506874626759565,20.403556008894718
208,4991.294247421703,722.8056177592911,177.98387579606705,65.15479903770132,97.45371087172926,1.400664593962696,21.09341906141375,cooling_degradation,91.0,111,299,cooling_degradation_012,27.63977862328063,20.14985034081781
209,4987.0969696723805,712.8025669757108,180.25604821875865,65.48445006795635,96.10679314619726,1.0761643661640887,21.0336394635048,cooling_degradation,90.0,111,299,cooling_degradation_012,27.448997189547175,19.806036541504064
210,4986.2640392406,717.2446229747951,182.9420447854536,63.99227035080341,98.16566120949211,1.091745935852992,21.14597717461224,cooling_degradation,89.0,111,299,cooling_degradation_012,27.580645454238162,20.419678506762477
211,4990.409512343912,721.1547469322226,181.56597097922253,64.04492129843304,97.4500681581162,1.2123149197373737,20.88765492461892,cooling_degradation,88.0,111,299,cooling_degradation_012,27.537439577543125,20.066942522397223
212,4987.327242338996,719.6553671674441,183.15976812364755,64.83492805575747,96.97080969335772,1.2034757907429712,20.617011570727545,cooling_degradation,87.0,111,299,cooling_degradation_012,27.453843163177698,19.993556723063588
213,4991.999125155361,717.3431351658946,183.68130565937503,64.81181945943952,98.65725776343864,1.4711422635486178,21.0080781804404,cooling_degradation,86.0,111,299,cooling_degradation_012,27.494117062108582,20.142505664879526
214,4986.557977618233,722.3454427774332,183.9313799480245,64.67136201119182,96.4716813842606,1.397823196942635,20.55288678174306,cooling_degradation,85.0,111,299,cooling_degradation_012,27.42283651307985,20.42788674864508
215,4987.928534105025,720.1975577357658,182.81703372725764,65.1173784680011,97.33558036030728,1.2833596201851094,21.146189375963655,cooling_degradation,84.0,111,299,cooling_degradation_012,27.4000799652309,19.68192417674711
216,4988.087701183228,724.7848188154076,179.35521041786748,65.87190008892522,96.29403055239388,1.1581273389463818,20.656270428099354,cooling_degradation,83.0,111,299,cooling_degradation_012,27.40073290769461,19.82370041407197
217,4993.124869643386,726.339776249706,182.4575363011044,64.96310603286864,94.5442591060732,1.4703967912223288,20.902147751644325,cooling_degradation,82.0,111,299,cooling_degradation_012,27.496956160166704,20.389589620997956
218,4989.394134437625,727.7739915010909,180.4907662459363,63.74726272290446,98.67847263726128,1.2452278441886224,20.57077173961723,cooling_degradation,81.0,111,299,cooling_degradation_012,27.58680394070657,19.96954267945137
219,4997.24513430107,716.0825433196924,184.94001495149405,64.94767894532131,97.88200685730844,1.249082219333927,20.84567757004056,cooling_degradation,80.0,111,299,cooling_degradation_012,27.61433014574922,20.28482949461443
220,4996.830742612024,718.3996253629603,184.6341362512022,65.24162217932587,96.4945318748492,1.3144982960004334,21.269385589063827,cooling_degradation,79.0,111,299,cooling_degradation_012,27.562398730018934,19.987292879174134
221,5002.534160684839,721.6619727620837,179.97274769591857,64.74928182702477,96.2957241644718,1.235378216603542,20.970447594603836,cooling_degradation,78.0,111,299,cooling_degradation_012,27.62338120950026,19.697296361723375
222,5015.792435772368,720.1230466109648,185.24867360600268,66.40411939008706,98.1216229548428,1.0816034233565062,20.86006252398459,cooling_degradation,77.0,111,299,cooling_degradation_012,27.6428425849009,20.21263187659843
223,5017.692082913972,721.7486069639813,185.1822843777613,64.8372197569682,97.87563584820695,1.4079452834831865,21.480277487085203,cooling_degradation,76.0,111,299,cooling_degradation_012,27.589890261717994,19.750281579586172
224,5019.361479745528,724.422309648106,181.62884508697937,65.30161640254869,97.70178959893626,1.2030149523404623,21.27704828711197,cooling_degradation,75.0,111,299,cooling_degradation_012,27.6636475810921,19.927210879110454
225,5018.269480980535,726.5246465918763,185.9413995199148,64.28142377280673,96.0111782291541,1.2188750870861649,21.436807146790244,cooling_degradation,74.0,111,299,cooling_degradation_012,27.723703741552253,19.82656201348165
226,5021.346099250727,726.1474232510952,187.09874174191225,65.04123033654271,96.66764296135212,1.3223918963803194,21.237640403723752,cooling_degradation,73.0,111,299,cooling_degradation_012,27.663859504379317,20.67310887603056
227,5029.387732624359,727.5102090412914,187.82370024170407,66.2420714273694,98.113943029114,1.4602329322883725,20.954884326536195,cooling_degradation,72.0,111,299,cooling_degradation_012,27.675325502556802,19.87281288261608
228,5035.076802089715,727.3943447879469,190.992860525051,64.7962802220382,98.72637436156512,1.1773055135061503,21.20949090533762,cooling_degradation,71.0,111,299,cooling_degradation_012,27.592706972961825,19.44950601341202
229,5035.375601612298,725.3782828319482,187.30689318543725,66.6746794069402,98.87430222672592,1.2356694200819356,21.46183036568116,cooling_degradation,70.0,111,299,cooling_degradation_012,27.62648459308821,20.031498822709906
230,5036.399769098552,728.9582243806948,190.83875621619617,65.83073307306874,98.65147289244624,1.3152797608887965,21.54613355704501,cooling_degradation,69.0,111,299,cooling_degradation_012,27.70901572132613,19.999905980478545
231,5039.732641730233,728.4250055872182,190.42837811289928,65.53946390983666,99.12277800974768,1.2952863120689575,21.465612275772997,cooling_degradation,68.0,111,299,cooling_degradation_012,27.664817775334402,19.765380370122593
232,5040.553248806286,719.2003280683042,190.85299092496632,64.45793468143236,98.32915578835498,1.5014545173741902,21.102360531346815,cooling_degradation,67.0,111,299,cooling_degradation_012,27.688298956869037,20.40234736165662
233,5035.310386370333,726.3247721326152,189.89417731305204,64.16486385348207,96.90819429878374,1.4760000039400103,21.15074700491969,cooling_degradation,66.0,111,299,cooling_degradation_012,27.657961586601985,19.97773857207296
234,5032.276743560338,726.0124795173579,190.16402901076472,64.54021825632472,98.51296590229089,1.3325085418812987,21.24929017859722,cooling_degradation,65.0,111,299,cooling_degradation_012,27.646126986940168,20.040369887124182
235,5032.687138190769,723.3178527857757,190.5645484733801,66.48653329545957,97.63122960077597,1.4459021012326092,21.631827788548662,cooling_degradation,64.0,111,299,cooling_degradation_012,27.704652714832584,20.011367238420416
236,5040.798536381048,727.9975866696823,190.8507983587194,65.21601799896385,98.82402409306673,1.2198716278637938,21.337952585687336,cooling_degradation,63.0,111,299,cooling_degradation_012,27.6386144730198,20.03492748574864
237,5043.609631204617,727.0221008022731,188.70788163464795,65.27144706245483,97.41297637451515,1.2930725177078908,21.851651841197263,cooling_degradation,62.0,111,299,cooling_degradation_012,27.63606185266115,19.439329122214282
238,5044.650878425968,730.3062461382083,190.49668015380797,64.8782013770307,100.0633163558884,1.2922862619384936,21.662553906924376,cooling_degradation,61.0,111,299,cooling_degradation_012,27.687886164210813,19.627989526629726
239,5045.563809921794,728.1549954412527,190.92689661244745,64.10134785516249,96.68730025411767,1.3350813727872954,21.595348826451016,cooling_degradation,60.0,111,299,cooling_degradation_012,27.62616532434942,20.48442682981485
240,5045.789790088678,731.4356141344978,197.90968901706887,65.79402217858112,97.21440284049925,1.2890534679684604,21.6227302825808,cooling_degradation,59.0,111,299,cooling_degradation_012,27.642179613628176,20.283121480518524
241,5043.840842136567,734.3522700059442,195.9824611904749,65.70526856891875,98.000566417867,1.1742370338410535,21.47453048716223,cooling_degradation,58.0,111,299,cooling_degradation_012,27.54716491838735,19.905181813704836
242,5041.251374357967,726.063959264096,193.0699400913336,66.77672929635895,97.43834453746976,1.350676470704,21.520093810883356,cooling_degradation,57.0,111,299,cooling_degradation_012,27.60926989926887,20.289759772864358
243,5031.026651097806,729.6512001572119,192.5039029753613,65.30041979343626,97.81709419809238,1.3608351609952942,21.025475492720958,cooling_degradation,56.0,111,299,cooling_degradation_012,27.66896130588158,20.489606974333363
244,5030.632852510217,727.0001471968926,191.02590562278016,66.80942556213245,97.9189412224993,1.224135460228699,21.61745832829151,cooling_degradation,55.0,111,299,cooling_degradation_012,27.75888625114588,20.43271705014099
245,5028.1928559925245,717.9913508442469,189.5828335332804,66.61314469684864,98.83220166526915,1.2529111107086597,21.56019150702381,cooling_degradation,54.0,111,299,cooling_degradation_012,27.554867153437545,20.12040206842609
246,5025.780899644937,728.4097785824155,197.1077232375657,64.75860879117036,97.75830863963824,1.3250803874951795,21.328283422585724,cooling_degradation,53.0,111,299,cooling_degradation_012,27.84674480419319,20.019685090042245
247,5024.455970030919,722.163318694878,193.32026397698272,64.96010580262077,96.13580365552204,1.2527349149881717,21.52131410319745,cooling_degradation,52.0,111,299,cooling_degradation_012,27.690160918464986,19.8126762274142
248,5025.595060984485,727.8325087704854,193.2080099482449,64.93727193926316,99.11373951615356,1.225459256664054,20.937542253660943,cooling_degradation,51.0,111,299,cooling_degradation_012,27.633539862375393,20.037448508538592
249,5015.146074284789,724.855817766356,196.63122522460944,66.15511410998151,98.607536342645,1.2279662046418611,20.851678185819136,cooling_degradation,50.0,111,299,cooling_degradation_012,27.66768854837594,19.93048915619128
250,5016.428653824572,732.1229366142666,196.68029073512665,65.77452964679476,99.63317160007564,1.1936785395585352,21.047616343201376,cooling_degradation,49.0,111,299,cooling_degradation_012,27.654207376379688,19.979919829114984
251,5016.970393770197,732.3711627182442,195.00942977989692,65.28715528312763,96.05641739635486,1.3255723956634275,21.368321287769263,cooling_degradation,48.0,111,299,cooling_degradation_012,27.649443543546997,19.683493066148856
252,5011.183277402685,725.4342697010985,197.02762190926055,63.82714680902445,96.76731483690456,1.0609972861072088,21.01570771932553,cooling_degradation,47.0,111,299,cooling_degradation_012,27.51300649377952,20.281987414553647
253,5014.93867537278,720.5757784799919,196.5160418030618,65.30204911513476,98.5071300864968,1.16508032227104,21.293254788843907,cooling_degradation,46.0,111,299,cooling_degradation_012,27.577864312472705,19.800669948547405
254,5013.125534836763,727.4640106629754,198.0943073750264,65.58895178436443,98.03265652419196,1.3837148251592994,21.37276738198685,cooling_degradation,45.0,111,299,cooling_degradation_012,27.513412529011287,19.500399436063134
255,5013.011928568376,725.828459483951,200.6821404298914,63.38029387791418,97.54232883503629,1.3633487210262871,21.288720882491145,cooling_degradation,44.0,111,299,cooling_degradation_012,27.59775897506264,20.35439955292546
256,5005.687702814015,722.7832715989408,199.7176767058934,65.63246492692971,97.16598449670133,0.9892275531976724,20.968525391288185,cooling_degradation,43.0,111,299,cooling_degradation_012,27.51154461210878,20.209898080214636
257,5006.459830194916,722.5266314054752,199.74962104258196,65.73885333453566,98.23255041211554,1.2955007597574286,21.01302682051793,cooling_degradation,42.0,111,299,cooling_degradation_012,27.551616476552116,19.63591972226565
258,5004.888328555853,723.5373241650193,201.4501812613061,63.57146989203445,97.31770764912052,1.1847962781160943,21.139504910869547,cooling_degradation,41.0,111,299,cooling_degradation_012,27.470202769260794,20.190359078199947
259,5005.017167016152,722.5426815158606,198.01450996818744,65.48014843226291,98.52734008440746,1.2836062931515078,21.090781836103933,cooling_degradation,40.0,111,299,cooling_degradation_012,27.55527310220265,20.424776817639223
260,5008.307097247847,731.2154119742265,199.1766606248914,65.19516026034836,98.89113417511425,1.2383884265557723,20.886822762455186,cooling_degradation,39.0,111,299,cooling_degradation_012,27.441692318306973,20.114419874974658
261,5011.557103229618,727.8285632686038,200.97817195585296,65.91206975718238,97.71891816614058,1.107788229514634,21.17968366175838,cooling_degradation,38.0,111,299,cooling_degradation_012,27.475229109059732,19.88542381626083
262,5012.437256071572,731.0189306352213,201.01980985676107,66.18702943068921,100.15644181999524,1.3515644385780272,21.12050332192917,cooling_degradation,37.0,111,299,cooling_degradation_012,27.37529794691425,20.348243778814236
263,5017.009205822367,722.7665454484717,204.4168058791822,65.17886599397795,97.66353294773334,1.311161713503546,21.50096250854108,cooling_degradation,36.0,111,299,cooling_degradation_012,27.483995286948577,20.6534333748455
264,5015.538915113586,721.7098680921868,199.2167679212817,65.83926666535228,99.41260506738436,1.1879057102150508,20.85952445045788,cooling_degradation,35.0,111,299,cooling_degradation_012,27.397312090870745,19.306608433010656
265,5010.605788452488,725.4953297115605,205.024614375892,64.89631505118184,97.36051572918208,1.0377509353860752,21.30388034667992,cooling_degradation,34.0,111,299,cooling_degradation_012,27.421844137013654,20.51745623935601
266,5005.354604007695,726.7230825710385,201.682623939522,65.15912696733466,97.30271483305036,1.3126746048018374,21.39216732099405,cooling_degradation,33.0,111,299,cooling_degradation_012,27.449747566718038,19.932330432862834
267,5004.945443651169,722.5540331366632,204.40398975668808,64.03567262281149,98.58641905928948,1.3335935185566246,20.936392278610587,cooling_degradation,32.0,111,299,cooling_degradation_012,27.53707373700966,20.361199499996058
268,5008.223191090758,726.477902409195,205.80354986818872,65.56173779851004,97.17297647239664,1.1824146090924843,21.406732739728888,cooling_degradation,31.0,111,299,cooling_degradation_012,27.36774072548088,20.359390032984408
269,5010.652488022072,730.2295155975032,203.8062996453365,64.6950551204106,97.73749402987244,1.207740033812949,21.0939976096072,cooling_degradation,30.0,111,299,cooling_degradation_012,27.37370204359745,20.302888443548415
270,5012.405917802659,729.6868246341303,202.52774395894687,64.40548807955106,98.45666980389286,1.4864396714527752,20.99075734580084,cooling_degradation,29.0,111,299,cooling_degradation_012,27.311769118305538,20.424978835692862
271,5010.169952460983,723.3265713847148,210.85603481216725,64.07779434283594,95.46055322956308,1.135163243364275,21.049048141987843,cooling_degradation,28.0,111,299,cooling_degradation_012,27.402580404990758,20.099034803656465
272,5012.713379124863,728.8122458424317,201.3118987790789,65.355185800827,98.50655950977078,1.2306733703380526,20.99589421566922,cooling_degradation,27.0,111,299,cooling_degradation_012,27.509640756040422,20.066421793529447
273,5012.525491693861,726.2008096107061,208.66664918694988,64.90569744005901,96.59523679478109,1.3028152300521658,21.02759047917429,cooling_degradation,26.0,111,299,cooling_degradation_012,27.464069576391534,19.18243677228972
274,5015.682070777999,725.732982551336,206.55561272139977,63.59629117196545,96.90957283420562,1.171351040618013,21.370505269033664,cooling_degradation,25.0,111,299,cooling_degradation_012,27.436809405127164,20.131282816161203
275,5018.621148694787,733.0612211375268,209.03420569260496,65.07633592154903,97.63576813188516,1.2869337848814384,21.188437774089547,cooling_degradation,24.0,111,299,cooling_degradation_012,27.35260471512078,19.76045115121121
276,5011.251421354784,729.5732780638727,207.13613802546405,65.7055911963174,98.96923497495472,1.464971966715198,21.225177636970532,cooling_degradation,23.0,111,299,cooling_degradation_012,27.317294635388656,19.953204868186134
277,5009.314645844534,730.3666903237665,211.0350352043886,64.9224782299924,96.92256657949834,1.2869154948734638,21.11530042323332,cooling_degradation,22.0,111,299,cooling_degradation_012,27.207570782085728,20.30843768123054
278,5006.411782011054,727.2204055569332,210.08528786223616,64.2578219766952,97.18766278977016,1.282997864489025,20.806023408651303,cooling_degradation,21.0,111,299,cooling_degradation_012,27.403820715749873,20.111001118745968
279,5013.150745284865,725.4070099040459,207.97501853438692,63.936687231042,98.34278193896613,1.283302273164988,20.9331094517802,cooling_degradation,20.0,111,299,cooling_degradation_012,27.36138170523969,20.115118564119754
280,5012.998767295482,725.4298607794515,209.14225277751356,66.46146302253945,98.2758977064266,1.3545816001010835,20.889526588307504,cooling_degradation,19.0,111,299,cooling_degradation_012,27.304454202068506,19.345598770171982
281,5014.442030153079,724.9920490557855,211.85634668811264,66.50300112774836,96.86419781118356,1.2367562000629886,21.763479941838423,cooling_degradation,18.0,111,299,cooling_degradation_012,27.340274991700998,19.773845399592894
282,5015.311655144037,728.180110875736,211.7500825221156,66.85089180168697,98.09344235376724,1.2140009830151608,21.34909383701507,cooling_degradation,17.0,111,299,cooling_degradation_012,27.24997487291789,20.077885508224416
283,5010.560944097665,726.8397183196317,212.28062528627316,66.76393827615314,97.96435850940657,1.278042708876466,21.261759678941868,cooling_degradation,16.0,111,299,cooling_degradation_012,27.162321793544294,19.906865509088743
284,5005.176772426948,726.1298001124647,213.9306187592415,65.53572702390144,95.10089409437724,1.354198061387014,20.68845444429457,cooling_degradation,15.0,111,299,cooling_degradation_012,27.14371790554191,19.860455791189803
285,5002.68631040098,726.4164132522744,213.5329144460108,65.6825096173283,99.09640062599745,1.1677312993961186,20.88640285327195,cooling_degradation,14.0,111,299,cooling_degradation_012,27.286266683046186,19.968001706396066
286,4998.477053968387,728.5795143997194,213.82618632953975,62.97116187480624,97.16342630137284,1.2524373156321913,21.188306078415827,cooling_degradation,13.0,111,299,cooling_degradation_012,27.314698204759946,19.694264084086843
287,4993.580090404157,729.9698335057913,215.3593864834546,65.34397220781594,98.1033368209978,1.2844999563848425,20.772606247125804,cooling_degradation,12.0,111,299,cooling_degradation_012,27.277192579251796,19.559556926533876
288,4991.574276429985,728.5267373255805,214.24428180471915,63.285072676538526,98.37130203568798,1.016072454458177,20.90617116408511,cooling_degradation,11.0,111,299,cooling_degradation_012,27.363226263678698,20.057040219440303
289,4987.859274654807,730.3315387114452,219.29648351331323,66.27764851175564,97.38320277479735,1.088215184766591,20.85451416001712,cooling_degradation,10.0,111,299,cooling_degradation_012,27.437821136185338,20.064786886809063
290,4988.8484196100735,723.0414419615149,217.46075835970976,63.14199263342507,96.7119075201863,1.0398791356774957,20.711829590394665,cooling_degradation,9.0,111,299,cooling_degradation_012,27.47893477784809,20.15717131446984
291,4989.367383260761,722.2784551094857,217.98739560430943,64.57978706039222,96.13391798747348,1.4171797385740696,21.306890787465598,cooling_degradation,8.0,111,299,cooling_degradation_012,27.413465638776554,20.48813062270357
292,4986.477187576094,729.6093761644142,215.51041687386356,63.01017381064539,97.36341261354998,1.255113535166975,20.8125179464087,cooling_degradation,7.0,111,299,cooling_degradation_012,27.4804914240304,19.960649615140742
293,4996.1577451155335,728.9827573439258,219.30390061184653,63.57120351256042,96.56313469018562,1.134845032381946,21.32595159964844,cooling_degradation,6.0,111,299,cooling_degradation_012,27.4396076492692,20.144183183279065
294,5004.492418830718,726.4061793111903,220.2372336899677,65.23481748180598,96.98045147150688,1.2905289975327054,20.449967460165755,cooling_degradation,5.0,111,299,cooling_degradation_012,27.469813327274835,20.182998616793377
295,5006.892351753017,733.1852856883618,220.17694316866937,63.95999302573155,97.6383153208936,1.2667370515431426,21.32739586924261,cooling_degradation,4.0,111,299,cooling_degradation_012,27.478041477354154,20.173355600519294
296,5007.985915404164,732.1186081411807,222.33988574657636,65.16273550004763,96.7599181730048,1.4754016139224482,21.52737933739153,cooling_degradation,3.0,111,299,cooling_degradation_012,27.571453609519395,20.137937759457067
297,5007.658202879742,725.2354916942369,223.91321892160977,65.09633188893197,97.90454590951462,1.2395796309157618,20.89811584953152,cooling_degradation,2.0,111,299,cooling_degradation_012,27.552498476066578,19.81094563615278
298,5003.131386223232,723.4269728937265,221.05689116202177,66.08493906565975,98.58423189510648,1.218649746530586,21.07366150747954,cooling_degradation,1.0,111,299,cooling_degradation_012,27.41366798941039,19.633791659208686
299,4999.6994441457455,727.7239573195097,223.3261960306388,65.73575808574618,96.88485530400564,1.195640072116132,21.04278718278009,cooling_degradation,0.0,111,299,cooling_degradation_012,27.577408204753326,20.171597497155965
