timestamp,rpm,egt,cht,oil_pressure,oil_temp,vibration,fuel_flow,mission_profile,altitude_m,ambient_temp_offset_c,fault_type,true_rul_timesteps,fault_onset_idx,failure_idx,flight_id,battery_voltage,injection_timing_deg
0,4995.36980141152,731.8010600548132,177.58142057803892,64.6432288960057,90.02824250826475,1.2422245758769244,20.97271982027012,high_altitude,6000,-10,none,-1.0,-1,-1,mission_high_altitude_healthy,27.53784992430198,19.862498398797843
1,4996.52882462083,739.6412050281643,172.34198821898002,64.15799271910173,89.79773038000789,1.3032275282311925,20.960262598058257,high_altitude,6000,-10,none,-1.0,-1,-1,mission_high_altitude_healthy,27.651681402779726,20.176137030140634
2,4999.652240897731,736.0022452219409,174.47712706467348,66.14725933714354,92.44887813295828,1.2313176402586468,20.95402585540201,high_altitude,6000,-10,none,-1.0,-1,-1,mission_high_altitude_healthy,27.543005821173058,19.881247309184378
3,5001.828135476565,734.9349615983073,174.5014280643931,65.62941921013257,92.81211290751496,1.091182387476102,21.020309244526075,high_altitude,6000,-10,none,-1.0,-1,-1,mission_high_altitude_healthy,27.504652430610673,19.536767014694252
4,4997.982604911584,736.8730049406917,172.58955727827245,64.77241971110595,90.23688673974377,1.2212099748472989,21.026821101145032,high_altitude,6000,-10,none,-1.0,-1,-1,mission_high_altitude_healthy,27.683274832163878,20.164895820957874
5,5002.26663957399,734.9841705913882,175.02635414960176,64.95078125221839,91.77115318172388,1.1649862520884875,21.1479585274111,high_altitude,6000,-10,none,-1.0,-1,-1,mission_high_altitude_healthy,27.620404606521372,19.814689029469044
6,5005.072462214432,737.3728104842878,174.27714677960174,64.99025021804762,92.98895098807238,1.3633576255941295,21.232708311237054,high_altitude,6000,-10,none,-1.0,-1,-1,mission_high_altitude_healthy,27.592707924849655,19.977010320502355
7,5007.892356034827,743.2772066424822,173.63097954977366,64.7041134193402,91.88523434085435,1.357437489085373,21.01988218803246,high_altitude,6000,-10,none,-1.0,-1,-1,mission_high_altitude_healthy,27.574954527665973,20.426830065420972
8,5010.872606445474,737.7341173697894,173.47152061137362,64.39000958397548,93.19843796096512,1.2082307797431089,21.158298577173746,high_altitude,6000,-10,none,-1.0,-1,-1,mission_high_altitude_healthy,27.45077120339257,19.8743095078441
9,5015.289995398964,736.419521661575,176.16110352188684,64.1824181837073,91.77658723393364,1.4144559476358718,21.137079646689862,high_altitude,6000,-10,none,-1.0,-1,-1,mission_high_altitude_healthy,27.644225828803684,19.500008241942776
10,5024.261884981902,735.7901408417973,174.68597572293226,66.268491296434,92.03427224786036,1.2424294308805106,21.145480377863382,high_altitude,6000,-10,none,-1.0,-1,-1,mission_high_altitude_healthy,27.743007906798173,20.295341671920053
11,5021.81591249101,741.1841679327771,173.14106328047424,64.50501530157666,91.39614439866683,1.3111913204237124,21.53332871511028,high_altitude,6000,-10,none,-1.0,-1,-1,mission_high_altitude_healthy,27.68708704816603,19.927299929584386
12,5022.0047572233725,738.6310878305098,173.5410349546186,65.665595594704,89.62375967627187,1.4389800041253225,21.14275804581004,high_altitude,6000,-10,none,-1.0,-1,-1,mission_high_altitude_healthy,27.728021014991818,19.901039082793336
13,5029.021695953148,741.3171027410918,175.12289677808744,66.0984570455887,91.3212988198366,1.3628950425748985,21.28554809303185,high_altitude,6000,-10,none,-1.0,-1,-1,mission_high_altitude_healthy,27.69711294336102,20.341554888557003
14,5023.66977648795,734.2054622043125,175.11868554092467,65.79047182510753,90.78275563876548,1.2559554399322712,21.230463177023932,high_altitude,6000,-10,none,-1.0,-1,-1,mission_high_altitude_healthy,27.55242578979081,19.641791426457477
15,5024.972074363499,738.301333759933,172.21348099072625,65.31685506703538,92.86212729865612,1.301154729763794,21.23038688536685,high_altitude,6000,-10,none,-1.0,-1,-1,mission_high_altitude_healthy,27.739682682903986,19.587280833210748
16,5022.215603499548,739.5141865713733,175.7982138129913,65.78763784991891,90.35313408968968,1.5805120063491755,21.09282690681119,high_altitude,6000,-10,none,-1.0,-1,-1,mission_high_altitude_healthy,27.592065236586006,20.410483462938767
17,5022.13631625958,740.8866707538447,172.418108509999,64.84441061172802,91.6345762233511,1.2563981837399036,21.226511860852938,high_altitude,6000,-10,none,-1.0,-1,-1,mission_high_altitude_healthy,27.62986763008281,20.363451773383215
18,5024.03532924357,740.249943020128,171.52202098471045,64.55242411237498,91.84272557508864,1.3271793098630704,21.7988155378133,high_altitude,6000,-10,none,-1.0,-1,-1,mission_high_altitude_healthy,27.649795916048337,19.86082834113043
19,5016.310923578943,737.6165421489301,173.58995602809358,65.96094472177704,92.28444022597806,1.158250871183527,21.002796070252376,high_altitude,6000,-10,none,-1.0,-1,-1,mission_high_altitude_healthy,27.694817996748935,20.37890603629692
20,5012.341010466676,742.1055692461354,174.49742926334528,65.6798345892426,91.72428832667543,1.3329533633518271,20.944746963698925,high_altitude,6000,-10,none,-1.0,-1,-1,mission_high_altitude_healthy,27.663679737616327,19.827292206327304
21,5006.7191261363005,737.2644727256262,175.2876491156865,66.00227504465893,93.66922008282874,1.2151301899028808,21.26247052875374,high_altitude,6000,-10,none,-1.0,-1,-1,mission_high_altitude_healthy,27.533904404641387,20.433609200653446
22,5005.79474410234,730.5780700566853,171.85420144448594,65.0843866538838,92.09034700822538,1.3601063517459486,20.703373260180005,high_altitude,6000,-10,none,-1.0,-1,-1,mission_high_altitude_healthy,27.59487071089213,20.13592588682199
23,5003.039355762501,732.8164197550057,172.99874253202063,63.47730418005016,91.77638006792712,1.1661881273478416,21.118950112127944,high_altitude,6000,-10,none,-1.0,-1,-1,mission_high_altitude_healthy,27.518007502318266,20.075059983757015
24,5009.099778881935,737.4648098892417,175.49686953801637,64.75354988136817,91.82677823745706,1.3416283790056036,20.88884997210532,high_altitude,6000,-10,none,-1.0,-1,-1,mission_high_altitude_healthy,27.49376037091146,20.518758301105827
25,5006.687092695731,738.063872982118,173.6600492889348,64.54210147863945,92.57622758737288,1.2715759272900202,20.81027326923752,high_altitude,6000,-10,none,-1.0,-1,-1,mission_high_altitude_healthy,27.507734270145406,20.473533484836
26,5013.541830645956,733.8914801653041,175.8381456276026,66.00640480159814,90.12647153766856,1.3116356211836615,20.7440639660862,high_altitude,6000,-10,none,-1.0,-1,-1,mission_high_altitude_healthy,27.477410442319382,19.564233635012435
27,5011.916833882777,734.0893995835904,175.00474541471368,64.49581076061031,90.89459379148722,1.3287892863977917,21.274284105937824,high_altitude,6000,-10,none,-1.0,-1,-1,mission_high_altitude_healthy,27.54687482880491,19.633611865001015
28,5013.002471965968,739.2732181256301,171.59683189208573,65.93976696408221,91.70264783894234,1.3608586434309815,20.835059956539936,high_altitude,6000,-10,none,-1.0,-1,-1,mission_high_altitude_healthy,27.52168088475316,20.451718009580773
29,5013.161832766315,738.95448880542,172.70662606732333,65.38969134370599,90.89340280818504,1.176294330681074,21.160984910352944,high_altitude,6000,-10,none,-1.0,-1,-1,mission_high_altitude_healthy,27.464662047083092,19.69939856335198
30,5013.207906039324,739.3134495002627,175.43392755009333,65.4332246788145,91.79707991492164,1.0635746694011872,21.02929418331781,high_altitude,6000,-10,none,-1.0,-1,-1,mission_high_altitude_healthy,27.444121545931154,19.878006370831354
31,5008.699194005993,739.8749556483247,169.9486148328484,65.3465491897309,89.76751338424813,1.2540682401044,21.27207567474579,high_altitude,6000,-10,none,-1.0,-1,-1,mission_high_altitude_healthy,27.492534199070864,20.161401478153746
32,5010.038045907507,737.9447184379426,175.23208823761297,65.64846131651284,93.54366212042194,1.3489936146613333,20.98047698332176,high_altitude,6000,-10,none,-1.0,-1,-1,mission_high_altitude_healthy,27.633731472037347,19.770619145674065
33,5011.573612101766,735.411846842638,173.68451371111766,64.31639506473041,91.95322236536823,1.1449773410487507,21.546548896414546,high_altitude,6000,-10,none,-1.0,-1,-1,mission_high_altitude_healthy,27.664825221466987,19.730088178694206
34,5012.524954157714,742.1382415959534,172.56662510046607,66.15498424507363,91.75846155790748,1.3908311539406888,21.32590036404556,high_altitude,6000,-10,none,-1.0,-1,-1,mission_high_altitude_healthy,27.56220125476432,19.84499359030014
35,5015.010600855155,741.6982681876503,177.72144432430778,63.93431206406549,90.67503153558091,1.174308322639834,21.497433680757677,high_altitude,6000,-10,none,-1.0,-1,-1,mission_high_altitude_healthy,27.6205826012605,20.13087854328233
36,5011.733618669075,743.5115260638504,172.53210263974563,64.60902172928083,92.46374604071868,1.287999642285208,20.81934571841564,high_altitude,6000,-10,none,-1.0,-1,-1,mission_high_altitude_healthy,27.614591404137617,19.524481412528477
37,5010.543301846954,739.3802707927389,172.86627448239008,64.57379549328431,92.57306706860209,1.273153461366373,21.20700962463684,high_altitude,6000,-10,none,-1.0,-1,-1,mission_high_altitude_healthy,27.51253191688842,20.207053342203437
38,5007.897051028132,738.059645608592,173.30612562074265,65.71759670249718,91.10772001796302,1.275878995843239,21.3739837391208,high_altitude,6000,-10,none,-1.0,-1,-1,mission_high_altitude_healthy,27.44906336842582,19.920997065596115
39,5001.080369726921,737.5818004957458,173.0107659655598,64.35969377683989,91.4548759497348,1.4137097196006885,21.17983600336982,high_altitude,6000,-10,none,-1.0,-1,-1,mission_high_altitude_healthy,27.650015998763138,20.319917476922054
40,5002.5505150104855,738.069016241655,174.4517883989909,66.44519859615534,90.10376296038729,1.1306515288179908,20.70407017086336,high_altitude,6000,-10,none,-1.0,-1,-1,mission_high_altitude_healthy,27.649420114663272,19.87812523205112
41,5000.008559837127,730.8976320753044,174.1383723376379,64.2323000791275,91.7433510044719,1.1511142727003318,20.64375926983345,high_altitude,6000,-10,none,-1.0,-1,-1,mission_high_altitude_healthy,27.67217454987861,20.199791026687212
42,4999.6976778094495,736.2786154472511,169.6295326540059,67.11898793620516,91.57249990719076,1.203022197712225,20.796657052180016,high_altitude,6000,-10,none,-1.0,-1,-1,mission_high_altitude_healthy,27.593526409513544,20.8987805084989
43,5008.69674916137,736.7317718905041,175.70606091510555,65.66651494853654,92.6733069223196,1.2930017342621372,20.89591825524804,high_altitude,6000,-10,none,-1.0,-1,-1,mission_high_altitude_healthy,27.80541829995198,20.32834488799436
44,5009.617991277167,739.175133397602,175.61036298405293,65.86074998100412,92.13326121473575,1.1703381075162684,21.29238830621712,high_altitude,6000,-10,none,-1.0,-1,-1,mission_high_altitude_healthy,27.63549664696834,19.478024692584885
45,5010.047654877743,739.043329954005,175.38444598947015,65.46462247884763,92.8505885391106,1.4149658282673625,21.174532317205827,high_altitude,6000,-10,none,-1.0,-1,-1,mission_high_altitude_healthy,27.594414686336577,19.863756448693167
46,5014.3434380066765,737.5506897123958,174.84626806773295,65.95783953222904,91.54775434810207,1.2756946383582808,20.746707536104815,high_altitude,6000,-10,none,-1.0,-1,-1,mission_high_altitude_healthy,27.61930738878427,19.76074623142684
47,5019.328853659881,737.7534282557746,171.80721643368577,64.73516058696765,91.96129844914437,1.2716535741225652,21.278300589123425,high_altitude,6000,-10,none,-1.0,-1,-1,mission_high_altitude_healthy,27.58017845134386,19.097228724637745
48,5026.580424448275,735.7626192800511,175.7665664298411,64.31184858765002,91.67111389451668,1.2349993903852154,21.37135484670624,high_altitude,6000,-10,none,-1.0,-1,-1,mission_high_altitude_healthy,27.606562484565295,20.540868173277318
49,5024.49448855523,740.6756852111279,173.7302768480733,66.09406425183973,91.83191781825882,1.3868971079940504,21.38232476039745,high_altitude,6000,-10,none,-1.0,-1,-1,mission_high_altitude_healthy,27.646885559735317,19.78785647955516
50,5031.678228322952,739.1363485380549,173.03088270850972,66.03360136385199,91.26157921328388,1.4461472130626656,21.231715356731748,high_altitude,6000,-10,none,-1.0,-1,-1,mission_high_altitude_healthy,27.621781752948593,19.819650328335005
51,5031.152797130359,739.4479334198114,174.79924620863125,65.35481304210481,91.79481176310216,1.014905874316927,21.077351019042737,high_altitude,6000,-10,none,-1.0,-1,-1,mission_high_altitude_healthy,27.63586172411758,20.395994000855946
52,5026.5198899583565,743.4721488228375,175.60542709025282,65.21430232438667,91.26012533391926,1.343031132896028,20.974266594120863,high_altitude,6000,-10,none,-1.0,-1,-1,mission_high_altitude_healthy,27.70922234678887,20.172611770540943
53,5022.804324692943,742.9334671731966,172.78311902744454,65.23813613587404,92.88701865364452,1.1580720152585722,21.29342737938581,high_altitude,6000,-10,none,-1.0,-1,-1,mission_high_altitude_healthy,27.658788149345455,20.040202326024755
54,5027.235712205041,739.0876508252686,172.85357238306824,65.56750757753505,92.24670087618355,1.3299109032013852,20.880866922927595,high_altitude,6000,-10,none,-1.0,-1,-1,mission_high_altitude_healthy,27.653280051760323,19.3755477880362
55,5030.285878458311,745.8802005682172,175.64758547662692,66.20200882597568,92.05952589825908,1.3086670405931773,21.057090281060383,high_altitude,6000,-10,none,-1.0,-1,-1,mission_high_altitude_healthy,27.662436246804326,20.442632944732196
56,5035.415973852435,743.3732934843841,176.55291361580734,65.28811424454288,91.55450559649108,1.3272391673294308,21.60226831805664,high_altitude,6000,-10,none,-1.0,-1,-1,mission_high_altitude_healthy,27.606027331785135,20.360252718649996
57,5031.7286760018815,740.762450706028,173.86241193099391,65.76330532788793,92.94953089308328,1.2770954082753796,21.57461196229738,high_altitude,6000,-10,none,-1.0,-1,-1,mission_high_altitude_healthy,27.588245691056343,20.24024344996347
58,5030.369516188229,737.5412126660704,175.0248630958436,66.45037521094457,92.00802459085244,1.237000173568957,21.459568735508284,high_altitude,6000,-10,none,-1.0,-1,-1,mission_high_altitude_healthy,27.713491804134204,19.91863785277104
59,5025.578647728034,736.9791778209556,174.50848540114558,65.26358060748247,92.36545175216828,1.3715343736491648,21.11449102030618,high_altitude,6000,-10,none,-1.0,-1,-1,mission_high_altitude_healthy,27.62499093304142,20.274489025643824
60,5017.676304771961,741.8664767019086,176.32877470112314,65.78012454603599,91.26331600559836,1.168262744627361,21.488792937876717,high_altitude,6000,-10,none,-1.0,-1,-1,mission_high_altitude_healthy,27.573774346033897,19.800535161987835
61,5017.604050869278,732.543811867292,174.6287822306614,64.81078495649956,92.03787339890656,1.4351593288800475,20.72822722740399,high_altitude,6000,-10,none,-1.0,-1,-1,mission_high_altitude_healthy,27.640179707321554,20.506573503272318
62,5023.934829366979,745.0612329510164,171.52677421432375,65.43789750195681,91.1340908331976,1.3626111998341726,20.961383455490928,high_altitude,6000,-10,none,-1.0,-1,-1,mission_high_altitude_healthy,27.62262343295717,19.9901397173049
63,5028.383177867298,742.2927246317188,173.2587327053749,65.250075976518,91.22159190888418,1.1418316259889674,21.21663501349729,high_altitude,6000,-10,none,-1.0,-1,-1,mission_high_altitude_healthy,27.58488244359486,19.892273062727355
64,5025.274436776533,738.5578173595082,176.45952828737728,66.35612248479362,91.26754993863992,1.0994462773631333,21.375546358423414,high_altitude,6000,-10,none,-1.0,-1,-1,mission_high_altitude_healthy,27.641372161625565,20.002066975106025
65,5029.944315905824,745.4374356428475,176.84921318820503,65.19356202520856,93.53222461972632,1.4690426244257957,20.947875570131863,high_altitude,6000,-10,none,-1.0,-1,-1,mission_high_altitude_healthy,27.55012336224516,20.375298850870248
66,5027.637202935311,740.704031510739,176.6950578303294,64.52648524245083,91.97668058555465,1.2713926567464666,21.466454965649667,high_altitude,6000,-10,none,-1.0,-1,-1,mission_high_altitude_healthy,27.572482861521767,19.79493546095287
67,5028.885650185352,736.0479226711459,174.28059919848363,65.6611907026358,93.3067479662681,1.1674335637275393,21.223902727877,high_altitude,6000,-10,none,-1.0,-1,-1,mission_high_altitude_healthy,27.530775684417858,20.356920818292213
68,5032.193606937743,738.2891594509546,173.33728668329053,65.0885250138947,91.00226291319976,1.3929545938103691,21.26959504268085,high_altitude,6000,-10,none,-1.0,-1,-1,mission_high_altitude_healthy,27.48350497953683,19.796737084099387
69,5030.56326442684,736.7232639684175,175.8423492311211,66.56528939159446,92.22838571837258,1.299811672860442,21.165227859454635,high_altitude,6000,-10,none,-1.0,-1,-1,mission_high_altitude_healthy,27.5534781040078,19.426716957880156
70,5027.024714697659,735.9029851657934,174.34953303693982,65.76310582363416,91.29446623520154,1.337716972337469,21.566155745106947,high_altitude,6000,-10,none,-1.0,-1,-1,mission_high_altitude_healthy,27.528809195012418,19.664266689997294
71,5029.623165303669,746.3586989385382,174.25574057972088,65.12497538921669,92.18976836289872,1.2881338294160338,21.095452327728733,high_altitude,6000,-10,none,-1.0,-1,-1,mission_high_altitude_healthy,27.524251954791204,20.402644995249894
72,5028.914352991676,740.3084021818491,173.52343133154324,64.57184839540007,93.46366993323424,1.2970880847221589,20.909516114712996,high_altitude,6000,-10,none,-1.0,-1,-1,mission_high_altitude_healthy,27.384482938508828,20.074828178936734
73,5026.70700955702,739.115660044232,175.0844342775214,65.44381767097788,93.31604984255448,1.351919801749916,21.35148502633496,high_altitude,6000,-10,none,-1.0,-1,-1,mission_high_altitude_healthy,27.575006081606674,19.933523513185687
74,5029.24419391297,742.5689222301504,173.19607977631574,65.28380276671164,91.04884240055488,1.3801077164509297,21.447474550582715,high_altitude,6000,-10,none,-1.0,-1,-1,mission_high_altitude_healthy,27.459379774858423,19.969630762384163
75,5028.384311192044,741.745865993007,173.95172395646168,65.33689905288398,92.59732708870074,1.0699535430129583,21.33593610923425,high_altitude,6000,-10,none,-1.0,-1,-1,mission_high_altitude_healthy,27.405464745298307,19.902200674652683
76,5029.915774408372,737.8486331828391,177.8138940798977,65.5510921904871,92.71962699471167,1.2758509884245934,20.703907795372,high_altitude,6000,-10,none,-1.0,-1,-1,mission_high_altitude_healthy,27.313769603282797,19.924957095853788
77,5026.053338952937,736.3601404720962,174.37618534059715,68.13224191042139,91.6683634807226,1.3606823277473177,21.3831853631249,high_altitude,6000,-10,none,-1.0,-1,-1,mission_high_altitude_healthy,27.441069130975993,19.69141920267229
78,5028.949447849152,733.5938831700774,176.6145978443973,64.83023732918288,91.46117224401488,1.4008514491036237,21.174661389238004,high_altitude,6000,-10,none,-1.0,-1,-1,mission_high_altitude_healthy,27.305208233083466,20.538108871770262
79,5025.162786348863,742.4326129058628,174.82607928073065,65.57341600921764,90.94304243993156,1.2418549171497293,20.992067253771182,high_altitude,6000,-10,none,-1.0,-1,-1,mission_high_altitude_healthy,27.377659267526962,19.958460058733635
80,5023.620178230424,738.436416222284,175.08039418104588,66.04839360553974,91.9590175387418,1.2693634458080536,21.395916677708183,high_altitude,6000,-10,none,-1.0,-1,-1,mission_high_altitude_healthy,27.383111760975257,20.108705105129914
81,5016.13362221708,741.2445278968928,174.40518005271508,66.23693663455818,90.34134289510855,1.1815602980858693,21.48310328629487,high_altitude,6000,-10,none,-1.0,-1,-1,mission_high_altitude_healthy,27.341465113812138,20.113270541948584
82,5020.769540400922,738.96853166324,177.88904131695574,65.23097327365471,91.50475306411128,1.0823467247847334,20.94869926096432,high_altitude,6000,-10,none,-1.0,-1,-1,mission_high_altitude_healthy,27.372406666513747,19.996916425426683
83,5021.144067901907,734.5271628226379,174.9126699863897,65.5808793386884,91.84362241510529,1.21246286113545,21.19674338351523,high_altitude,6000,-10,none,-1.0,-1,-1,mission_high_altitude_healthy,27.43251762371208,20.776217599374874
84,5022.995148572507,737.1731530671475,174.83601462601254,65.17291902377701,91.0527409046453,1.335367728297113,21.023406632133444,high_altitude,6000,-10,none,-1.0,-1,-1,mission_high_altitude_healthy,27.434450215357984,20.210071184908205
85,5016.18498167582,743.1578358749607,174.39432643705322,66.9120423356365,90.51549864101484,1.259468649444777,21.183659941641668,high_altitude,6000,-10,none,-1.0,-1,-1,mission_high_altitude_healthy,27.334087615237923,20.22687196871368
86,5016.799153494201,736.4475704746128,173.34949846234528,64.7933507197533,92.43279141023169,1.3958020555631916,21.135308018181128,high_altitude,6000,-10,none,-1.0,-1,-1,mission_high_altitude_healthy,27.328093000466612,19.87465038690448
87,5015.221635562784,739.8365406455032,175.99943245415807,65.48855030683119,91.48186994718333,1.2021095720657162,21.31217892039516,high_altitude,6000,-10,none,-1.0,-1,-1,mission_high_altitude_healthy,27.47752194947174,19.863729368886858
88,5020.009757161884,731.1740498685227,172.9675178429039,64.73233873696593,90.19174687951754,1.3233177792073554,21.087656947865128,high_altitude,6000,-10,none,-1.0,-1,-1,mission_high_altitude_healthy,27.430965421084622,19.376717233177864
89,5013.727744393732,735.5097168335581,171.56530404307426,65.82101649536422,91.41078969169608,1.2440330619663644,20.77677747933922,high_altitude,6000,-10,none,-1.0,-1,-1,mission_high_altitude_healthy,27.46271683011164,20.24338310136425
90,5015.139182481768,741.3582056050096,174.48843766576664,64.69672391481969,91.98288890629875,1.3119340236742143,21.25331829326488,high_altitude,6000,-10,none,-1.0,-1,-1,mission_high_altitude_healthy,27.41225691067953,20.22793586422623
91,5019.361491428933,732.6503196473009,174.97175004798564,66.57608261355279,91.10321447678274,1.1874251770183986,21.25848469450604,high_altitude,6000,-10,none,-1.0,-1,-1,mission_high_altitude_healthy,27.397933348383738,20.415934649430728
92,5014.592211317542,741.6405771423257,172.14214757867842,64.7970919856063,92.05286269001236,1.2498081971437114,21.44219394446672,high_altitude,6000,-10,none,-1.0,-1,-1,mission_high_altitude_healthy,27.417065308958513,20.13826611089484
93,5015.028706647892,736.6855558056124,174.51091174551252,65.15996612238314,91.8409588940273,1.2582993210641191,20.86392534706441,high_altitude,6000,-10,none,-1.0,-1,-1,mission_high_altitude_healthy,27.41599414961044,19.86825442521233
94,5010.69133048109,735.8142974785671,173.8732687247694,65.12099194315542,91.9533234677457,1.2865834323612344,21.114478291881152,high_altitude,6000,-10,none,-1.0,-1,-1,mission_high_altitude_healthy,27.362855213835346,20.250872366429462
95,5010.864072887803,742.4554864044111,171.31433108252352,65.43294102181852,91.2467520347748,1.4757907438735878,21.523537711400675,high_altitude,6000,-10,none,-1.0,-1,-1,mission_high_altitude_healthy,27.329836162915193,19.781182676471712
96,5012.196653461672,736.3493115393638,170.53196031059133,64.69770399902538,91.10977206000398,1.1242361287070284,21.07389314997643,high_altitude,6000,-10,none,-1.0,-1,-1,mission_high_altitude_healthy,27.293935707433384,20.3762118551738
97,5017.464452884869,742.2072634635524,174.71782431952144,63.852251486058485,92.69373792573806,1.3647429208197934,21.38364619286463,high_altitude,6000,-10,none,-1.0,-1,-1,mission_high_altitude_healthy,27.329093604019118,19.547424725044912
98,5018.137099649661,737.5258609425562,174.18992910942356,63.78563506939064,91.95044518599796,1.1940716911326592,21.27882826902796,high_altitude,6000,-10,none,-1.0,-1,-1,mission_high_altitude_healthy,27.28291506016502,19.914750341352462
99,5015.378568176803,739.7043627093211,175.42057064588295,65.04553507127903,92.08518309371178,1.2783024669829006,21.29881543449668,high_altitude,6000,-10,none,-1.0,-1,-1,mission_high_altitude_healthy,27.488504329007842,19.365565581555963
100,5017.6821496817975,742.1604735963729,172.00661283057866,66.14570315326657,92.30340682069892,1.239347904499127,21.011460726456427,high_altitude,6000,-10,none,-1.0,-1,-1,mission_high_altitude_healthy,27.35190937798483,19.90492048718289
101,5017.692379891598,742.319354343588,176.0604076444988,66.14714591311953,92.05565855443888,1.2680748812252216,20.909512647409816,high_altitude,6000,-10,none,-1.0,-1,-1,mission_high_altitude_healthy,27.305786051684194,19.8710491365898
102,5022.0130461371455,738.5627083767235,174.52760420574504,65.71046108670379,92.1345946562174,1.4441610520951564,20.87955017675872,high_altitude,6000,-10,none,-1.0,-1,-1,mission_high_altitude_healthy,27.420379956468672,20.344983379146445
103,5019.593197951406,731.7130437227443,174.9709194921195,66.10363372499152,92.04792237483888,1.239416770841126,21.001752426841485,high_altitude,6000,-10,none,-1.0,-1,-1,mission_high_altitude_healthy,27.33432525053721,19.767505365834435
104,5024.939989834725,745.321631592915,177.58273875601265,65.38635943766919,91.85142544690387,1.4735710408612874,21.373227521003017,high_altitude,6000,-10,none,-1.0,-1,-1,mission_high_altitude_healthy,27.412365481297975,20.230136834942638
105,5025.615610097002,738.0235750447571,174.4500514459826,65.29093826466342,91.2324187870822,1.157454668334006,21.557170811944783,high_altitude,6000,-10,none,-1.0,-1,-1,mission_high_altitude_healthy,27.390789903571687,19.735613838657315
106,5026.586251187639,744.0767152077373,174.24709429235034,65.8375656002897,92.59272038848368,1.2875211534046838,21.125419399607555,high_altitude,6000,-10,none,-1.0,-1,-1,mission_high_altitude_healthy,27.476800696168166,20.252543548241892
107,5030.601467694117,737.8496424392177,173.99814066204686,66.58236727376169,92.1483388589976,1.2405320028446547,21.373744647164195,high_altitude,6000,-10,none,-1.0,-1,-1,mission_high_altitude_healthy,27.50492178359605,20.08679732300954
108,5028.4824233376,738.8147688502362,172.2815889414246,66.58153223497776,91.54686726493117,1.1543385145729792,21.4878722411686,high_altitude,6000,-10,none,-1.0,-1,-1,mission_high_altitude_healthy,27.56221921292294,20.58265050966839
109,5026.439150597804,740.2903580344398,174.37707734104686,65.77713543640263,92.65934559578818,1.3189611338426024,20.874744679843342,high_altitude,6000,-10,none,-1.0,-1,-1,mission_high_altitude_healthy,27.500973327222606,20.538392098894356
110,5028.47124133035,740.1111262869606,172.24106102299135,64.37866268294134,93.70677600642492,1.2096766615897645,21.22803065516485,high_altitude,6000,-10,none,-1.0,-1,-1,mission_high_altitude_healthy,27.489561851958424,20.635465673362596
111,5028.135553350822,746.5014161725306,172.86161983668396,64.96979368192353,90.9437761582781,1.3707651257495943,21.582351316806683,high_altitude,6000,-10,none,-1.0,-1,-1,mission_high_altitude_healthy,27.436043793329482,20.034665432235503
112,5028.323562092752,734.624818512382,171.6883641059066,63.53964987467893,92.0721893873744,1.193648056144181,21.392288403856615,high_altitude,6000,-10,none,-1.0,-1,-1,mission_high_altitude_healthy,27.487738071766195,19.916417072036392
113,5026.703930125096,738.2452787637061,175.7776262045187,66.26843219887978,93.12002737592738,1.3065988974181693,21.286055215963472,high_altitude,6000,-10,none,-1.0,-1,-1,mission_high_altitude_healthy,27.481120615903784,19.858302841988714
114,5025.47304734777,740.7437141269169,174.30567815500467,65.3651213691738,90.4822630542202,1.3064455619710589,21.328791122886624,high_altitude,6000,-10,none,-1.0,-1,-1,mission_high_altitude_healthy,27.543910159050117,19.768876889370773
115,5028.923238289599,741.6898417536311,176.57927019509393,66.52253307506291,91.89951511845224,1.4822427755262937,21.276297677493854,high_altitude,6000,-10,none,-1.0,-1,-1,mission_high_altitude_healthy,27.471131119833125,19.554848962656525
116,5036.766563011112,741.3318864853551,174.02004658531118,66.65000007806965,91.9161626578856,1.339950176586218,21.678550718446694,high_altitude,6000,-10,none,-1.0,-1,-1,mission_high_altitude_healthy,27.46790496602271,20.40512159101974
117,5031.24782376067,741.1878494353218,174.08544691702133,65.35638988976706,91.34008934161623,1.2180249405770918,21.433826249230133,high_altitude,6000,-10,none,-1.0,-1,-1,mission_high_altitude_healthy,27.404436883379617,20.13578522960047
118,5037.3066338997305,744.5729440399183,173.80953189203163,66.1175679793844,93.57515962955893,1.1093932752346702,21.34118715281417,high_altitude,6000,-10,none,-1.0,-1,-1,mission_high_altitude_healthy,27.392709166589746,20.06792234277028
119,5040.262481500085,739.8425256115147,173.54758984096424,65.59272359845022,92.83609160392514,1.280986157513664,21.68697593980248,high_altitude,6000,-10,none,-1.0,-1,-1,mission_high_altitude_healthy,27.350214868169864,19.98699132590405
120,5045.085001071192,740.4140799344386,178.06101311017926,64.52941858487527,92.0153731248909,1.435565192139235,21.763205802066786,high_altitude,6000,-10,none,-1.0,-1,-1,mission_high_altitude_healthy,27.38005620926225,20.756738605610582
121,5045.800497126533,741.9249853205781,170.77748397571457,66.06337168769993,90.75654298767572,1.36329767213653,21.565172733221697,high_altitude,6000,-10,none,-1.0,-1,-1,mission_high_altitude_healthy,27.324152871674528,20.303421459385614
122,5042.860648547596,744.1609985453648,177.22565106377607,65.82524550581009,92.20246785295512,1.2115972579384922,21.588777325609406,high_altitude,6000,-10,none,-1.0,-1,-1,mission_high_altitude_healthy,27.431334389517566,20.09973857375429
123,5042.057705477168,737.1731521790141,177.03189705677573,65.82552545152276,91.2109881166905,1.3126126342358415,21.354553919651085,high_altitude,6000,-10,none,-1.0,-1,-1,mission_high_altitude_healthy,27.387828466564446,20.55326346593633
124,5038.34669128625,747.4457641419066,174.26393146119457,66.90622666431834,92.49357869008917,1.3555754119167756,21.30369854414085,high_altitude,6000,-10,none,-1.0,-1,-1,mission_high_altitude_healthy,27.43737120702556,19.954205465182717
125,5031.659995742215,739.4031540535865,174.9578838333925,64.75437341205256,91.6122827688779,1.2564747880458271,21.480013189132496,high_altitude,6000,-10,none,-1.0,-1,-1,mission_high_altitude_healthy,27.34614208745149,19.942372566622698
126,5031.348080428499,738.4774851686351,177.23475500480484,64.27189498885616,92.2082765597416,1.291803129120802,21.55284525963902,high_altitude,6000,-10,none,-1.0,-1,-1,mission_high_altitude_healthy,27.344789760171167,20.278060878944885
127,5032.384351007314,739.5125650194724,174.77442532653313,66.25680250699172,93.36293778678797,1.2746034127575063,21.03317644666904,high_altitude,6000,-10,none,-1.0,-1,-1,mission_high_altitude_healthy,27.20517618170753,19.704341322402467
128,5031.259371363618,736.9459385096717,171.39790773269507,66.46057114255272,92.67670100830428,1.294954866490993,21.374444791362983,high_altitude,6000,-10,none,-1.0,-1,-1,mission_high_altitude_healthy,27.283065410393107,20.05116561962527
129,5032.018095482105,737.562463229914,173.6194757736259,66.01435224699108,91.6855109938736,1.3974487111432208,21.22378922921969,high_altitude,6000,-10,none,-1.0,-1,-1,mission_high_altitude_healthy,27.22976194157622,19.784856431070143
130,5025.826976410221,738.7825578698591,176.5665895376001,65.50730082117403,91.74868668090514,1.0049809435112915,21.097098120512342,high_altitude,6000,-10,none,-1.0,-1,-1,mission_high_altitude_healthy,27.208112111787432,20.496240621290926
131,5030.051108244748,741.8482494721138,173.09927584383274,65.71847908373842,91.082675892563,0.9833310833280032,21.03521324026133,high_altitude,6000,-10,none,-1.0,-1,-1,mission_high_altitude_healthy,27.044480108713433,20.268101042424988
132,5029.417042381831,742.6063742334086,176.6129998229899,65.67173951103437,92.65487867006703,1.4009047669452463,21.006118121710944,high_altitude,6000,-10,none,-1.0,-1,-1,mission_high_altitude_healthy,27.107074121056925,20.043055393768917
133,5029.579186793048,738.9950215155186,173.94859431311295,65.58421997643082,91.0390218257691,1.2349987033980585,21.05223110422996,high_altitude,6000,-10,none,-1.0,-1,-1,mission_high_altitude_healthy,27.21442965670391,19.703000458268153
134,5032.440174742859,739.6490932441574,175.94205548131924,65.28733251414934,91.40065859642633,1.4124468295866537,21.37118981328962,high_altitude,6000,-10,none,-1.0,-1,-1,mission_high_altitude_healthy,27.18338659971614,19.948061684708698
135,5030.182916162031,741.7890906581198,173.83294489566578,66.46360920620899,90.53154076873324,1.450240248711522,21.399482231664948,high_altitude,6000,-10,none,-1.0,-1,-1,mission_high_altitude_healthy,27.120276871175378,19.74693203082803
136,5040.561936896416,735.4715921244899,173.98182425441615,65.20925440176035,92.12499173205768,1.2461229533096916,21.606287988128003,high_altitude,6000,-10,none,-1.0,-1,-1,mission_high_altitude_healthy,27.16485254732922,19.82895475862852
137,5045.55624324211,741.6052716721745,174.77106416884703,64.67281488816597,93.97376071764444,1.2794369556838192,21.327041886333305,high_altitude,6000,-10,none,-1.0,-1,-1,mission_high_altitude_healthy,27.235344334476178,20.122642688913146
138,5050.48341274521,746.1426741900323,172.0501652601727,65.80704681946774,91.73848515885386,1.4259621053145062,21.25423467716667,high_altitude,6000,-10,none,-1.0,-1,-1,mission_high_altitude_healthy,27.278188303412595,19.936655944178682
139,5051.088953397133,748.1448147292899,176.44525983903455,65.23458873466419,91.75773013164304,1.4295821168038292,21.469753423677915,high_altitude,6000,-10,none,-1.0,-1,-1,mission_high_altitude_healthy,27.268488903856333,20.12024211144403
140,5048.244983330316,741.8349898894694,171.91072933105298,65.02935732745897,91.63524418918338,1.3447953821563776,22.253501400732297,high_altitude,6000,-10,none,-1.0,-1,-1,mission_high_altitude_healthy,27.187231237333187,20.097498336989528
141,5050.246475045626,738.2817489597088,175.36538667106163,66.23755297616601,92.27831600178484,1.3966735090581657,21.42287633196649,high_altitude,6000,-10,none,-1.0,-1,-1,mission_high_altitude_healthy,27.292864218908534,19.83236918058947
142,5047.331437957992,740.4100826968544,173.56306788235082,64.80514172046307,92.51271949983207,1.2679816505780608,21.225729515469435,high_altitude,6000,-10,none,-1.0,-1,-1,mission_high_altitude_healthy,27.374225231867143,20.216315863700537
143,5048.264670551617,746.4867781074781,175.96097108216546,64.96631177331432,94.5314442595026,1.3522126877455036,21.138411834487,high_altitude,6000,-10,none,-1.0,-1,-1,mission_high_altitude_healthy,27.157952040348103,20.43200437651916
144,5049.204534818643,749.1244145265266,177.4798360597864,65.2724361175152,93.36590431903812,1.2585588211977827,21.553650662397843,high_altitude,6000,-10,none,-1.0,-1,-1,mission_high_altitude_healthy,27.18018420969112,20.19218489358248
145,5054.146112760769,742.6474341598239,175.6579678609294,65.12453064849986,92.45007323156882,1.395918955718795,21.88051994732299,high_altitude,6000,-10,none,-1.0,-1,-1,mission_high_altitude_healthy,27.25374949426551,20.405012773351075
146,5055.910211019323,738.5533915203755,175.2011971877187,65.51549094899913,91.2614476016811,1.2337174084303182,21.494041565424386,high_altitude,6000,-10,none,-1.0,-1,-1,mission_high_altitude_healthy,27.06636859141501,19.849223559398936
147,5056.507536241448,743.9605970496744,176.18294594808629,65.58260911118688,93.55408309761032,1.3128270591728497,21.96307782950803,high_altitude,6000,-10,none,-1.0,-1,-1,mission_high_altitude_healthy,27.19512711622721,20.057203711874543
148,5062.056808825935,746.6542178030885,176.7003445782876,64.93167097693173,92.80239352852126,1.3465846170896056,21.488688618643923,high_altitude,6000,-10,none,-1.0,-1,-1,mission_high_altitude_healthy,27.139526926228132,19.79775013676458
149,5061.593184314439,746.9809307200685,177.342992108211,64.85100668816011,91.62892312013446,1.0641421961124806,21.41498996361901,high_altitude,6000,-10,none,-1.0,-1,-1,mission_high_altitude_healthy,27.07678590525183,20.21998605350497
150,5059.465973684605,745.0179587750293,175.0776474765814,67.53596248065489,92.6033996726531,1.4899778403452149,21.54104368235039,high_altitude,6000,-10,none,-1.0,-1,-1,mission_high_altitude_healthy,27.19952206114642,20.16803025130706
151,5057.424713081787,751.5011600465418,177.65915008832303,66.02794668902094,92.35950891963437,1.1330759942282702,21.88658027166353,high_altitude,6000,-10,none,-1.0,-1,-1,mission_high_altitude_healthy,27.230296326076154,19.991024835744597
152,5063.25584729226,744.2719164294771,174.34713809855057,65.63477930817164,93.4864315294078,1.2858068434497285,21.56558108170769,high_altitude,6000,-10,none,-1.0,-1,-1,mission_high_altitude_healthy,27.289593597970782,20.436076292107572
153,5063.38335926563,753.5079024296826,175.7538877345808,66.3696981654565,92.80643166423668,1.2753991016765136,21.535579992126014,high_altitude,6000,-10,none,-1.0,-1,-1,mission_high_altitude_healthy,27.226989678701127,19.945026716849924
154,5061.088671004254,740.5609378510193,179.51485615643296,66.08677380034516,91.60194290920116,1.300614206507642,21.62576136664144,high_altitude,6000,-10,none,-1.0,-1,-1,mission_high_altitude_healthy,27.18191965721455,20.222806261509994
155,5053.258834122469,747.8126314634696,175.945897021819,65.91235650271499,92.5881036945695,1.0796254388541682,21.8679517030114,high_altitude,6000,-10,none,-1.0,-1,-1,mission_high_altitude_healthy,27.197117921474877,20.24855325028255
156,5049.084716809892,746.1983118601587,176.64157086081602,65.44947856867994,93.74784617502208,1.3763505394328996,21.61991574925548,high_altitude,6000,-10,none,-1.0,-1,-1,mission_high_altitude_healthy,27.154043023473086,19.47359670177943
157,5050.335346698347,745.3873127836647,176.1674446504537,65.54841810809819,92.5976076302313,1.3471988873416778,21.599419954892884,high_altitude,6000,-10,none,-1.0,-1,-1,mission_high_altitude_healthy,27.271321567461968,19.60888512391333
158,5052.678271786817,740.5259935398541,176.07623303719592,65.44211023641361,91.86722150290484,1.335659651471178,21.12203331497857,high_altitude,6000,-10,none,-1.0,-1,-1,mission_high_altitude_healthy,27.30476385068102,20.165949728293878
159,5059.33456699461,743.3707443622523,179.0214386283968,67.22489689779636,91.7911352147759,1.3667498420128816,21.5523091257494,high_altitude,6000,-10,none,-1.0,-1,-1,mission_high_altitude_healthy,27.31442176728374,20.714755148391248
160,5056.549327140127,739.6448728746972,175.83883751839974,65.61619334455128,94.59663361175382,1.459500785558106,21.677322705390527,high_altitude,6000,-10,none,-1.0,-1,-1,mission_high_altitude_healthy,27.24121824465705,20.054788260331435
161,5058.542392571776,743.8580999050587,173.34405154607288,66.2401776014524,93.54643506569712,1.2847622413638704,21.785837397737264,high_altitude,6000,-10,none,-1.0,-1,-1,mission_high_altitude_healthy,27.281598689406106,20.122871618200826
162,5063.7262231542245,745.2524352140617,175.705992472352,66.3702439153776,91.5012831200302,1.2514881559325797,21.856290722983932,high_altitude,6000,-10,none,-1.0,-1,-1,mission_high_altitude_healthy,27.30672959036281,19.697982120623934
163,5054.583543061955,745.0755341875353,175.9908260679224,64.36317441968009,92.82154583082789,1.4151296395481203,21.25322477994733,high_altitude,6000,-10,none,-1.0,-1,-1,mission_high_altitude_healthy,27.279366893213258,20.09649334457482
164,5063.828301818916,740.4380027964899,175.13942872940206,66.85397927211855,93.63484234019856,1.1968435558921091,21.94608446818127,high_altitude,6000,-10,none,-1.0,-1,-1,mission_high_altitude_healthy,27.14086823450562,19.592514486395352
165,5059.285471812571,741.4517585792776,174.91647386346926,66.0795883343404,93.14559003607344,1.2733664308431905,21.431920265480084,high_altitude,6000,-10,none,-1.0,-1,-1,mission_high_altitude_healthy,27.27435144828217,20.0482562590626
166,5054.738954819031,736.2858283230664,177.70248307781827,64.41935664870401,91.79434350989912,1.2089412485334408,21.901432976390616,high_altitude,6000,-10,none,-1.0,-1,-1,mission_high_altitude_healthy,27.102635548426324,19.529525465530117
167,5058.4741153066425,743.8940561381228,176.73459782938372,67.04836099695113,92.19017992427126,1.4423262843505726,21.123234349312995,high_altitude,6000,-10,none,-1.0,-1,-1,mission_high_altitude_healthy,27.199917272917666,20.266147785728553
168,5060.13043723125,740.5275329177771,178.46894795587187,66.67155138398418,90.39873506362451,1.3109389932519566,21.803713465388924,high_altitude,6000,-10,none,-1.0,-1,-1,mission_high_altitude_healthy,27.091379073021724,19.28054706373163
169,5064.992489105099,747.8337005745918,176.5090958438197,66.20954924528105,92.13531324844531,1.4355185608426522,21.716373956694486,high_altitude,6000,-10,none,-1.0,-1,-1,mission_high_altitude_healthy,27.102119149361105,19.731484225443644
170,5067.596716251923,743.0134548257969,174.4084944285181,65.50626199754944,92.23144050965472,1.3919550030244767,22.252710932594763,high_altitude,6000,-10,none,-1.0,-1,-1,mission_high_altitude_healthy,27.209134804120307,19.988851403880165
171,5068.808640002527,746.5404012179981,175.87491965102595,65.3232697713476,93.22401052790563,1.211458199713814,21.713310569225964,high_altitude,6000,-10,none,-1.0,-1,-1,mission_high_altitude_healthy,27.20516437207677,19.78544306138293
172,5068.3063895117375,743.6039943544029,175.74684982182148,65.90063970990042,92.14009890800126,1.3179540701989672,21.18077787643425,high_altitude,6000,-10,none,-1.0,-1,-1,mission_high_altitude_healthy,27.31251947586012,19.903514529335407
173,5065.205969210536,744.3604713066242,175.54874525454142,65.61903147872019,91.80448945178216,1.2097896588986985,21.82265281000629,high_altitude,6000,-10,none,-1.0,-1,-1,mission_high_altitude_healthy,27.17853343183689,20.45136077277313
174,5067.565213217308,744.0629620184942,177.41024309393515,66.80316531087253,93.93632772183436,1.121720056574888,21.610307692452352,high_altitude,6000,-10,none,-1.0,-1,-1,mission_high_altitude_healthy,27.05301587508845,20.387984732891027
175,5059.879200809826,739.9661565636122,173.02930290123777,66.39957930366312,93.2354881424341,1.3188322369015917,21.462807539098467,high_altitude,6000,-10,none,-1.0,-1,-1,mission_high_altitude_healthy,27.185026907039433,20.239419608065194
176,5059.143487027864,746.4698227530722,175.6053264222438,66.74645019050287,91.6818814835012,1.198010368632661,21.96933018062124,high_altitude,6000,-10,none,-1.0,-1,-1,mission_high_altitude_healthy,27.18618181296983,20.171720554842263
177,5062.267633134291,741.2631419386694,178.51220535513684,66.09468541031896,90.18822462812447,1.304753541390109,21.85682483609261,high_altitude,6000,-10,none,-1.0,-1,-1,mission_high_altitude_healthy,27.257407703247498,20.03695186727768
178,5057.660884820498,747.6418657092406,173.9700890547842,65.74585302009562,90.49069381582794,1.2888087814163662,21.67625543818915,high_altitude,6000,-10,none,-1.0,-1,-1,mission_high_altitude_healthy,27.20914230358753,20.185930997799513
179,5061.028877491386,735.9841036351452,177.1105314824786,65.73010978780836,92.11047742997177,1.4868705294055558,21.68128734063314,high_altitude,6000,-10,none,-1.0,-1,-1,mission_high_altitude_healthy,27.19395623168486,20.071502623485674
180,5064.952346387326,742.78077500023,176.1158032888817,65.75127505912982,92.28810640566846,1.2781743157275098,21.808861463485584,high_altitude,6000,-10,none,-1.0,-1,-1,mission_high_altitude_healthy,27.19674090024661,20.02608981251257
181,5065.261617277584,747.0901829520319,173.41990027686398,65.85249812012569,92.18049093979224,1.254966170945747,22.160187922892085,high_altitude,6000,-10,none,-1.0,-1,-1,mission_high_altitude_healthy,27.358083598941974,19.412772596881837
182,5064.654261078924,747.0757412194441,174.57016182932142,66.24092365363062,93.15052486905974,1.3048283439684203,22.32172810926401,high_altitude,6000,-10,none,-1.0,-1,-1,mission_high_altitude_healthy,27.36291037994689,20.190454806405267
183,5066.87285395667,738.3303576174466,178.3342280593244,66.17120329938354,94.10998237989706,1.199702406082333,21.63137714995156,high_altitude,6000,-10,none,-1.0,-1,-1,mission_high_altitude_healthy,27.328425545060746,19.766696724580537
184,5069.444471650512,745.5169114523918,175.15323822103574,66.03289530321702,93.13617263958182,1.340537137843803,21.472796708456016,high_altitude,6000,-10,none,-1.0,-1,-1,mission_high_altitude_healthy,27.297311274717487,19.554944554460057
185,5068.446841872378,745.338355366149,176.33625344627396,67.94873275234222,92.63106860911978,1.3818583796761998,21.31280714696765,high_altitude,6000,-10,none,-1.0,-1,-1,mission_high_altitude_healthy,27.433656042056743,19.50512536306449
186,5076.695399006328,746.6146802198546,176.41721471988544,66.24535219865899,92.7062133243376,1.2727963866474057,21.56198902886056,high_altitude,6000,-10,none,-1.0,-1,-1,mission_high_altitude_healthy,27.41074441654075,20.0492682213766
187,5082.792235700403,745.2524198410193,174.96594264762695,66.50891138796229,91.10718784875732,1.2020492646727652,21.916761069159502,high_altitude,6000,-10,none,-1.0,-1,-1,mission_high_altitude_healthy,27.305240179575573,20.138534001702048
188,5086.820469194749,744.4124910918837,178.81516748488673,66.14004277256254,93.53733288140204,1.2564032833016443,21.640040339712005,high_altitude,6000,-10,none,-1.0,-1,-1,mission_high_altitude_healthy,27.34035193466325,19.745943728167976
189,5092.424088601575,748.222563107406,178.68122751634067,67.18305734468613,92.44984957145424,1.439247898127106,21.950706272031702,high_altitude,6000,-10,none,-1.0,-1,-1,mission_high_altitude_healthy,27.399798150235174,19.948282779299465
190,5097.669191163282,750.0550225753896,178.0583566627566,67.15266208766981,93.68598123890482,1.2735256622785656,21.97057083635761,high_altitude,6000,-10,none,-1.0,-1,-1,mission_high_altitude_healthy,27.291345862519854,20.61941352092268
191,5092.147301641551,750.7406725899276,176.92644178949575,66.46248094541893,91.49305785179986,1.3435913855289283,22.459944322584423,high_altitude,6000,-10,none,-1.0,-1,-1,mission_high_altitude_healthy,27.308330203748216,20.152176260703214
192,5102.331657944428,748.5231201705247,176.23844617350258,67.36239494256697,92.50208368723976,1.2728226329129388,22.08001688786096,high_altitude,6000,-10,none,-1.0,-1,-1,mission_high_altitude_healthy,27.35338248644675,19.679285483257583
193,5096.555212666533,745.4411004716874,175.81452839285694,66.95295315661357,91.0769428295242,1.2612288672055465,22.14651261348304,high_altitude,6000,-10,none,-1.0,-1,-1,mission_high_altitude_healthy,27.406176110829577,19.60335243251554
194,5097.40501521038,750.540352217463,178.8789812798555,65.43834102850788,92.40174951084428,1.4320572029474838,22.270272702070468,high_altitude,6000,-10,none,-1.0,-1,-1,mission_high_altitude_healthy,27.32394458763633,20.29621058479349
195,5092.976969777117,743.2294797413501,173.8488200433335,65.39900664689394,94.38700767239013,1.1489987315433827,21.50535018484297,high_altitude,6000,-10,none,-1.0,-1,-1,mission_high_altitude_healthy,27.348196090275827,20.180586236190514
196,5095.522000165595,745.6900466093269,178.88122226857203,65.67210649348416,91.9564121861308,1.505811638859223,22.254111765860213,high_altitude,6000,-10,none,-1.0,-1,-1,mission_high_altitude_healthy,27.448073248303483,19.87051143502144
197,5097.29808275813,746.1139691190252,177.9209774646038,66.55648460946337,92.26687023463457,1.380765128214126,22.08063037311031,high_altitude,6000,-10,none,-1.0,-1,-1,mission_high_altitude_healthy,27.341194569221038,19.932169518042954
198,5098.280422390938,748.2672228561011,178.17129458643274,65.8725371161598,92.23339637951626,1.4400943308259817,22.19030113094865,high_altitude,6000,-10,none,-1.0,-1,-1,mission_high_altitude_healthy,27.386638602931644,20.440875110709158
199,5086.792266961517,747.4938973408844,176.9465341236942,65.02668601227641,92.89765533042744,1.2764152926115204,21.8586398668158,high_altitude,6000,-10,none,-1.0,-1,-1,mission_high_altitude_healthy,27.47199663486031,20.491525711133264
200,5090.024432733901,753.6965319896707,175.47805114776793,65.84799189024726,91.59735969234735,1.2153793882579973,22.262615254885944,high_altitude,6000,-10,none,-1.0,-1,-1,mission_high_altitude_healthy,27.426334818683916,19.47016444263531
201,5091.045530812385,749.5047958419862,175.73875087579125,66.32242892289595,92.11165738592024,1.0692267800347288,21.90939437937586,high_altitude,6000,-10,none,-1.0,-1,-1,mission_high_altitude_healthy,27.439431937222718,20.00380259856011
202,5082.832167045305,749.5568748460843,176.54965644544842,66.15813807122179,91.15983432453896,1.267118600763624,21.95538852235601,high_altitude,6000,-10,none,-1.0,-1,-1,mission_high_altitude_healthy,27.532744360750772,19.779097714922717
203,5088.892908756995,745.9363580506965,177.73829397266638,66.42125517552832,95.31607854906817,1.4148616147822937,22.355257571411155,high_altitude,6000,-10,none,-1.0,-1,-1,mission_high_altitude_healthy,27.474775182534692,20.1057972674539
204,5088.292976440049,743.7032286345078,178.9948577692806,66.17021244933575,91.9510125037764,1.3692860497882613,22.28239872126839,high_altitude,6000,-10,none,-1.0,-1,-1,mission_high_altitude_healthy,27.642036763963503,19.999640016471115
205,5085.262486919675,745.6235348680052,177.3369038653192,66.39722206420163,92.32920662933734,1.3789453673911671,21.60689887148245,high_altitude,6000,-10,none,-1.0,-1,-1,mission_high_altitude_healthy,27.482001579334852,20.520845158531188
206,5087.002838461093,745.3637711430608,177.82242202558118,66.12151018179254,91.33788296675976,1.232265446475511,21.78173879897055,high_altitude,6000,-10,none,-1.0,-1,-1,mission_high_altitude_healthy,27.408197980845454,20.014895515297514
207,5084.858987412699,753.4446959764496,175.6125237943587,65.61524279553902,92.57502704479968,1.26754440751424,21.895521347747064,high_altitude,6000,-10,none,-1.0,-1,-1,mission_high_altitude_healthy,27.528899966649696,19.720802349041627
208,5086.438780330383,751.7154044400592,178.33734110676855,65.20675394914511,92.24977086805458,1.458598046978416,21.84790844354521,high_altitude,6000,-10,none,-1.0,-1,-1,mission_high_altitude_healthy,27.52619239853666,20.294575453076916
209,5084.991833652265,749.5847188962333,177.70400281124597,66.19350083085237,90.570313698582,1.1898322793594995,21.90796249878448,high_altitude,6000,-10,none,-1.0,-1,-1,mission_high_altitude_healthy,27.46810674155504,19.677775133326772
210,5081.398804525529,746.1348859050617,179.64869992155263,66.61060544919262,95.37391057083585,1.2027428555271702,22.08978509677967,high_altitude,6000,-10,none,-1.0,-1,-1,mission_high_altitude_healthy,27.478414753993164,19.678857859551744
211,5076.823779991747,741.6939092093415,178.1405647678627,65.63195953832124,91.99967241854846,1.5110011102224974,21.989827114037467,high_altitude,6000,-10,none,-1.0,-1,-1,mission_high_altitude_healthy,27.536190958484983,19.69980987461032
212,5080.063335354192,745.2198772884327,176.76587224726558,65.72083075620931,92.05593734816868,1.4073388355765135,22.003629642698307,high_altitude,6000,-10,none,-1.0,-1,-1,mission_high_altitude_healthy,27.589197204359607,20.1673116096959
213,5080.477750905952,744.2933600940894,174.93903540501628,66.81282784033979,93.23418914629308,1.4414880887655932,22.09096103175371,high_altitude,6000,-10,none,-1.0,-1,-1,mission_high_altitude_healthy,27.602891995660908,20.583039150224508
214,5077.456431213308,743.499811090121,179.1269410614102,67.48541076081014,90.3485549695086,1.295274254498565,21.547363361541752,high_altitude,6000,-10,none,-1.0,-1,-1,mission_high_altitude_healthy,27.6831285205746,19.601744153473927
215,5075.127678308651,747.0440790799847,175.05437870016158,67.23785961885235,92.2056855002496,1.2149423274290894,21.67995015167073,high_altitude,6000,-10,none,-1.0,-1,-1,mission_high_altitude_healthy,27.638447790916203,20.4214245459332
216,5071.604780567317,750.9123596763167,176.8870455119608,65.6047807401507,91.06000711891112,1.307339642681313,22.06700330307236,high_altitude,6000,-10,none,-1.0,-1,-1,mission_high_altitude_healthy,27.64078188093605,20.06994661213498
217,5080.248221380308,752.9152837594901,178.35486867986117,65.59392540196228,91.74064860522766,1.3696808517769044,21.614824551477334,high_altitude,6000,-10,none,-1.0,-1,-1,mission_high_altitude_healthy,27.648038728133585,20.048753077862532
218,5081.785508361734,745.8946405264858,178.0857070877973,65.97286906007614,91.99486129377642,1.4779214658971946,21.55714923904792,high_altitude,6000,-10,none,-1.0,-1,-1,mission_high_altitude_healthy,27.636438709810257,20.382083240269846
219,5082.522344617874,746.9391437064164,175.09237140407237,66.33804709895311,90.02035112224233,1.5273305060736024,21.76197833577651,high_altitude,6000,-10,none,-1.0,-1,-1,mission_high_altitude_healthy,27.531439046999665,19.447632214199388
220,5088.636819682704,748.3880352528658,175.49152552040948,66.55145293824661,92.00353659248988,1.303701392551862,21.65471737950123,high_altitude,6000,-10,none,-1.0,-1,-1,mission_high_altitude_healthy,27.605376003766338,20.23096197724778
221,5086.05000480042,744.9160558805099,178.79901230405,64.80244602174378,92.77500981142532,1.4119813330819353,21.810147560760942,high_altitude,6000,-10,none,-1.0,-1,-1,mission_high_altitude_healthy,27.68314197722721,19.73645671494502
222,5081.666379640338,750.8072463180752,177.88958425195017,67.1913102432412,91.4761827367176,1.2654024798682062,22.153081163222875,high_altitude,6000,-10,none,-1.0,-1,-1,mission_high_altitude_healthy,27.734951248202634,19.3921281678642
223,5079.649276077592,747.9987128432676,181.6478796207544,66.84420617668185,92.61065997542848,1.2848171742706165,21.866117155295832,high_altitude,6000,-10,none,-1.0,-1,-1,mission_high_altitude_healthy,27.662252798022806,20.12145751834425
224,5080.341801797326,746.7064774772966,175.45035983005113,65.8195796384243,92.17857583519914,1.2979054144032618,21.853235547233755,high_altitude,6000,-10,none,-1.0,-1,-1,mission_high_altitude_healthy,27.614503100443056,19.65769626964689
225,5079.525962402777,748.1002119338328,174.0532981062156,66.57555752795035,93.8036642669924,1.2017835164097637,21.59859806875262,high_altitude,6000,-10,none,-1.0,-1,-1,mission_high_altitude_healthy,27.644451167428667,19.851048355822858
226,5078.141577906543,744.6793419571246,174.72325545834784,65.62540918311265,92.27576916757955,1.2145253888554912,21.4984687410802,high_altitude,6000,-10,none,-1.0,-1,-1,mission_high_altitude_healthy,27.640163768756175,20.245881094705823
227,5078.747705496955,745.5143072704267,175.24388814887175,66.09818813628637,92.75213794325416,1.599598273425845,22.119634982323184,high_altitude,6000,-10,none,-1.0,-1,-1,mission_high_altitude_healthy,27.81191456634462,19.874653612743444
228,5076.955180749808,750.1109109435417,175.92099750803135,67.27751402957813,92.50581158212572,1.2258215903145215,21.337231047234745,high_altitude,6000,-10,none,-1.0,-1,-1,mission_high_altitude_healthy,27.65811283658641,19.912493494935177
229,5072.523294693962,748.6977950125877,176.8793995458316,65.02190622817211,92.10341547058673,1.516718291556414,21.49780884541367,high_altitude,6000,-10,none,-1.0,-1,-1,mission_high_altitude_healthy,27.68878160281625,19.14792395114007
230,5075.475149473428,746.3979906924191,177.00368704499974,65.67647272057107,94.057410438783,1.2679800801322996,22.192340197937902,high_altitude,6000,-10,none,-1.0,-1,-1,mission_high_altitude_healthy,27.774583914644566,20.030007319875818
231,5074.348027167131,741.1363833078539,176.01248200652017,65.7005230553828,92.8367356609684,1.3817112610140003,21.7773835856108,high_altitude,6000,-10,none,-1.0,-1,-1,mission_high_altitude_healthy,27.728752938357925,20.070557763855188
232,5073.105321350967,753.6034596146644,175.19801311356798,65.80759365398174,92.73733911497776,1.16555153638933,21.47807990542165,high_altitude,6000,-10,none,-1.0,-1,-1,mission_high_altitude_healthy,27.76032484849924,19.788588133289775
233,5075.104978838878,747.3525007774973,176.972294336443,66.32276598972093,93.16931679807392,1.558497047684265,22.104102614852344,high_altitude,6000,-10,none,-1.0,-1,-1,mission_high_altitude_healthy,27.707033804003974,19.641553071880622
234,5076.709871705648,749.1679732150693,175.74447767203372,66.0362294560939,94.55982586555628,1.39931431544982,21.7186476182173,high_altitude,6000,-10,none,-1.0,-1,-1,mission_high_altitude_healthy,27.685732968347935,19.67347914381337
235,5072.1214178650425,742.4229598923284,177.87820940840834,67.48062873590355,91.5498428482748,1.1767508970495353,21.7748024830202,high_altitude,6000,-10,none,-1.0,-1,-1,mission_high_altitude_healthy,27.782793490753928,19.407893876297376
236,5069.076326851194,747.0842552099039,175.70451570152235,65.29543425162751,93.75126787491016,1.3292666781328502,21.9973073903834,high_altitude,6000,-10,none,-1.0,-1,-1,mission_high_altitude_healthy,27.839798463165543,19.969946923393906
237,5063.364587846028,746.4575010647993,175.05244992293834,66.5284758701462,91.27567410815256,1.4064352302641523,21.532765472680147,high_altitude,6000,-10,none,-1.0,-1,-1,mission_high_altitude_healthy,27.690490899641212,20.30375536198038
238,5058.42347574916,745.0046752841553,177.75727326468456,65.55259981413397,92.11460384648556,1.163831729562412,21.14990637853981,high_altitude,6000,-10,none,-1.0,-1,-1,mission_high_altitude_healthy,27.754375563147526,19.976141748555595
239,5059.537353669514,747.9185899531913,177.80031727526642,66.1778942732135,92.97833616016442,1.4742363295759229,21.640246638789957,high_altitude,6000,-10,none,-1.0,-1,-1,mission_high_altitude_healthy,27.821482494536696,20.191788932729768
240,5057.451202771081,738.2809021617928,178.37854115268752,65.72317813869861,93.4518598345709,1.285165727655288,21.959101076876696,high_altitude,6000,-10,none,-1.0,-1,-1,mission_high_altitude_healthy,27.739340613201453,20.559495825423465
241,5053.540019229622,747.3165617999281,174.13592680978329,65.52780962943564,91.35311130795252,1.3064834352308732,21.6656816323114,high_altitude,6000,-10,none,-1.0,-1,-1,mission_high_altitude_healthy,27.650770899049096,19.977041154656106
242,5048.067303490393,741.5288878638723,177.0132402688845,65.22118358128603,93.31270226548833,1.136060304803148,21.61542245802532,high_altitude,6000,-10,none,-1.0,-1,-1,mission_high_altitude_healthy,27.71834591156297,19.694966326906826
243,5053.016890700306,741.7568327388956,177.8549281781098,65.54756086238714,92.8443215694226,1.2740137208054798,21.36071275016609,high_altitude,6000,-10,none,-1.0,-1,-1,mission_high_altitude_healthy,27.705915136935253,20.241085054585366
244,5051.197060544841,743.0920447916528,175.92822288138032,64.9171267483573,94.48543623913316,1.4391711033176091,21.61304985081016,high_altitude,6000,-10,none,-1.0,-1,-1,mission_high_altitude_healthy,27.734228008363925,20.133704681200488
245,5051.990266064655,744.6243823070615,174.10764444638792,65.26510422660105,90.8875038063463,1.3108092941647642,21.960771169685746,high_altitude,6000,-10,none,-1.0,-1,-1,mission_high_altitude_healthy,27.833181841516375,20.065304108559367
246,5051.517319109749,743.8372433078122,175.3409002467904,63.94839661020579,92.70034034799971,1.244126242466176,21.860382924331187,high_altitude,6000,-10,none,-1.0,-1,-1,mission_high_altitude_healthy,27.81406322083988,19.88149087573956
247,5047.54271018902,741.4806064988859,176.3912755406677,65.44065710746696,91.66456532603004,1.1864090809615648,21.47751080287345,high_altitude,6000,-10,none,-1.0,-1,-1,mission_high_altitude_healthy,27.801542609554108,20.006654985051707
248,5049.1175947112,744.8095191724859,175.65638680798702,64.9988258502168,91.77636287577864,1.226204674144053,21.80389535208524,high_altitude,6000,-10,none,-1.0,-1,-1,mission_high_altitude_healthy,27.725183320007915,20.330590446502733
249,5049.458122409208,752.1124270428702,175.65240143294292,65.47506259479509,92.140952423398,1.4228437615671727,21.465554817519585,high_altitude,6000,-10,none,-1.0,-1,-1,mission_high_altitude_healthy,27.80113050267525,19.476400574396287
250,5054.544181647649,745.7337767404463,177.244221875226,65.11079332009096,91.6825269918602,1.2881113141149172,21.943024186703585,high_altitude,6000,-10,none,-1.0,-1,-1,mission_high_altitude_healthy,27.85506294801532,20.123055511490463
251,5056.764115773386,742.6303108199627,178.8639997557312,66.65553315026412,92.71263054672173,1.1949760066818946,21.282951905508654,high_altitude,6000,-10,none,-1.0,-1,-1,mission_high_altitude_healthy,27.935999814174927,20.107637053438257
252,5051.553552079293,747.1226267692762,178.03059625747696,65.59516221935203,92.27234281613984,1.4323015731294264,21.58321139232116,high_altitude,6000,-10,none,-1.0,-1,-1,mission_high_altitude_healthy,27.810959617712175,19.96255185938958
253,5050.849617024284,745.9919530706641,174.10515388415732,65.62311891614888,91.15020675059458,1.3046609646350875,20.984796792221964,high_altitude,6000,-10,none,-1.0,-1,-1,mission_high_altitude_healthy,27.81223276477933,19.9690339093854
254,5050.205839675185,740.5250296597007,172.8961449797805,66.71012223513162,94.4613715766232,1.4907136486681505,21.45715413150604,high_altitude,6000,-10,none,-1.0,-1,-1,mission_high_altitude_healthy,27.841826391792306,19.675924571328704
255,5049.697453262641,746.9921511336657,178.15794974066756,64.91204002794913,92.18985559947838,1.4989041283903868,22.29154020878698,high_altitude,6000,-10,none,-1.0,-1,-1,mission_high_altitude_healthy,27.70510316399774,19.72524047692438
256,5044.500672966515,737.9348501428758,177.5324426370147,65.768381735595,90.28580709181776,1.329694946379102,21.420874752749853,high_altitude,6000,-10,none,-1.0,-1,-1,mission_high_altitude_healthy,27.710007737382053,20.392912789147836
257,5037.553821296011,743.0782302743661,174.8753295914272,64.48529006838764,91.7328073816219,1.1742213063807871,21.77287379484374,high_altitude,6000,-10,none,-1.0,-1,-1,mission_high_altitude_healthy,27.590262438141032,19.71090422503335
258,5036.817188010909,747.4126632402001,172.36598587066788,64.86217816012858,92.02900037792143,1.2219516891487416,21.52542725179743,high_altitude,6000,-10,none,-1.0,-1,-1,mission_high_altitude_healthy,27.631348441820837,19.78484957960303
259,5037.998665211481,737.6877509296129,177.3773241821379,64.94265191138616,91.70127517060966,1.3943897721872034,21.78319978951692,high_altitude,6000,-10,none,-1.0,-1,-1,mission_high_altitude_healthy,27.620982927482068,20.146257640617776
260,5032.990164909967,739.4468950296808,174.01492224297473,66.88900904415031,91.64812716910018,1.371603287718811,21.2344655183156,high_altitude,6000,-10,none,-1.0,-1,-1,mission_high_altitude_healthy,27.650540282556918,20.45168570097818
261,5040.246912489226,739.191210340218,173.8117899014911,65.03127983549557,93.28188576982534,1.282218007876181,21.31391647308688,high_altitude,6000,-10,none,-1.0,-1,-1,mission_high_altitude_healthy,27.656984959558805,20.57780152531015
262,5042.672616204003,746.3875633642673,174.85375053895928,66.22177825272352,91.48114442270492,1.3812156830724598,21.433479652384364,high_altitude,6000,-10,none,-1.0,-1,-1,mission_high_altitude_healthy,27.622270774957958,20.069053311597514
263,5040.504050920771,739.511887416719,175.26026452283747,66.03808859097067,91.56295517415742,1.300554184019726,21.45266067001527,high_altitude,6000,-10,none,-1.0,-1,-1,mission_high_altitude_healthy,27.57091950911429,19.533510826965113
264,5048.527712345781,742.4244819303547,172.89007348435953,66.87053182354425,91.58397469352366,1.1140872342825534,21.52516668853464,high_altitude,6000,-10,none,-1.0,-1,-1,mission_high_altitude_healthy,27.65989668180804,19.834356412975026
265,5042.212166024435,743.2518045133213,173.1417824688788,65.46203372860224,91.65044200922978,1.3584032937955195,21.57357075704821,high_altitude,6000,-10,none,-1.0,-1,-1,mission_high_altitude_healthy,27.46071967874051,20.078541712033093
266,5037.945441745434,744.5756135746892,174.94378947228086,64.54337700911756,91.309470650492,1.2740298645246322,21.207247403899935,high_altitude,6000,-10,none,-1.0,-1,-1,mission_high_altitude_healthy,27.56498049386756,19.79527794573101
267,5033.426542109043,743.1272953316636,174.8799324933399,64.58950373039013,92.050419651911,1.2891613095537973,21.509617763282883,high_altitude,6000,-10,none,-1.0,-1,-1,mission_high_altitude_healthy,27.65794975694292,20.461939123480054
268,5037.945212930161,738.316279333333,172.54398434235932,66.7511829948971,93.08726761548115,1.2381521285076778,21.724036448063973,high_altitude,6000,-10,none,-1.0,-1,-1,mission_high_altitude_healthy,27.620353625760334,20.180704707628035
269,5034.767547281637,734.4978139277708,178.54273189511272,66.05501285201596,92.08544021784918,1.4813090023382105,21.165620378882576,high_altitude,6000,-10,none,-1.0,-1,-1,mission_high_altitude_healthy,27.56749681206268,20.133022057503034
270,5037.531307491738,744.3200507019698,176.82460533053856,66.78219110328328,92.13781833760096,1.3080647279419846,21.156731964398094,high_altitude,6000,-10,none,-1.0,-1,-1,mission_high_altitude_healthy,27.649622124894254,19.6341926287011
271,5038.354488691532,741.4668451508667,175.86328225740243,66.86785101374434,91.5172781192748,1.163131688823324,21.607670203131345,high_altitude,6000,-10,none,-1.0,-1,-1,mission_high_altitude_healthy,27.447792355357112,19.652880025441892
272,5035.818271064114,743.0057406506861,175.91109751587487,65.85159150617719,91.4450654148513,1.270333388986745,21.4247000009486,high_altitude,6000,-10,none,-1.0,-1,-1,mission_high_altitude_healthy,27.646315891997194,20.151531892142287
273,5036.157696684764,739.0406652268026,171.5909428297154,65.56559829562622,90.5003679571359,1.4991031637041077,21.60132287648185,high_altitude,6000,-10,none,-1.0,-1,-1,mission_high_altitude_healthy,27.635834797997415,20.348100145032625
274,5031.226659800208,740.3518481833182,174.83780014501943,65.97429560800256,93.7584414427794,1.242731679710989,21.08210374509758,high_altitude,6000,-10,none,-1.0,-1,-1,mission_high_altitude_healthy,27.649929351959347,20.357730079506233
275,5034.40942528518,745.1895677820456,175.6911938012241,64.53154261127689,91.6855231354542,1.1845779439154245,21.27043316140646,high_altitude,6000,-10,none,-1.0,-1,-1,mission_high_altitude_healthy,27.719310532607864,20.039546846185466
276,5030.270600300742,735.5147744259266,174.84815555968893,65.23532163579002,90.9342627701079,1.3000561397444066,21.43550537108904,high_altitude,6000,-10,none,-1.0,-1,-1,mission_high_altitude_healthy,27.624879906399535,20.30336866281416
277,5026.579209389507,739.163037446564,175.06567394119003,65.41737091606,91.88764807103156,1.3256340912566025,21.132492825764647,high_altitude,6000,-10,none,-1.0,-1,-1,mission_high_altitude_healthy,27.73523148859683,19.75053849296642
278,5029.1512309656655,735.1204588467943,175.57644174821445,66.08220958324415,91.6601359338795,1.3275771768643676,21.382292259634543,high_altitude,6000,-10,none,-1.0,-1,-1,mission_high_altitude_healthy,27.726874710289888,20.414124113923354
279,5027.061846216101,744.1075215656317,176.99476881725508,64.07439019824608,92.9993480944886,1.2176696815433374,21.307862676448437,high_altitude,6000,-10,none,-1.0,-1,-1,mission_high_altitude_healthy,27.703917674243474,20.126912274174945
280,5034.406971711074,741.2789059447543,176.5789597092805,64.10100336879745,92.32589183942976,1.26558678800072,21.173151801737603,high_altitude,6000,-10,none,-1.0,-1,-1,mission_high_altitude_healthy,27.62850866091702,19.959346279728937
281,5039.806641831778,738.312068882164,174.21808791966393,66.56216975010727,90.90890529076466,1.2642127398715373,21.34690795273016,high_altitude,6000,-10,none,-1.0,-1,-1,mission_high_altitude_healthy,27.708305104855082,19.850984318497286
282,5033.041197641027,735.3015991504979,176.52441564569418,65.98246244240438,91.38950223819276,1.372397759763836,21.12427245987212,high_altitude,6000,-10,none,-1.0,-1,-1,mission_high_altitude_healthy,27.70862268049551,19.867359762294935
283,5033.52559932857,740.9279220847093,174.07888916200585,65.18442323975952,91.02916221508713,1.2708312761263276,21.05844787000897,high_altitude,6000,-10,none,-1.0,-1,-1,mission_high_altitude_healthy,27.65840956889658,20.032283902814086
284,5032.817193588881,741.0162263665525,175.1138835684536,65.09819097204962,91.72469011800956,1.349685236937986,21.18408845080394,high_altitude,6000,-10,none,-1.0,-1,-1,mission_high_altitude_healthy,27.701586744372296,19.772248087363344
285,5041.307012977272,741.022509136227,175.64772633117232,65.62305948955324,90.45857488387564,1.6529658732441628,21.81099352601991,high_altitude,6000,-10,none,-1.0,-1,-1,mission_high_altitude_healthy,27.647966641559602,19.653915761035208
286,5038.970404855538,745.5818369587978,175.00581197069522,64.323795123598,93.67719921163248,1.3262556186735444,21.396533595594704,high_altitude,6000,-10,none,-1.0,-1,-1,mission_high_altitude_healthy,27.68207481785091,19.794383386593072
287,5036.336482134266,737.7895377232084,174.61698659601265,64.899836275739,92.33055022815331,1.3184468704032863,21.46715753508393,high_altitude,6000,-10,none,-1.0,-1,-1,mission_high_altitude_healthy,27.71502820262909,20.34252914656203
288,5035.417626485109,743.3424843797276,175.31733065686774,66.33225513536877,92.1291141924432,1.3094288724631578,21.238320479977187,high_altitude,6000,-10,none,-1.0,-1,-1,mission_high_altitude_healthy,27.691428957591587,19.973810545986712
289,5034.432859194663,745.610898815355,175.38192686038155,66.32600739772141,92.20704632516905,1.1762082143420904,21.261120059859163,high_altitude,6000,-10,none,-1.0,-1,-1,mission_high_altitude_healthy,27.690031544081425,20.06439233626501
290,5030.68360858901,738.4319750892375,170.78479768652204,66.77056332027061,92.50201267151216,1.3964804441551877,21.32916584042904,high_altitude,6000,-10,none,-1.0,-1,-1,mission_high_altitude_healthy,27.721615408651886,19.736504400181936
291,5031.592151765644,743.204245425324,174.56545237089986,65.86424389978947,91.06438859362642,1.2176286670372731,20.88916451733548,high_altitude,6000,-10,none,-1.0,-1,-1,mission_high_altitude_healthy,27.819491898465603,20.16551126058165
292,5029.32129585122,745.0383182537685,173.3565991835315,66.41763157485292,91.99675422104544,1.4887584149429771,20.94303250821069,high_altitude,6000,-10,none,-1.0,-1,-1,mission_high_altitude_healthy,27.725730997443343,20.020566761288038
293,5025.788777192943,735.3572455562633,176.94062246083809,64.25249886252,93.44647557453897,1.226738465043816,21.006367599435283,high_altitude,6000,-10,none,-1.0,-1,-1,mission_high_altitude_healthy,27.754248434690602,20.230002895057662
294,5031.770463102153,738.4278346303519,175.00152100989624,64.36874158372677,93.34054718806708,1.474805410074392,21.64290950933293,high_altitude,6000,-10,none,-1.0,-1,-1,mission_high_altitude_healthy,27.6457198519061,20.278885110648066
295,5032.255104442926,736.4553287562959,173.5584993826975,63.149019125460136,90.80889968652616,1.244383633055782,21.50080199430824,high_altitude,6000,-10,none,-1.0,-1,-1,mission_high_altitude_healthy,27.794981685399303,20.070506021077172
296,5027.912012966686,741.6342749470957,175.32677078565305,64.26648740197233,91.37991270893988,1.3858943719300798,20.981570543245383,high_altitude,6000,-10,none,-1.0,-1,-1,mission_high_altitude_healthy,27.64120125040424,19.936382491577405
297,5022.236694868087,745.3264930742203,174.57476263260492,63.836080939741095,91.48426961094864,1.259334431404468,21.061751039136176,high_altitude,6000,-10,none,-1.0,-1,-1,mission_high_altitude_healthy,27.613992909617643,19.480263657967924
298,5020.783716126135,734.6133349732156,175.18210951096574,65.817132434532,89.92645856236598,1.4514953182291948,21.371020794779454,high_altitude,6000,-10,none,-1.0,-1,-1,mission_high_altitude_healthy,27.608868224269607,19.79279001666217
299,5015.671673409128,738.5707851684203,170.7784857731827,65.8047199939705,91.08460047621357,1.4935844793842508,21.08544071270925,high_altitude,6000,-10,none,-1.0,-1,-1,mission_high_altitude_healthy,27.616363695940155,19.971715786045987
