timestamp,rpm,egt,cht,oil_pressure,oil_temp,vibration,fuel_flow,fault_type,drift_sub_type,drift_target_sensor,true_rul_timesteps,fault_onset_idx,failure_idx,flight_id,battery_voltage,injection_timing_deg
0,4998.376212478192,716.4651260361617,169.4015457616246,64.78356386987276,95.14752506691208,1.3409213895410268,21.19445074774376,none,drift,oil_pressure,299.0,111,299,sensor_drift_012,26.98163062231066,20.378145877238644
1,4997.876624126284,720.8534839762357,169.47367974252492,65.46005513112891,97.41880036851538,1.3045986014403057,20.73828967579577,none,drift,oil_pressure,298.0,111,299,sensor_drift_012,26.957363788364397,19.510880133945886
2,5004.270577231993,720.6087666267238,170.601764893,62.52720065487019,96.80302387798427,1.304718588448277,21.235440002198263,none,drift,oil_pressure,297.0,111,299,sensor_drift_012,26.987635114430876,20.410001716302155
3,4994.800796903687,720.1062814677296,169.0364246614058,64.43459906554526,97.7328012414114,1.2267678754015376,21.14521629794197,none,drift,oil_pressure,296.0,111,299,sensor_drift_012,27.018961974984425,20.195577081297344
4,4984.61686443009,719.4593221301245,168.18246438845446,66.14891317754483,97.57392692303188,1.1883317240566662,20.29126030267546,none,drift,oil_pressure,295.0,111,299,sensor_drift_012,27.086993102315322,19.94666239067665
5,4986.760410123374,713.9438180951647,170.2132856569142,63.4081041836544,96.71389652457631,1.180955041784326,20.52916905415715,none,drift,oil_pressure,294.0,111,299,sensor_drift_012,27.04374389185093,19.81468874870118
6,4980.470379026937,719.4561813277572,170.77717057488283,64.86676979682471,96.47408593192338,1.2268973432711332,20.734586997885003,none,drift,oil_pressure,293.0,111,299,sensor_drift_012,26.959180170267263,20.258059828311172
7,4980.612004135609,718.8210469835747,168.70938322641106,64.25308261454788,98.48891736361476,1.2943351963885268,20.35791725757235,none,drift,oil_pressure,292.0,111,299,sensor_drift_012,27.04151341861797,19.429046864952117
8,4988.513883313981,719.291692476471,169.93574933961057,65.83841739742115,97.79802334034196,1.2437949284431729,21.488628754563724,none,drift,oil_pressure,291.0,111,299,sensor_drift_012,26.943944792754877,20.038680338516855
9,4984.535949347089,711.5367063758691,168.0051091051711,65.31745429719932,95.79758701305585,1.2639592918273057,21.038425489227496,none,drift,oil_pressure,290.0,111,299,sensor_drift_012,26.921630938186212,20.325793873979002
10,4994.640092245706,718.8222183165276,169.15202156052456,64.2764214376654,97.43507158764224,1.27661459609896,20.752719316250246,none,drift,oil_pressure,289.0,111,299,sensor_drift_012,27.07442431420958,19.647801425890655
11,4989.244080634199,716.9130438547709,167.96159105753364,65.22326607128781,97.05172204769585,1.3013380231726712,20.742693793665463,none,drift,oil_pressure,288.0,111,299,sensor_drift_012,27.088274233815707,20.45607766647047
12,4991.833503261523,715.7827104036185,170.04365866660703,65.62866608879955,96.0691893231172,1.225068254052092,20.76358936108897,none,drift,oil_pressure,287.0,111,299,sensor_drift_012,26.951235548580353,20.309591732359266
13,4990.834350507889,718.6773366350502,167.93643702028646,64.75528182164652,98.09620233680776,1.4035619892672495,21.121198468250824,none,drift,oil_pressure,286.0,111,299,sensor_drift_012,26.920612421015367,19.93202874855936
14,4991.348109689083,716.776210710404,169.32659736739942,65.0010770758073,97.8608717953076,1.2680740055039808,21.077444057456105,none,drift,oil_pressure,285.0,111,299,sensor_drift_012,26.947347650695242,19.74226667734807
15,4986.771317647295,716.4786121253638,168.9472872439662,68.0551951172493,98.72336731745612,1.1078428079828344,20.38727241362105,none,drift,oil_pressure,284.0,111,299,sensor_drift_012,27.008740424999313,20.321167011132356
16,4991.246900004355,717.218519574534,168.86774492426878,64.42974861621803,95.21221859265304,1.4000969922626736,21.011668804785813,none,drift,oil_pressure,283.0,111,299,sensor_drift_012,27.03524902286528,20.13095925015015
17,4985.00892006178,715.1986154724834,167.29194451189852,65.09209758735128,97.01889468721726,1.2014407964125629,20.85619541372668,none,drift,oil_pressure,282.0,111,299,sensor_drift_012,27.006702005957656,19.86420003423919
18,4984.458152727631,725.2556652190215,171.53176400091877,66.47659096377085,96.74871164201797,1.2811703525318114,20.24663088129084,none,drift,oil_pressure,281.0,111,299,sensor_drift_012,27.0615205410228,19.786587450275942
19,4981.186238116164,717.6750871108759,169.54279219057017,65.08310996063221,97.17775477395502,1.322898354330331,20.62612419190305,none,drift,oil_pressure,280.0,111,299,sensor_drift_012,26.983526106949075,20.04686830044148
20,4985.520020277694,723.0476209814371,167.86327027538115,66.29474282707332,97.5351976163724,1.2736536885674512,20.5503985819896,none,drift,oil_pressure,279.0,111,299,sensor_drift_012,26.99847935919293,19.47422529139651
21,4980.847165564075,717.4479792259026,173.27492828582075,64.39544814206387,97.8736570678874,1.245777646556535,21.021644485283375,none,drift,oil_pressure,278.0,111,299,sensor_drift_012,26.96542034152392,20.576489935187244
22,4982.01345379491,716.9519990366509,168.97177465652558,66.30382736331975,97.00234129876816,1.273657558521736,20.558899584237256,none,drift,oil_pressure,277.0,111,299,sensor_drift_012,26.99143657556773,20.06226774430831
23,4978.577805843883,716.909646030608,171.4857289383198,65.27282389920799,96.61879442371318,1.1776068145348295,20.57094773840268,none,drift,oil_pressure,276.0,111,299,sensor_drift_012,27.04687675924997,19.42277691633599
24,4981.771849213984,717.1633158673282,170.56572703529503,65.08484934389209,97.25103450361884,1.3997406700347006,20.576498459982812,none,drift,oil_pressure,275.0,111,299,sensor_drift_012,26.900035877111538,20.20052373159838
25,4979.741987751548,715.07260583153,168.63544582704867,63.57799145675696,97.10162963069126,1.149064702097968,20.495650484623493,none,drift,oil_pressure,274.0,111,299,sensor_drift_012,26.9856701030671,19.75227466421241
26,4987.116744310331,716.3228900958479,171.41482634587254,65.39615893760272,97.68206062569703,1.3508324629253368,20.9673379252089,none,drift,oil_pressure,273.0,111,299,sensor_drift_012,27.08138704779995,19.917207203258204
27,4985.759146226688,716.2498068490684,169.2291242434492,65.21685750050618,97.35770632322463,1.294650238359652,20.705552602497097,none,drift,oil_pressure,272.0,111,299,sensor_drift_012,26.86189323070745,20.28499611620072
28,4984.280042161398,720.9964805106563,167.94323439549245,65.61838904555015,98.31448830445224,1.2137167754132403,21.092387527361613,none,drift,oil_pressure,271.0,111,299,sensor_drift_012,27.068691299653835,19.82289787801393
29,4994.9052432369845,722.4856703938727,170.5163562173459,65.56368136408369,99.29997986878249,1.3339133411154118,21.122199818228022,none,drift,oil_pressure,270.0,111,299,sensor_drift_012,27.096852759398647,19.860790557074406
30,4998.3432487967775,720.6681950487417,169.2109160725159,65.2100784839123,96.73741564088006,1.266795702676521,21.036667251368595,none,drift,oil_pressure,269.0,111,299,sensor_drift_012,27.106028568336214,19.818411619682628
31,4998.866845153295,723.2337741131784,168.2295078241197,64.63896998817258,95.29567148058526,1.2172613758425954,20.567227042707174,none,drift,oil_pressure,268.0,111,299,sensor_drift_012,27.017569048061016,19.927586930711005
32,4997.478402010837,715.7825927713292,170.3648221351854,65.39314302807617,96.67356892727476,1.1513907232044729,20.93483406568624,none,drift,oil_pressure,267.0,111,299,sensor_drift_012,27.125053960336547,20.027108999579575
33,4997.59675123513,722.3141886501562,168.16877136465902,64.77908863954717,98.22552917207864,1.2628507610201016,20.792613301186925,none,drift,oil_pressure,266.0,111,299,sensor_drift_012,27.084104113443363,19.45382247239007
34,4995.666462058777,728.778597552533,169.4609816702924,65.2294878170364,97.63990674051443,0.9930391951355724,20.795092641396185,none,drift,oil_pressure,265.0,111,299,sensor_drift_012,27.14991823435474,20.420169135512634
35,4992.173021492268,718.9485813285105,168.3281935956973,64.60912050191942,98.60349500945976,1.1268139870159457,21.095973232898118,none,drift,oil_pressure,264.0,111,299,sensor_drift_012,27.179948449789194,20.112632817963405
36,4990.523316649986,721.289608827115,172.14727533383893,65.34742585979578,97.6649391625926,1.338785547336148,21.02011843276112,none,drift,oil_pressure,263.0,111,299,sensor_drift_012,27.20654757829717,19.62234180985042
37,4985.504831827052,720.8893318358782,172.47465934468545,65.40844610076611,98.1169646170338,1.036614772071322,20.714098985368587,none,drift,oil_pressure,262.0,111,299,sensor_drift_012,27.062483383890733,20.03715501626759
38,4985.340102542476,712.4979455226292,168.55001504021303,65.29161092971151,97.35465898562332,1.2702698799033858,20.779221690378435,none,drift,oil_pressure,261.0,111,299,sensor_drift_012,27.253350671694363,20.16050783463538
39,4983.212214295765,718.71799495707,170.8465339003499,64.21956388552779,98.02425018687195,1.3478763743973796,20.855379019620727,none,drift,oil_pressure,260.0,111,299,sensor_drift_012,27.267437068722888,20.556195280546422
40,4983.317272840333,714.7114934351891,166.364587368951,64.27572931067759,96.59525273172538,1.0968424974341044,20.674451750578715,none,drift,oil_pressure,259.0,111,299,sensor_drift_012,27.283980457161004,19.592217467337544
41,4982.868504490478,716.1135777727903,169.42338174801236,64.9909104244946,97.27292719516836,1.1279044710860897,20.949242796211955,none,drift,oil_pressure,258.0,111,299,sensor_drift_012,27.32601344699658,19.770764730545096
42,4984.8323992030055,722.1023682196505,171.61059519123955,65.1769980854213,97.80179474303009,1.1733580430114847,20.53960464793636,none,drift,oil_pressure,257.0,111,299,sensor_drift_012,27.307744200297055,20.56083912885928
43,4987.522635737439,716.9238432810873,167.6691483014864,64.46496344141256,97.0614834188567,1.143260653049605,20.761446166385984,none,drift,oil_pressure,256.0,111,299,sensor_drift_012,27.24805012181753,20.01495923075583
44,4986.194007416848,717.4839969318248,169.73232338862033,64.73751627271847,97.8870310336578,1.2118947764990466,21.09331904581222,none,drift,oil_pressure,255.0,111,299,sensor_drift_012,27.23375683729792,20.053910962253354
45,4987.708595526909,721.1330627114137,169.26414273141572,62.98956519704647,96.54626383283248,1.1378898519061922,20.60037101094672,none,drift,oil_pressure,254.0,111,299,sensor_drift_012,27.192796858743904,19.715237880159908
46,4982.603661253216,715.8657137036706,167.88419315109644,65.45532576091263,95.77234092933348,1.1420465892897629,20.922714108587765,none,drift,oil_pressure,253.0,111,299,sensor_drift_012,27.20045697632332,20.04093115888846
47,4972.593819614142,717.585375336372,169.78360642748115,64.5532907854622,96.6488188424758,1.1680787153717485,20.882459568945343,none,drift,oil_pressure,252.0,111,299,sensor_drift_012,27.31616150632369,20.168809854237118
48,4969.948347990924,716.425631515612,167.35028658154252,65.03011912316673,96.552979790065,1.2181073926531076,21.054204081083046,none,drift,oil_pressure,251.0,111,299,sensor_drift_012,27.227772603980135,19.821043670242883
49,4966.19305235061,712.0353669628623,167.68551967401442,64.8738979785458,99.14933776248266,1.2036689683537936,20.565994597729805,none,drift,oil_pressure,250.0,111,299,sensor_drift_012,27.314489692526962,19.82528381258303
50,4964.678484937982,716.7332069854363,167.43567695734188,65.7008567796763,97.23559396572443,1.0734362246283338,20.532981061787403,none,drift,oil_pressure,249.0,111,299,sensor_drift_012,27.212006738542478,20.003150529251187
51,4962.708276712846,711.7714960190503,167.3877055084298,64.45685031097074,96.76059443370455,1.371831117228406,20.41086994997545,none,drift,oil_pressure,248.0,111,299,sensor_drift_012,27.280386458053627,20.01464431029865
52,4956.132391543422,719.4828938318168,168.66413948826013,64.5309417838868,95.1615777066044,1.1369230359622513,20.7271702828294,none,drift,oil_pressure,247.0,111,299,sensor_drift_012,27.34331791846602,20.23247041089839
53,4954.3410994047845,712.0634458881134,169.84751581145838,64.5228588021218,97.29831753350452,1.08324474941981,20.51637040123812,none,drift,oil_pressure,246.0,111,299,sensor_drift_012,27.34503858114705,19.87165939212056
54,4957.4052689276805,714.898342615456,170.19550862359858,64.70894784233465,98.28004162697684,1.1699050363468682,20.180892450968447,none,drift,oil_pressure,245.0,111,299,sensor_drift_012,27.256684284864363,20.475428210125294
55,4952.437390624081,711.2825779500971,169.3710870933869,62.042532858138685,95.41648869910684,1.3957505191452626,20.565234604155155,none,drift,oil_pressure,244.0,111,299,sensor_drift_012,27.25768705281966,19.909455396397515
56,4952.089654180576,710.79530936727,167.32387069290036,65.26063407320277,95.812320948168,1.273091868840457,20.33340554750304,none,drift,oil_pressure,243.0,111,299,sensor_drift_012,27.28310441473638,19.924482895543814
57,4948.938947678003,713.8294718507308,166.88106145052743,63.459930695471606,96.22604401015232,1.0565592548567506,20.239904573463328,none,drift,oil_pressure,242.0,111,299,sensor_drift_012,27.23444573201397,20.117538911635528
58,4946.763669227454,714.1271531135852,168.52359802460575,63.90433744602718,97.72100498582492,1.1913796605688007,20.892095176723064,none,drift,oil_pressure,241.0,111,299,sensor_drift_012,27.321988020886806,20.138829631035343
59,4951.978965504484,712.790578898987,168.21950799161667,65.20754747398311,96.27848179450186,1.3754904513301365,19.962341359294555,none,drift,oil_pressure,240.0,111,299,sensor_drift_012,27.27562462218723,19.583080389857212
60,4953.754964308195,717.512347814619,168.51658130440106,62.915051405217895,97.72368617202658,1.243655168029946,20.33977705287623,none,drift,oil_pressure,239.0,111,299,sensor_drift_012,27.341228199254118,20.101008145365174
61,4953.560240922949,709.9892279264628,166.58798253043554,64.04726026898999,95.33618484022952,1.2822368511534945,20.25812847517428,none,drift,oil_pressure,238.0,111,299,sensor_drift_012,27.327089131039596,19.62461815195812
62,4948.26869812279,711.658660410213,169.74155063488004,65.72939551172487,98.40813026487058,1.1666815074506958,20.324345613593582,none,drift,oil_pressure,237.0,111,299,sensor_drift_012,27.158685477921374,19.849083237910463
63,4942.977485131653,718.2429344981041,169.03931066996108,63.32644647148433,97.2199440899473,1.0635341254476602,20.419006259864204,none,drift,oil_pressure,236.0,111,299,sensor_drift_012,27.26242377488706,19.983210197125572
64,4944.882408624608,714.3570280569215,166.02614656100292,63.96507712768532,99.06036985683866,1.2886864010936083,20.53851810701826,none,drift,oil_pressure,235.0,111,299,sensor_drift_012,27.268664723452513,20.064519616970045
65,4946.134992157985,710.3870323682369,169.15230183768378,64.16395947292371,97.05084138650076,1.2622578488443912,20.227912397029897,none,drift,oil_pressure,234.0,111,299,sensor_drift_012,27.237117248968186,20.213892361821955
66,4944.800732207376,713.3356223362891,167.85399418286698,64.358012615134,96.58615258668225,1.1456759294261796,20.43106628813892,none,drift,oil_pressure,233.0,111,299,sensor_drift_012,27.266547163351458,20.31316513705852
67,4941.993937442232,715.519857960905,166.6810325787999,64.30528686591853,96.7254145542164,0.9745055422764952,20.16035523163189,none,drift,oil_pressure,232.0,111,299,sensor_drift_012,27.304062047287026,20.377009393486162
68,4942.048854630982,709.5446366373433,170.1181688250829,64.59639034846566,97.48902168081818,1.3224682693651513,20.327446811629603,none,drift,oil_pressure,231.0,111,299,sensor_drift_012,27.435339281215057,19.795173471491836
69,4946.117467025882,717.4888190416182,168.11144087473917,64.88904832672523,97.80989622631158,1.0717126462328654,20.85634668678734,none,drift,oil_pressure,230.0,111,299,sensor_drift_012,27.407894107884147,20.563016499363208
70,4948.507192636497,714.0103054655859,168.95425855411094,64.81296445431946,96.2384780107794,1.2791758949329528,20.41746261151761,none,drift,oil_pressure,229.0,111,299,sensor_drift_012,27.34693160999551,19.95616677823963
71,4952.1137063131655,715.6367329587943,168.30358766881508,64.17234414237335,98.90398393220843,1.2278498221193714,20.91000376509273,none,drift,oil_pressure,228.0,111,299,sensor_drift_012,27.381542198110978,20.134940815709932
72,4950.55911755231,718.498023869621,168.20891071696514,65.52463409833211,95.5534160150524,1.442413124912206,20.97248363556876,none,drift,oil_pressure,227.0,111,299,sensor_drift_012,27.315881856845554,20.613317099018857
73,4952.681980189332,714.1901219923722,169.12341329214075,65.21705613565223,97.78912748331612,1.1976787152119588,20.809903226014224,none,drift,oil_pressure,226.0,111,299,sensor_drift_012,27.312413961710256,19.67391346466025
74,4950.558082561276,714.5846557675192,166.40880833518597,62.55276920877901,95.7471010487244,1.2907199136539005,20.4852217410566,none,drift,oil_pressure,225.0,111,299,sensor_drift_012,27.372433152554702,19.825439554729538
75,4944.70736220198,716.1625076089614,165.966964421189,65.25498944215663,95.35435383039716,1.1743692580016205,20.59157279494104,none,drift,oil_pressure,224.0,111,299,sensor_drift_012,27.398948997221076,20.370036528552077
76,4942.111993276881,710.9482016028179,168.89480054967348,63.8920486391081,96.113654616469,1.163183865368746,20.542290920391142,none,drift,oil_pressure,223.0,111,299,sensor_drift_012,27.378784733308972,20.009173346623573
77,4940.699907933008,717.1666199400228,167.04489113754263,62.989428551767055,95.87428603247432,0.9779090907489776,20.588697811681847,none,drift,oil_pressure,222.0,111,299,sensor_drift_012,27.404238905066,20.06982984565223
78,4936.578764584628,708.0810767421161,164.41309173323168,63.56832293213805,97.40876075695768,1.162039849287978,20.61295140022846,none,drift,oil_pressure,221.0,111,299,sensor_drift_012,27.539517603438625,20.2920766503754
79,4938.007189038752,710.5537353133086,169.2116538415111,64.34567707915288,96.421793546527,1.12467611442923,20.046494067238765,none,drift,oil_pressure,220.0,111,299,sensor_drift_012,27.516741604366047,19.80895053192419
80,4937.669459780289,715.3890118579723,169.40693948075528,64.8622740939001,96.19550954267264,1.4312768112566543,20.52401480769126,none,drift,oil_pressure,219.0,111,299,sensor_drift_012,27.54604177685042,19.54322437239298
81,4936.004624020771,715.6629173142936,168.58371423065975,63.3190515085765,95.57063367500317,1.0820553530366297,20.457083942907488,none,drift,oil_pressure,218.0,111,299,sensor_drift_012,27.455391823010615,20.332177071320952
82,4935.810287833241,712.5439859886774,168.208349025581,64.41052763199185,96.54119849077236,1.2033642183047324,20.343291994293505,none,drift,oil_pressure,217.0,111,299,sensor_drift_012,27.44052024124024,20.417911118713825
83,4931.575015982478,709.1398512180484,166.57247898200202,63.472723864178,98.28382564400368,0.9521151085219848,20.13847193400458,none,drift,oil_pressure,216.0,111,299,sensor_drift_012,27.442798466803367,20.303571402081758
84,4925.204988304623,706.5789511627636,168.93750635388196,62.74954550085876,97.96499819058889,1.1101757262395038,20.37870599769486,none,drift,oil_pressure,215.0,111,299,sensor_drift_012,27.47761304983918,20.358724639320684
85,4928.646110916318,709.7233252606902,168.63828294641556,64.04842851813827,96.84094677558087,1.1502256485998024,19.89268197767342,none,drift,oil_pressure,214.0,111,299,sensor_drift_012,27.53317780290092,20.097968062056417
86,4927.588235662804,710.3121210193221,168.16152098272283,65.54362115180788,96.667349620835,1.146045161161253,20.56544392491357,none,drift,oil_pressure,213.0,111,299,sensor_drift_012,27.486192402072337,19.753424007267384
87,4928.945844453215,708.3081568254745,168.70454217377718,65.03611565978976,96.321076434484,1.0423682563356629,20.29866098811276,none,drift,oil_pressure,212.0,111,299,sensor_drift_012,27.526935999620022,20.216291320336335
88,4930.497035173814,712.6732389832778,168.6801734085245,65.30645734975485,94.96380342882053,1.1687932077599312,20.20111726840189,none,drift,oil_pressure,211.0,111,299,sensor_drift_012,27.55123523488575,19.870687114198713
89,4937.601318778741,710.7687855155641,167.67574295058049,64.68554707916583,97.36464042411708,1.3343436443476362,20.231926627747587,none,drift,oil_pressure,210.0,111,299,sensor_drift_012,27.62348547836371,19.730634188462925
90,4938.0805445206215,711.484970598709,169.8674153104943,63.72745044991566,96.44131827737404,1.1312649120523277,20.374548236773418,none,drift,oil_pressure,209.0,111,299,sensor_drift_012,27.636242039210387,20.300456188009953
91,4944.70221517448,712.7510061887799,168.13218312471898,64.58394653973929,98.45794458675716,1.2521444907791166,20.54827171799177,none,drift,oil_pressure,208.0,111,299,sensor_drift_012,27.56013549660658,19.744220537924214
92,4947.869062023012,715.5389045644047,165.59056791751058,62.56426918148758,97.96733306813,1.1763469168464102,20.370605094379005,none,drift,oil_pressure,207.0,111,299,sensor_drift_012,27.434190424295565,19.9192958921172
93,4948.164572623604,715.1095592676527,166.72977915474516,66.20134126236228,97.7844361237911,1.3179313405963589,20.232461817087145,none,drift,oil_pressure,206.0,111,299,sensor_drift_012,27.64102417665201,20.12299796804579
94,4952.529889900339,712.4423537849715,167.64245780566762,64.99105726956682,97.6602755937638,1.1736962590492923,20.061511702888584,none,drift,oil_pressure,205.0,111,299,sensor_drift_012,27.6696785742507,19.87211318316167
95,4954.32878294244,715.9193937081467,169.29632448299208,65.36778627698843,97.05420506429353,1.2212521022225074,20.480166175257487,none,drift,oil_pressure,204.0,111,299,sensor_drift_012,27.719401193574498,19.7434715349562
96,4958.718508419423,715.3001587392907,166.55312134636256,63.72238059837005,95.3326531291787,1.124718574326235,20.368052175674183,none,drift,oil_pressure,203.0,111,299,sensor_drift_012,27.608185743511903,19.94096292270543
97,4961.611155915016,709.3296846173195,170.58336453480476,63.44387893235561,96.40394667233107,1.2279357541604723,20.04547298796077,none,drift,oil_pressure,202.0,111,299,sensor_drift_012,27.644278058080026,19.953625638143503
98,4961.7004967231405,712.7985168867461,170.84651979193706,64.82417636869208,98.70486851027256,1.1552406007809617,20.605387281091577,none,drift,oil_pressure,201.0,111,299,sensor_drift_012,27.56493745078232,19.876946137725607
99,4962.401282441267,706.8778068848972,167.95088010223756,61.96680872585518,98.1736372229156,1.2072500528508907,20.64254413673136,none,drift,oil_pressure,200.0,111,299,sensor_drift_012,27.5452807316307,20.229839281622635
100,4965.397008314736,713.4236131009636,167.8744991661005,64.14343086825284,97.10900509630432,1.2629564898186132,20.837864260011653,none,drift,oil_pressure,199.0,111,299,sensor_drift_012,27.47198948243238,19.50895253233893
101,4967.215596228225,716.6698222319868,170.274836184536,63.65302292370726,97.8229813832424,1.3427622303620836,20.614973879902955,none,drift,oil_pressure,198.0,111,299,sensor_drift_012,27.535410035292408,19.494524334075848
102,4966.502856842269,719.4049815542929,166.45698473884,64.61347057177785,97.31419927116544,1.208679682204333,20.69445324119716,none,drift,oil_pressure,197.0,111,299,sensor_drift_012,27.461539371534933,19.579850332374676
103,4962.192134997639,717.1505130952456,168.22247755787396,65.64304067116124,96.1240984551728,1.1402080956901446,20.588348527863445,none,drift,oil_pressure,196.0,111,299,sensor_drift_012,27.6272132034301,19.756253790885236
104,4962.945910895591,718.9092031388973,169.12614612804475,63.32689313710174,95.64296798743683,1.0727031260672966,21.04424501101709,none,drift,oil_pressure,195.0,111,299,sensor_drift_012,27.596883557893943,20.21073332459867
105,4962.439521983319,715.8914162744929,167.75480619926824,65.15836713197741,97.49476700058904,1.2384966743608243,20.57957131314434,none,drift,oil_pressure,194.0,111,299,sensor_drift_012,27.555830236809097,20.22254866332357
106,4964.082087390408,712.2721773350056,169.4431528841498,63.718061719024334,98.52740532800198,1.3534120144233952,20.80463045331918,none,drift,oil_pressure,193.0,111,299,sensor_drift_012,27.540514861507692,20.232531096315167
107,4959.1748588301325,714.2615141548117,167.46556428672773,65.80689902598675,97.17091411418907,1.2905636952267596,20.516116698408982,none,drift,oil_pressure,192.0,111,299,sensor_drift_012,27.60423172036675,20.50043504117359
108,4958.274538245358,712.9544315969182,167.80532028631168,63.69676362701176,98.30574105162036,1.204280087056871,20.361578267641427,none,drift,oil_pressure,191.0,111,299,sensor_drift_012,27.487169980369302,20.09382865170428
109,4956.811794439178,714.3230213587459,168.01599992858905,63.41304088416788,97.6381427847628,1.367884999136041,20.299223705563595,none,drift,oil_pressure,190.0,111,299,sensor_drift_012,27.6636182024837,19.94731510611451
110,4963.124719601547,716.1605777289841,166.90482805915565,64.46043345940247,97.46805706525492,1.1269318749179686,20.351011705544604,none,drift,oil_pressure,189.0,111,299,sensor_drift_012,27.446477438824775,20.19908633081739
111,4959.406897157107,717.2915373833464,166.72553398335356,65.31613231156851,98.1987106677429,1.0979307143848178,21.21784643312655,sensor_drift,drift,oil_pressure,188.0,111,299,sensor_drift_012,27.456859638107478,19.68105365292453
112,4961.033481588942,706.6733886941571,166.2854424281482,63.80422336264978,95.97579845809337,1.3165780312240347,20.25580967764484,sensor_drift,drift,oil_pressure,187.0,111,299,sensor_drift_012,27.45114359479876,20.266303205679996
113,4965.402939131476,718.5009101890711,167.22447847684396,62.57126873166287,96.74110233184676,1.3945212823705182,20.737594155932424,sensor_drift,drift,oil_pressure,186.0,111,299,sensor_drift_012,27.47744436536962,19.75359491041941
114,4976.589140526234,715.1771627945815,169.6917016054858,63.55642738115509,96.70799138008788,1.1843073785697278,20.896804565395925,sensor_drift,drift,oil_pressure,185.0,111,299,sensor_drift_012,27.448110502825834,20.03978843531941
115,4968.926122040052,717.3358512436414,167.9692121297472,65.86901485757141,95.56918205844168,1.155725627568809,20.48109801709565,sensor_drift,drift,oil_pressure,184.0,111,299,sensor_drift_012,27.440817253585088,20.214597724809195
116,4970.07824831394,716.513125397842,166.78541625072023,66.45276017671426,99.26308705951767,1.287166000664304,20.89187595485108,sensor_drift,drift,oil_pressure,183.0,111,299,sensor_drift_012,27.56301237339191,20.553360029016343
117,4970.491226997223,714.0410812171925,170.66192262680383,64.76488899206852,96.59094318129488,1.4047945961417037,20.784532986795803,sensor_drift,drift,oil_pressure,182.0,111,299,sensor_drift_012,27.52902339930289,20.25206531141264
118,4974.340978992519,715.9497780376992,167.7021209595907,65.2643696038565,95.2984658297289,1.2290021389862968,20.54584510880981,sensor_drift,drift,oil_pressure,181.0,111,299,sensor_drift_012,27.518001135515934,20.190940050616838
119,4984.040638927878,718.3189523726129,167.53553269329925,65.44429729230062,98.99016133888485,1.104502276111987,20.76010090089877,sensor_drift,drift,oil_pressure,180.0,111,299,sensor_drift_012,27.592834193215676,20.55276165688624
120,4990.880531402814,717.1197896444268,169.0835992586527,65.67577165453739,97.39594233498129,1.2502657542919278,20.80523205688144,sensor_drift,drift,oil_pressure,179.0,111,299,sensor_drift_012,27.649770836571026,19.73390187470146
121,4990.194580442903,719.2547934556823,168.7480915717277,65.33563563558657,98.26495667516882,1.2450002506298912,20.95050909742839,sensor_drift,drift,oil_pressure,178.0,111,299,sensor_drift_012,27.646442319681,19.959160631137404
122,4995.691525694053,717.3659938756613,168.99341736282008,65.5996137956571,97.29404619202094,1.2899129835909544,20.685382424023125,sensor_drift,drift,oil_pressure,177.0,111,299,sensor_drift_012,27.569659106024464,19.801361909147463
123,4996.985568023338,716.9479306383275,167.8952650297493,64.28172911700058,95.75862382044215,1.29418785327507,20.82280021202013,sensor_drift,drift,oil_pressure,176.0,111,299,sensor_drift_012,27.558782409354304,19.60880711645088
124,5002.677334119869,723.3913330517506,171.84901288846473,66.05824739284162,97.8901916318029,1.2589133767388427,20.937673732387243,sensor_drift,drift,oil_pressure,175.0,111,299,sensor_drift_012,27.707793329303524,19.815716815185855
125,5003.634920771148,721.5508659328876,169.11530410363025,66.87909481090406,97.65555941012887,1.6037770560105558,20.917868111485497,sensor_drift,drift,oil_pressure,174.0,111,299,sensor_drift_012,27.63870394166313,19.98684745289101
126,4995.901122996527,715.7244745743686,171.350104647935,65.53424287581836,96.7752526613512,1.2197167297140197,21.030725851982933,sensor_drift,drift,oil_pressure,173.0,111,299,sensor_drift_012,27.513166986884695,19.42397629515494
127,4993.084773723985,718.4711817453896,167.98117924870272,63.78427421708468,97.98950880956484,1.3034165894762533,20.826081391306456,sensor_drift,drift,oil_pressure,172.0,111,299,sensor_drift_012,27.549387243499456,20.110165548858095
128,4994.600246514609,713.3902010026994,170.4231434132401,67.87307528139307,99.95067897530672,1.0782634735636518,20.828202881463167,sensor_drift,drift,oil_pressure,171.0,111,299,sensor_drift_012,27.70551312860154,20.123506985327115
129,4995.607715965312,720.3368098079004,170.1340782062668,66.36123686826838,95.5880300333184,1.0796797592872729,20.69346836052264,sensor_drift,drift,oil_pressure,170.0,111,299,sensor_drift_012,27.665957577146223,20.24246685268879
130,4988.173802118624,719.1923063288132,170.42355486111353,67.28576537436784,97.06519684583928,1.2433998396946546,20.72987200195953,sensor_drift,drift,oil_pressure,169.0,111,299,sensor_drift_012,27.666448765258245,19.820493923538155
131,4988.288184335354,716.8745879999764,169.66449359773378,65.7759070769352,98.92592643248156,1.2435999317694848,21.530626909685903,sensor_drift,drift,oil_pressure,168.0,111,299,sensor_drift_012,27.644275257366434,19.896277967347302
132,4992.76347515785,715.3153365773543,169.43885513648078,65.81827279127185,96.48934124565436,1.3025278420244495,20.7695328772944,sensor_drift,drift,oil_pressure,167.0,111,299,sensor_drift_012,27.63396624580526,20.128868927579013
133,4987.548681400077,714.8343848502323,170.3231554649712,66.01067430113446,99.60316335670366,1.1798392683508772,21.145542942952627,sensor_drift,drift,oil_pressure,166.0,111,299,sensor_drift_012,27.562974627152283,19.853102028628356
134,4984.864809759408,711.6145574443651,167.98335170673667,68.82405338693171,100.12858215066946,1.1263557592211928,20.80813147349213,sensor_drift,drift,oil_pressure,165.0,111,299,sensor_drift_012,27.582435145758534,19.850186990060884
135,4989.150100249437,717.9029872601556,171.1419738399552,66.3561091271368,98.3929391726142,1.3511364904859344,20.88163786472179,sensor_drift,drift,oil_pressure,164.0,111,299,sensor_drift_012,27.614508310111272,19.75619193168968
136,4990.440386226081,718.2293292592581,169.73664784881242,67.1397388165743,98.24557239733272,1.256732073649499,20.419955102386037,sensor_drift,drift,oil_pressure,163.0,111,299,sensor_drift_012,27.56931727109597,20.43062221084514
137,4994.041130828796,721.6302977622726,169.12997532610984,67.63443121777163,96.49391133583994,1.233703655373421,21.28810761800009,sensor_drift,drift,oil_pressure,162.0,111,299,sensor_drift_012,27.619491706761124,20.182240103683803
138,4989.139152703609,718.2780512934278,170.52672290987192,66.14375649642783,97.18612717865892,1.2872314842462371,20.81316686466885,sensor_drift,drift,oil_pressure,161.0,111,299,sensor_drift_012,27.45924790967494,19.864441628416852
139,4988.295301215295,719.0395930529419,167.64078279702903,66.57750864034037,98.14957509381924,1.298674066055463,21.185642614994222,sensor_drift,drift,oil_pressure,160.0,111,299,sensor_drift_012,27.487294868300765,20.257822593105704
140,4988.434097539198,721.2282950638087,170.5553840604032,67.05991321370563,97.86734808092184,1.1244369962563372,21.06291704213768,sensor_drift,drift,oil_pressure,159.0,111,299,sensor_drift_012,27.58086517782194,19.83317562624148
141,4987.205179333313,716.8897188690752,169.84605362608696,65.77666785318371,97.34137971985444,1.0940557394399557,20.883909559037345,sensor_drift,drift,oil_pressure,158.0,111,299,sensor_drift_012,27.50129427642557,19.896550112256453
142,4993.092351943436,719.4415840310523,169.56575643302142,68.18396248516545,96.74020386043618,1.320321325644625,20.804452148894644,sensor_drift,drift,oil_pressure,157.0,111,299,sensor_drift_012,27.361392294856635,19.83630936551602
143,4989.428756002506,717.5764708111313,170.46842622069448,66.96836071861208,95.57498098193568,1.3482301099901053,20.81581995930572,sensor_drift,drift,oil_pressure,156.0,111,299,sensor_drift_012,27.506531672201444,19.430933395185164
144,4997.41344920071,721.7751432943174,168.95803954605967,68.45973740556752,98.06653986177253,1.4488106762324289,20.70170542536362,sensor_drift,drift,oil_pressure,155.0,111,299,sensor_drift_012,27.487555435509186,19.448877873035052
145,4993.4822020421125,715.9811110702625,170.5271174879557,67.35013128623385,97.13326809273532,1.1138052085366463,20.305358838874277,sensor_drift,drift,oil_pressure,154.0,111,299,sensor_drift_012,27.588354569230827,20.023685466614193
146,4985.954698551354,720.2110848132309,170.8957170178168,68.65285434735765,97.6229861312724,1.189982114742392,20.91466825300295,sensor_drift,drift,oil_pressure,153.0,111,299,sensor_drift_012,27.538103647696197,20.024387867174994
147,4983.485290328753,715.5225034585711,169.5928053120434,67.78266115792624,95.95999474105136,1.389306888083432,21.17585352421689,sensor_drift,drift,oil_pressure,152.0,111,299,sensor_drift_012,27.56908390209637,20.03364358029471
148,4978.75169390333,719.6702299135164,166.88899323833743,66.26473018086597,96.76826560274816,1.3424977555233475,21.19804259008013,sensor_drift,drift,oil_pressure,151.0,111,299,sensor_drift_012,27.585224237327036,20.15587478598587
149,4978.890918075164,716.1595750293704,169.3937417901786,68.05484772243538,96.77734952989208,1.3579176456797764,20.630467836201436,sensor_drift,drift,oil_pressure,150.0,111,299,sensor_drift_012,27.464783946872796,20.145152362894287
150,4973.694646518396,717.1381124818491,166.831042552306,68.47708929173113,98.22254093423464,1.318966306840665,20.60528882222065,sensor_drift,drift,oil_pressure,149.0,111,299,sensor_drift_012,27.481009751841963,19.72391087271151
151,4969.666341789666,716.5447477798214,166.97317031120178,67.82310929922114,95.63136211645832,1.256822303579633,20.77945493443885,sensor_drift,drift,oil_pressure,148.0,111,299,sensor_drift_012,27.54220834649943,19.733107968616803
152,4967.898181657587,712.975388509995,168.1307409162318,66.80596072694499,96.55522536117556,1.2800942230559549,20.436945777839277,sensor_drift,drift,oil_pressure,147.0,111,299,sensor_drift_012,27.49193730049542,19.966758570023732
153,4966.396372043488,718.5763163729691,168.9774160761484,68.18969538506794,98.13873290845407,1.0758557984733066,20.77042584757742,sensor_drift,drift,oil_pressure,146.0,111,299,sensor_drift_012,27.392489845497252,19.748109398185964
154,4960.190954859721,715.8826101767573,169.76042762406655,68.08088098256894,97.8216182084315,0.9328519413262384,20.7142145330739,sensor_drift,drift,oil_pressure,145.0,111,299,sensor_drift_012,27.46123097074821,19.723043208795588
155,4960.313265735562,720.7057178139761,169.00551843134568,67.27762678101382,97.48553012611826,0.987020150279461,20.264626183032583,sensor_drift,drift,oil_pressure,144.0,111,299,sensor_drift_012,27.49711962028005,19.578303365791946
156,4961.899671521685,723.3040758973265,167.35331709419643,67.95593564298024,98.57879357774786,1.3674876258116,20.686689522470857,sensor_drift,drift,oil_pressure,143.0,111,299,sensor_drift_012,27.44575052763007,19.96633187847231
157,4963.725266759205,713.3982937319945,167.6228540159768,68.07483228748008,97.02431954074102,1.209421512553725,20.363892632113384,sensor_drift,drift,oil_pressure,142.0,111,299,sensor_drift_012,27.47740392386371,19.78733647597399
158,4968.344270582978,707.236453568292,168.44805967154315,66.99143488460321,96.57263997130698,1.2091430241459655,20.78881607517981,sensor_drift,drift,oil_pressure,141.0,111,299,sensor_drift_012,27.470230081181455,20.61471268886528
159,4974.40227406764,716.697016953622,171.3722555984488,69.2312762142721,95.932261159077,1.0640188675937603,20.58129855917601,sensor_drift,drift,oil_pressure,140.0,111,299,sensor_drift_012,27.493720305774094,19.897261797617958
160,4975.240880841765,717.993119360501,169.67143758142532,70.28536725876093,96.76275722024978,1.0252201379935597,20.45511687289157,sensor_drift,drift,oil_pressure,139.0,111,299,sensor_drift_012,27.686658357314784,19.949439340798914
161,4974.191204939421,722.1562322708725,169.92582132718192,68.63212776709494,97.09349678566832,1.2054361185159064,21.247204226922737,sensor_drift,drift,oil_pressure,138.0,111,299,sensor_drift_012,27.606660112052538,19.610588828348174
162,4980.589698509202,714.9892964307365,168.13319520676663,69.25311839137824,98.88031914235532,1.1880731060374483,20.691652498248683,sensor_drift,drift,oil_pressure,137.0,111,299,sensor_drift_012,27.524148051158132,19.97980319569697
163,4980.231958588354,719.1352740535586,170.7107997606711,67.62467473675274,96.99498004416776,1.2462397625971806,21.043357395097363,sensor_drift,drift,oil_pressure,136.0,111,299,sensor_drift_012,27.732538314176445,19.858316684250205
164,4979.485944695431,717.9770565888163,171.7832122347309,69.12376506627372,99.91548727783,1.097565345471421,21.21457726825616,sensor_drift,drift,oil_pressure,135.0,111,299,sensor_drift_012,27.697500580881634,19.610055885227922
165,4973.682916171223,715.6257746661261,170.95809313955874,68.79381665593174,96.61350706070591,1.3293458443265138,20.484267426717157,sensor_drift,drift,oil_pressure,134.0,111,299,sensor_drift_012,27.604956415742862,19.806050602046618
166,4971.056247288833,721.2726134871616,166.7643507342183,69.34869532867963,96.66329831905264,1.2115230200220353,20.31260508784317,sensor_drift,drift,oil_pressure,133.0,111,299,sensor_drift_012,27.57359025549239,19.97960789502353
167,4969.555539035739,718.6978054804954,167.5594464196917,68.11817208910698,97.85269649866048,1.1437991753653876,20.66864741921873,sensor_drift,drift,oil_pressure,132.0,111,299,sensor_drift_012,27.517701120299645,19.79274387809599
168,4957.439538961709,713.2655985891854,168.66230744649806,69.56371989983148,97.05534125045142,1.3071427717218425,20.71361795690756,sensor_drift,drift,oil_pressure,131.0,111,299,sensor_drift_012,27.543755957567775,19.796904122150266
169,4961.9621878980815,711.9355842718234,168.63873815016208,69.40768845993311,95.72596455644292,1.3166872301446662,20.54425228087869,sensor_drift,drift,oil_pressure,130.0,111,299,sensor_drift_012,27.45608635294557,20.372421216647517
170,4958.490855564279,713.5391072308407,171.32492421140523,68.75374372650363,95.86762108727716,1.2083202973985936,20.59107293627416,sensor_drift,drift,oil_pressure,129.0,111,299,sensor_drift_012,27.604738120091582,19.995083813796064
171,4958.433904329207,714.8731223680261,167.19326460469497,68.28506170639035,98.07125650191573,1.205259312367911,21.027815997539356,sensor_drift,drift,oil_pressure,128.0,111,299,sensor_drift_012,27.552135977416,20.349554924674823
172,4955.43575812126,712.5345957489494,170.4135032167759,68.03873879762573,97.3642033026504,1.097490124614482,20.5769686711813,sensor_drift,drift,oil_pressure,127.0,111,299,sensor_drift_012,27.637048885668957,20.122200769351455
173,4951.391785559121,714.8303088343685,166.89292028518153,68.73021050482556,96.21572923328876,1.0519320004727606,20.40727370361525,sensor_drift,drift,oil_pressure,126.0,111,299,sensor_drift_012,27.56574828134232,20.227975555540056
174,4953.61035402254,717.6817381160665,167.9521389706359,69.20402730381116,95.96082315683816,1.161904724138619,20.2784094958316,sensor_drift,drift,oil_pressure,125.0,111,299,sensor_drift_012,27.67047379483078,19.89437045705953
175,4951.104306267413,717.0420937589907,167.7888078931903,67.84144066882143,99.11460044810003,1.2019920457570286,20.68109715762844,sensor_drift,drift,oil_pressure,124.0,111,299,sensor_drift_012,27.560527304266113,20.380136270204233
176,4949.369170259297,713.1596588608668,168.80030087483073,68.00036283154199,97.31940179048424,1.0890239507253223,20.831048938473675,sensor_drift,drift,oil_pressure,123.0,111,299,sensor_drift_012,27.552637774452645,19.356960026850018
177,4942.506106686897,712.8112378869052,169.24408253022787,69.7233038179453,95.6355301646654,1.1530726644962244,20.18435633652175,sensor_drift,drift,oil_pressure,122.0,111,299,sensor_drift_012,27.614392933471688,20.06223073193816
178,4940.605396682668,712.9849748469278,169.61388805724977,69.80543020645375,96.36054685510774,1.3502532710399897,20.058230999184463,sensor_drift,drift,oil_pressure,121.0,111,299,sensor_drift_012,27.553558822274553,20.07514923205133
179,4941.03217387241,715.2026183862656,169.0499658791983,68.32325406925167,97.04162206183562,1.235097901031841,20.172207760619568,sensor_drift,drift,oil_pressure,120.0,111,299,sensor_drift_012,27.677919439991715,19.910147248876214
180,4941.249189297612,709.8152886283466,168.47310707725256,69.3768533230037,97.167606522877,1.2080722209542376,20.298388475753377,sensor_drift,drift,oil_pressure,119.0,111,299,sensor_drift_012,27.65011065167499,20.13892166754802
181,4945.507907743591,712.6689272078502,166.86899992549465,69.34065637604158,97.55975972037815,1.2977076251565791,20.331661141658557,sensor_drift,drift,oil_pressure,118.0,111,299,sensor_drift_012,27.606498113137015,20.006930995461857
182,4952.118449802175,713.6919753159016,166.15869370995372,70.24273904923466,97.70617525335128,1.284714556813214,20.54339368500637,sensor_drift,drift,oil_pressure,117.0,111,299,sensor_drift_012,27.675214300905473,19.77398512960349
183,4953.121167895857,713.9205828652953,169.57247996344978,68.71585376637961,97.90937710262364,1.2056669857448667,20.286251259209664,sensor_drift,drift,oil_pressure,116.0,111,299,sensor_drift_012,27.745408528974636,19.86775668812595
184,4957.5439420418425,711.4007133671239,169.66347750096517,69.80958441686342,96.92509709808098,1.1115427225349248,20.707162800731066,sensor_drift,drift,oil_pressure,115.0,111,299,sensor_drift_012,27.755578498085345,20.303062666193647
185,4957.297899012275,715.9173611087967,168.22889461385748,69.87795359091612,97.01501504257902,1.3946192081397053,20.31737900347195,sensor_drift,drift,oil_pressure,114.0,111,299,sensor_drift_012,27.74527601066632,20.23376591208259
186,4954.955254682985,716.6031858700356,167.67912317064116,69.88235182555935,96.21397641402466,1.3459145773485488,20.731893140929408,sensor_drift,drift,oil_pressure,113.0,111,299,sensor_drift_012,27.783448747926524,19.34552864493558
187,4958.33923573928,715.7307532955242,169.3941460114752,70.6666441062076,96.94149479716468,1.0557448958539632,20.86522598817617,sensor_drift,drift,oil_pressure,112.0,111,299,sensor_drift_012,27.73687134265588,19.88928395301706
188,4962.978617251428,724.8739328791478,167.6830037667106,70.32963745624497,97.23476856892938,1.2212270573064856,20.557813054294225,sensor_drift,drift,oil_pressure,111.0,111,299,sensor_drift_012,27.84673487396727,19.658420949594476
189,4966.110511493104,711.4933983973997,168.30657308615147,69.16985461562957,95.928263783126,1.1866593876990867,20.66866173772664,sensor_drift,drift,oil_pressure,110.0,111,299,sensor_drift_012,27.75609547716015,19.745964896538034
190,4970.563853391263,715.6087389121842,170.41713052346844,70.75581949699259,97.00833528863213,1.278384502482084,20.944636620829414,sensor_drift,drift,oil_pressure,109.0,111,299,sensor_drift_012,27.753987557679267,20.123124328298633
191,4979.692680629157,720.9439144808762,171.32274733513873,71.77109621769816,98.1419240471654,1.0848149312197548,20.320706868953053,sensor_drift,drift,oil_pressure,108.0,111,299,sensor_drift_012,27.77669294052356,19.813122934911885
192,4973.707291981124,717.700897396706,169.97264598830355,69.70835510877917,96.05948704260048,1.4632134878774494,20.636559622865573,sensor_drift,drift,oil_pressure,107.0,111,299,sensor_drift_012,27.6788130846212,20.64838918679046
193,4975.470601160408,713.7143791016732,170.89531767023615,71.26901197731928,96.82037876282628,1.3567076329823915,20.633927096724964,sensor_drift,drift,oil_pressure,106.0,111,299,sensor_drift_012,27.773784334220757,20.02198290973002
194,4977.355850592292,714.8819520897134,168.0031359061558,72.12214409487984,97.19581783438475,1.137779394305936,21.06304596288126,sensor_drift,drift,oil_pressure,105.0,111,299,sensor_drift_012,27.804456437328422,20.163522661726553
195,4982.687223282785,720.5099189361689,169.36675582371154,71.56033050450837,97.611959222561,1.0025209939120006,20.765871304009647,sensor_drift,drift,oil_pressure,104.0,111,299,sensor_drift_012,27.726906159327527,19.617672393345163
196,4985.533806078352,721.0138349694854,166.06954611251842,71.08340290380681,96.3308397139912,0.976773242749062,20.90644697144728,sensor_drift,drift,oil_pressure,103.0,111,299,sensor_drift_012,27.76409003114633,20.225372455997636
197,4986.806616425955,720.6507202644719,170.7100461305794,72.10208401230749,98.21475917742322,1.2212731949873066,20.958806250693357,sensor_drift,drift,oil_pressure,102.0,111,299,sensor_drift_012,27.824620134999535,19.831052708069556
198,4988.340818102032,719.7525721657403,169.56432189564953,71.8895024100795,97.33246139688492,0.9694505623677636,20.86760970765002,sensor_drift,drift,oil_pressure,101.0,111,299,sensor_drift_012,27.7903507672907,19.970407722478157
199,4994.935895595671,720.3046974237456,164.88846642814147,69.81552119048122,98.69228352110684,1.1823985014682217,21.006410259347085,sensor_drift,drift,oil_pressure,100.0,111,299,sensor_drift_012,27.712490920671126,20.126629464439226
200,4991.131638180593,717.2603080344174,170.32011002610264,70.93239846502121,96.42879240446078,1.2224720763785353,20.65735766153304,sensor_drift,drift,oil_pressure,99.0,111,299,sensor_drift_012,27.72324974418087,19.68869352040372
201,4990.843252458449,717.0671278424743,170.98824583632106,70.72151926116346,97.03242245823404,1.2828041781892492,20.77176844232985,sensor_drift,drift,oil_pressure,98.0,111,299,sensor_drift_012,27.667415820161875,20.247814402310226
202,4994.241478882595,720.1488795454007,168.59819279822784,71.61243116598972,98.99494147135702,1.167549921870109,20.824875611102684,sensor_drift,drift,oil_pressure,97.0,111,299,sensor_drift_012,27.775757221544882,20.214419581469183
203,4993.003367307274,718.1900376955904,166.96906241496782,72.64335168054157,96.56796060788454,1.144142722661428,20.49458532925408,sensor_drift,drift,oil_pressure,96.0,111,299,sensor_drift_012,27.740007646643456,20.113340696363377
204,4989.208708823816,719.0145404774026,170.03484002753987,71.40163060090335,97.37213945049416,1.01409160362891,20.860703743898902,sensor_drift,drift,oil_pressure,95.0,111,299,sensor_drift_012,27.84446158081427,19.95965478700488
205,4991.305685935139,723.3057860901612,171.64238640931953,70.82714847536683,98.74658203104808,1.0952739705544017,21.36121706233309,sensor_drift,drift,oil_pressure,94.0,111,299,sensor_drift_012,27.822699784833116,19.33677210844013
206,4991.370834881734,714.3258126483563,169.65944847335,71.92395770130832,96.23644587180516,1.0243773288189717,21.00381022947461,sensor_drift,drift,oil_pressure,93.0,111,299,sensor_drift_012,27.901858101424295,20.47080350301898
207,4992.089957056877,717.3448501608349,169.93050041621072,72.75008002429597,97.22680449848286,1.2405972904746143,20.561178028965447,sensor_drift,drift,oil_pressure,92.0,111,299,sensor_drift_012,27.80387004157892,20.08433404230934
208,4991.294247421703,721.6354966837497,168.80602558358012,72.55374611445421,97.45371087172926,1.400664593962696,21.09341906141375,sensor_drift,drift,oil_pressure,91.0,111,299,sensor_drift_012,27.700847185051355,19.728362307057278
209,4987.0969696723805,713.8057046841119,167.65309933418598,72.95967494962422,96.10679314619726,1.0761643661640887,21.0336394635048,sensor_drift,drift,oil_pressure,90.0,111,299,sensor_drift_012,27.875409421647348,19.56758053418415
210,4986.2640392406,715.7301687207055,170.0736010110138,71.54377303738626,98.16566120949211,1.091745935852992,21.14597717461224,sensor_drift,drift,oil_pressure,89.0,111,299,sensor_drift_012,27.826429745804383,19.654734573261468
211,4990.409512343912,721.3313349325084,169.9613959088961,71.67270178993087,97.4500681581162,1.2123149197373737,20.88765492461892,sensor_drift,drift,oil_pressure,88.0,111,299,sensor_drift_012,27.80493067706453,19.919186671235284
212,4987.327242338996,714.679737082935,170.43422953695193,72.53898635217028,96.97080969335772,1.2034757907429712,20.617011570727545,sensor_drift,drift,oil_pressure,87.0,111,299,sensor_drift_012,27.7696161189912,19.617990533319748
213,4991.999125155361,717.6241482199702,171.29662668843753,72.59215556076731,98.65725776343864,1.4711422635486178,21.0080781804404,sensor_drift,drift,oil_pressure,86.0,111,299,sensor_drift_012,27.75022459554664,20.62607266163944
214,4986.557977618233,719.7429581364357,173.07910916078424,72.52797591743457,96.4716813842606,1.397823196942635,20.55288678174306,sensor_drift,drift,oil_pressure,85.0,111,299,sensor_drift_012,27.655513236710302,19.921196452279094
215,4987.928534105025,718.6690093099523,169.91258956265057,73.05027017915884,97.33558036030728,1.2833596201851094,21.146189375963655,sensor_drift,drift,oil_pressure,84.0,111,299,sensor_drift_012,27.74646218103942,20.278852626524927
216,4988.087701183228,725.3324869994993,169.62365282200938,73.88106960499793,96.29403055239388,1.1581273389463818,20.656270428099354,sensor_drift,drift,oil_pressure,83.0,111,299,sensor_drift_012,27.693557083319423,19.66783411480524
217,4993.124869643386,721.6715858598103,169.386528938259,73.04855335385633,94.5442591060732,1.4703967912223288,20.902147751644325,sensor_drift,drift,oil_pressure,82.0,111,299,sensor_drift_012,27.66455454921112,19.602328201769627
218,4989.394134437625,720.0218260155574,168.5376776289983,71.90898784880713,98.67847263726128,1.2452278441886224,20.57077173961723,sensor_drift,drift,oil_pressure,81.0,111,299,sensor_drift_012,27.724866273796138,19.94340237607615
219,4997.24513430107,717.9548580366315,170.4613241724976,73.18568187613897,97.88200685730844,1.249082219333927,20.84567757004056,sensor_drift,drift,oil_pressure,80.0,111,299,sensor_drift_012,27.733565237555695,20.051481581860816
220,4996.830742612024,718.1702595361108,171.1604151936052,73.55590291505851,96.4945318748492,1.3144982960004334,21.269385589063827,sensor_drift,drift,oil_pressure,79.0,111,299,sensor_drift_012,27.714178455148183,20.28647045799036
221,5002.534160684839,720.3699707425948,168.69969330501212,73.13984036767238,96.2957241644718,1.235378216603542,20.970447594603836,sensor_drift,drift,oil_pressure,78.0,111,299,sensor_drift_012,27.632909435977165,20.76758038242834
222,5015.792435772368,719.1542883546708,170.1485921367077,74.87095573564964,98.1216229548428,1.0816034233565062,20.86006252398459,sensor_drift,drift,oil_pressure,77.0,111,299,sensor_drift_012,27.61354936444411,19.5385998922317
223,5017.692082913972,720.1498116956852,170.81532677705997,73.38033390744576,97.87563584820695,1.4079452834831865,21.480277487085203,sensor_drift,drift,oil_pressure,76.0,111,299,sensor_drift_012,27.575664920151052,20.32667918590319
224,5019.361479745528,720.7726946670053,169.91062915472293,73.92100835794123,97.70178959893626,1.2030149523404623,21.27704828711197,sensor_drift,drift,oil_pressure,75.0,111,299,sensor_drift_012,27.651077193054718,19.843321988209393
225,5018.269480980535,724.8323768165759,171.7557437766744,72.97709353311426,96.0111782291541,1.2188750870861649,21.436807146790244,sensor_drift,drift,oil_pressure,74.0,111,299,sensor_drift_012,27.646648992612093,20.25513812812684
226,5021.346099250727,725.4088490466708,169.91085135419138,73.81317790176521,96.66764296135212,1.3223918963803194,21.237640403723752,sensor_drift,drift,oil_pressure,73.0,111,299,sensor_drift_012,27.69894305405704,19.875240348973623
227,5029.387732624359,724.2412989304787,171.05379014710684,75.09029679750688,98.113943029114,1.4602329322883725,20.954884326536195,sensor_drift,drift,oil_pressure,72.0,111,299,sensor_drift_012,27.68604647305493,20.383461311590963
228,5035.076802089715,722.6292353053449,173.43992292703206,73.72078339709067,98.72637436156512,1.1773055135061503,21.20949090533762,sensor_drift,drift,oil_pressure,71.0,111,299,sensor_drift_012,27.603798164342155,19.925772769948072
229,5035.375601612298,726.1091679602213,170.54238261852004,75.67546038690763,98.87430222672592,1.2356694200819356,21.46183036568116,sensor_drift,drift,oil_pressure,70.0,111,299,sensor_drift_012,27.57309108440173,20.176867200999837
230,5036.399769098552,725.1843584525911,171.80293385140757,74.90779185795115,98.65147289244624,1.3152797608887965,21.54613355704501,sensor_drift,drift,oil_pressure,69.0,111,299,sensor_drift_012,27.628658045770337,19.50335283006054
231,5039.732641730233,723.9916348790101,171.932199962492,74.69280049963405,99.12277800974768,1.2952863120689575,21.465612275772997,sensor_drift,drift,oil_pressure,68.0,111,299,sensor_drift_012,27.67934766121745,19.829363773747733
232,5040.553248806286,719.9444411600747,172.9566480094063,73.68754907614473,98.32915578835498,1.5014545173741902,21.102360531346815,sensor_drift,drift,oil_pressure,67.0,111,299,sensor_drift_012,27.715307570237528,19.933221282964638
233,5035.310386370333,723.4121978293033,171.58491095524596,73.47075605310943,96.90819429878374,1.4760000039400103,21.15074700491969,sensor_drift,drift,oil_pressure,66.0,111,299,sensor_drift_012,27.69535507871612,20.00392312145604
234,5032.276743560338,725.0941198286861,170.12613593041158,73.92238826086705,98.51296590229089,1.3325085418812987,21.24929017859722,sensor_drift,drift,oil_pressure,65.0,111,299,sensor_drift_012,27.655882223611023,19.898527546702198
235,5032.687138190769,717.9376455687217,172.39812658184948,75.94498110491688,97.63122960077597,1.4459021012326092,21.631827788548662,sensor_drift,drift,oil_pressure,64.0,111,299,sensor_drift_012,27.772312512508623,20.037082605646532
236,5040.798536381048,726.8247649860259,171.52902609675246,74.75074361333614,98.82402409306673,1.2198716278637938,21.337952585687336,sensor_drift,drift,oil_pressure,63.0,111,299,sensor_drift_012,27.7282572855181,19.91541236549752
237,5043.609631204617,726.5230128841547,168.7448821858007,74.88245048174208,97.41297637451515,1.2930725177078908,21.851651841197263,sensor_drift,drift,oil_pressure,62.0,111,299,sensor_drift_012,27.6864508385795,19.667981878840642
238,5044.650878425968,729.1279469260412,172.24186250340654,74.56548260123294,100.0633163558884,1.2922862619384936,21.662553906924376,sensor_drift,drift,oil_pressure,61.0,111,299,sensor_drift_012,27.711110781097478,20.196259757721243
239,5045.563809921794,725.8676399528451,170.5156913794376,73.8649068842797,96.68730025411767,1.3350813727872954,21.595348826451016,sensor_drift,drift,oil_pressure,60.0,111,299,sensor_drift_012,27.690292533155457,19.535913130036242
240,5045.789790088678,730.1642498335249,174.45060533053538,75.63385901261331,97.21440284049925,1.2890534679684604,21.6227302825808,sensor_drift,drift,oil_pressure,59.0,111,299,sensor_drift_012,27.716381897648432,19.98421336370129
241,5043.840842136567,729.6050941311778,174.1274016269161,75.62138320786593,98.000566417867,1.1742370338410535,21.47453048716223,sensor_drift,drift,oil_pressure,58.0,111,299,sensor_drift_012,27.6732559831833,19.525468494824185
242,5041.251374357967,725.8536462057505,172.07711849671082,76.76912174022111,97.43834453746976,1.350676470704,21.520093810883356,sensor_drift,drift,oil_pressure,57.0,111,299,sensor_drift_012,27.616813928955096,20.23317441499356
243,5031.026651097806,727.4967846617524,170.43654168686675,75.3690900422134,97.81709419809238,1.3608351609952942,21.025475492720958,sensor_drift,drift,oil_pressure,56.0,111,299,sensor_drift_012,27.758790886223558,20.12808210689578
244,5030.632852510217,722.4550694754564,168.90021406078415,76.95437361582455,97.9189412224993,1.224135460228699,21.61745832829151,sensor_drift,drift,oil_pressure,55.0,111,299,sensor_drift_012,27.61180504601307,20.125637653774817
245,5028.1928559925245,719.5270215385275,169.98166609678825,76.83437055545572,98.83220166526915,1.2529111107086597,21.56019150702381,sensor_drift,drift,oil_pressure,54.0,111,299,sensor_drift_012,27.767899709041085,20.087715221440092
246,5025.780899644937,726.8919334524101,171.95502571237495,75.05611245469242,97.75830863963824,1.3250803874951795,21.328283422585724,sensor_drift,drift,oil_pressure,53.0,111,299,sensor_drift_012,27.67278870010304,19.735210877855007
247,5024.455970030919,719.6783377499955,170.4914768047337,75.33388727105782,96.13580365552204,1.2527349149881717,21.52131410319745,sensor_drift,drift,oil_pressure,52.0,111,299,sensor_drift_012,27.682135412456276,19.702030199024755
248,5025.595060984485,722.5366629186456,170.6091653547318,75.38733121261518,99.11373951615356,1.225459256664054,20.937542253660943,sensor_drift,drift,oil_pressure,51.0,111,299,sensor_drift_012,27.636456381536284,20.051656750073573
249,5015.146074284789,719.5929169307196,170.8906803200951,76.68145118824852,98.607536342645,1.2279662046418611,20.851678185819136,sensor_drift,drift,oil_pressure,50.0,111,299,sensor_drift_012,27.624351845217138,20.24938789754388
250,5016.428653824572,726.2618482415934,169.91816437594298,76.37714452997675,99.63317160007564,1.1936785395585352,21.047616343201376,sensor_drift,drift,oil_pressure,49.0,111,299,sensor_drift_012,27.685536138157786,19.6085070125529
251,5016.970393770197,725.7980726793709,171.61288498689945,75.96604797122458,96.05641739635486,1.3255723956634275,21.368321287769263,sensor_drift,drift,oil_pressure,48.0,111,299,sensor_drift_012,27.687002025136387,19.634946312771795
252,5011.183277402685,719.9315355532148,172.2000248319219,74.58231730203639,96.76731483690456,1.0609972861072088,21.01570771932553,sensor_drift,drift,oil_pressure,47.0,111,299,sensor_drift_012,27.557616897551203,19.610160969391696
253,5014.93867537278,722.3007373544772,171.92381979034656,76.13349741306168,98.5071300864968,1.16508032227104,21.293254788843907,sensor_drift,drift,oil_pressure,46.0,111,299,sensor_drift_012,27.66076725532445,19.700349029613253
254,5013.125534836763,722.3226760798965,173.52818302106664,76.49667788720632,98.03265652419196,1.3837148251592994,21.37276738198685,sensor_drift,drift,oil_pressure,45.0,111,299,sensor_drift_012,27.63994496146173,19.960070191073065
255,5013.011928568376,720.2803433473621,171.69313281428762,74.36429778567106,97.54232883503629,1.3633487210262871,21.288720882491145,sensor_drift,drift,oil_pressure,44.0,111,299,sensor_drift_012,27.61903365944087,19.971622286389106
256,5005.687702814015,720.8232344534767,170.5582496883627,76.69274663960157,97.16598449670133,0.9892275531976724,20.968525391288185,sensor_drift,drift,oil_pressure,43.0,111,299,sensor_drift_012,27.6039977667314,20.418434127285284
257,5006.459830194916,718.772274022535,170.3394126604567,76.8754128521225,98.23255041211554,1.2955007597574286,21.01302682051793,sensor_drift,drift,oil_pressure,42.0,111,299,sensor_drift_012,27.64231605860615,19.87870579239572
258,5004.888328555853,717.2146187871326,171.7248507526668,74.78430721453626,97.31770764912052,1.1847962781160943,21.139504910869547,sensor_drift,drift,oil_pressure,41.0,111,299,sensor_drift_012,27.65095856231264,20.0024290778915
259,5005.017167016152,722.2510105149125,169.4693388002158,76.7692635596797,98.52734008440746,1.2836062931515078,21.090781836103933,sensor_drift,drift,oil_pressure,40.0,111,299,sensor_drift_012,27.68765420819905,19.83582254561059
260,5008.307097247847,723.5349133427698,166.93187980454246,76.56055319268012,98.89113417511425,1.2383884265557723,20.886822762455186,sensor_drift,drift,oil_pressure,39.0,111,299,sensor_drift_012,27.863444267782167,19.918695593484614
261,5011.557103229618,721.9360502972884,169.46185868303283,77.35374049442912,97.71891816614058,1.107788229514634,21.17968366175838,sensor_drift,drift,oil_pressure,38.0,111,299,sensor_drift_012,27.685576369341646,20.24234080438775
262,5012.437256071572,724.8401112366494,171.26809993812134,77.70497797285093,100.15644181999524,1.3515644385780272,21.12050332192917,sensor_drift,drift,oil_pressure,37.0,111,299,sensor_drift_012,27.68748971068787,20.07395650022838
263,5017.009205822367,721.2742398494631,171.7781621420556,76.77309234105465,97.66353294773334,1.311161713503546,21.50096250854108,sensor_drift,drift,oil_pressure,36.0,111,299,sensor_drift_012,27.59719102114197,20.0260426403303
264,5015.538915113586,717.3948183992009,169.5217600761416,77.50977081734396,99.41260506738436,1.1879057102150508,20.85952445045788,sensor_drift,drift,oil_pressure,35.0,111,299,sensor_drift_012,27.643506377652976,19.75306139713602
265,5010.605788452488,721.269145744267,170.29023160093672,76.6430970080885,97.36051572918208,1.0377509353860752,21.30388034667992,sensor_drift,drift,oil_pressure,34.0,111,299,sensor_drift_012,27.681535994568208,20.390785739558247
266,5005.354604007695,721.3470884415639,169.69537398480622,76.9821867291563,97.30271483305036,1.3126746048018374,21.39216732099405,sensor_drift,drift,oil_pressure,33.0,111,299,sensor_drift_012,27.69724111250686,19.637864895233623
267,5004.945443651169,717.5496206933008,171.87995701815183,75.93501018954811,98.58641905928948,1.3335935185566246,20.936392278610587,sensor_drift,drift,oil_pressure,32.0,111,299,sensor_drift_012,27.61262414829402,20.046363492538166
268,5008.223191090758,723.5405980547321,172.22211245268994,77.53735317016162,97.17297647239664,1.1824146090924843,21.406732739728888,sensor_drift,drift,oil_pressure,31.0,111,299,sensor_drift_012,27.543941306893615,19.868626174263554
269,5010.652488022072,722.7027975444367,167.99594747475263,76.74694829697717,97.73749402987244,1.207740033812949,21.0939976096072,sensor_drift,drift,oil_pressure,30.0,111,299,sensor_drift_012,27.65531477847147,19.969828197631454
270,5012.405917802659,724.3595564734267,167.88676437399434,76.53365906103261,98.45666980389286,1.4864396714527752,20.99075734580084,sensor_drift,drift,oil_pressure,29.0,111,299,sensor_drift_012,27.6959839778443,20.377375761971184
271,5010.169952460983,713.9403191021676,172.33136563193185,76.28224312923247,95.46055322956308,1.135163243364275,21.049048141987843,sensor_drift,drift,oil_pressure,28.0,111,299,sensor_drift_012,27.58269194865103,20.748341955430632
272,5012.713379124863,725.1037955894884,166.96226326327056,77.63591239213851,98.50655950977078,1.2306733703380526,20.99589421566922,sensor_drift,drift,oil_pressure,27.0,111,299,sensor_drift_012,27.585724613251465,20.147508316232766
273,5012.525491693861,719.6274321380729,171.32095371615958,77.2627018362855,96.59523679478109,1.3028152300521658,21.02759047917429,sensor_drift,drift,oil_pressure,26.0,111,299,sensor_drift_012,27.657709608806105,20.33611083380471
274,5015.682070777999,723.1069741918454,170.1255641599937,76.0295733731069,96.90957283420562,1.171351040618013,21.370505269033664,sensor_drift,drift,oil_pressure,25.0,111,299,sensor_drift_012,27.663103748569135,19.550572783450708
275,5018.621148694787,725.7383312855468,170.54524567336955,77.58589592760546,97.63576813188516,1.2869337848814384,21.188437774089547,sensor_drift,drift,oil_pressure,24.0,111,299,sensor_drift_012,27.67825163248326,20.057960547590714
276,5011.251421354784,722.1752388675478,170.24727131103526,78.29142900728881,98.96923497495472,1.464971966715198,21.225177636970532,sensor_drift,drift,oil_pressure,23.0,111,299,sensor_drift_012,27.601449476617084,20.462997073730268
277,5009.314645844534,725.8418369871399,171.33785515564676,77.58459384587879,96.92256657949834,1.2869154948734638,21.11530042323332,sensor_drift,drift,oil_pressure,22.0,111,299,sensor_drift_012,27.550270043737974,19.95633428876459
278,5006.411782011054,722.8012118785018,171.57053205153431,76.99621539749657,97.18766278977016,1.282997864489025,20.806023408651303,sensor_drift,drift,oil_pressure,21.0,111,299,sensor_drift_012,27.590047688257176,20.015611642298182
279,5013.150745284865,720.6523025291825,169.22880039612295,76.75135845675835,98.34278193896613,1.283302273164988,20.9331094517802,sensor_drift,drift,oil_pressure,20.0,111,299,sensor_drift_012,27.5924225463144,19.778457923573406
280,5012.998767295482,718.1164389652164,170.28590067346613,79.35241205317078,98.2758977064266,1.3545816001010835,20.889526588307504,sensor_drift,drift,oil_pressure,19.0,111,299,sensor_drift_012,27.57449098853373,20.510523744836643
281,5014.442030153079,723.0305322658028,168.33854557826712,79.47022796329468,96.86419781118356,1.2367562000629886,21.763479941838423,sensor_drift,drift,oil_pressure,18.0,111,299,sensor_drift_012,27.52465476010915,20.136593241123464
282,5015.311655144037,722.7519033464097,170.68707446314625,79.89439644214826,98.09344235376724,1.2140009830151608,21.34909383701507,sensor_drift,drift,oil_pressure,17.0,111,299,sensor_drift_012,27.57415623984272,20.12923793081441
283,5010.560944097665,718.906075904291,169.30819953862684,79.8837207215294,97.96435850940657,1.278042708876466,21.261759678941868,sensor_drift,drift,oil_pressure,16.0,111,299,sensor_drift_012,27.53599622710628,19.365725595611348
284,5005.176772426948,718.944045659954,170.18981137160876,78.73178727419268,95.10089409437724,1.354198061387014,20.68845444429457,sensor_drift,drift,oil_pressure,15.0,111,299,sensor_drift_012,27.58297640225107,19.872971418619453
285,5002.68631040098,721.0761379553352,170.89032322012935,78.95484767253451,99.09640062599745,1.1677312993961186,20.88640285327195,sensor_drift,drift,oil_pressure,14.0,111,299,sensor_drift_012,27.534424461356927,20.00046710233539
286,4998.477053968387,721.213788122537,169.88435742081046,76.31977773492744,97.16342630137284,1.2524373156321913,21.188306078415827,sensor_drift,drift,oil_pressure,13.0,111,299,sensor_drift_012,27.503091004744988,20.66381739215117
287,4993.580090404157,719.8355113449591,169.65519244800396,78.76886587285212,98.1033368209978,1.2844999563848425,20.772606247125804,sensor_drift,drift,oil_pressure,12.0,111,299,sensor_drift_012,27.532527669055096,19.950305707851964
288,4991.574276429985,719.640153406511,167.86793522990337,76.78624414648968,98.37130203568798,1.016072454458177,20.90617116408511,sensor_drift,drift,oil_pressure,11.0,111,299,sensor_drift_012,27.535570531679188,20.009856639756677
289,4987.859274654807,723.7753034903849,169.56171868083177,79.85509778662177,97.38320277479735,1.088215184766591,20.85451416001712,sensor_drift,drift,oil_pressure,10.0,111,299,sensor_drift_012,27.505691459000186,20.518836219616972
290,4988.8484196100735,716.0485542030053,169.24844863654144,76.79571971320618,96.7119075201863,1.0398791356774957,20.711829590394665,sensor_drift,drift,oil_pressure,9.0,111,299,sensor_drift_012,27.581022795396017,20.08280264251978
291,4989.367383260761,718.6780735398621,169.72650154698823,78.3097919450883,96.13391798747348,1.4171797385740696,21.306890787465598,sensor_drift,drift,oil_pressure,8.0,111,299,sensor_drift_012,27.532557472232817,20.069515374392846
292,4986.477187576094,722.0649001388159,166.82389450065023,76.81645650025646,97.36341261354998,1.255113535166975,20.8125179464087,sensor_drift,drift,oil_pressure,7.0,111,299,sensor_drift_012,27.54849473229342,20.081302138044244
293,4996.1577451155335,716.4243821256771,169.26453412854855,77.45376400708648,96.56313469018562,1.134845032381946,21.32595159964844,sensor_drift,drift,oil_pressure,6.0,111,299,sensor_drift_012,27.574043584468356,19.914487316677157
294,5004.492418830718,718.8828591366536,170.7535613602204,79.193655781247,96.98045147150688,1.2905289975327054,20.449967460165755,sensor_drift,drift,oil_pressure,5.0,111,299,sensor_drift_012,27.591685994505855,20.583696012024372
295,5006.892351753017,724.860917892891,170.8687826101276,77.99510913008756,97.6383153208936,1.2667370515431426,21.32739586924261,sensor_drift,drift,oil_pressure,4.0,111,299,sensor_drift_012,27.57194704910518,19.495041218464365
296,5007.985915404164,725.6156020239753,171.55972340160363,79.27412940931862,96.7599181730048,1.4754016139224482,21.52737933739153,sensor_drift,drift,oil_pressure,3.0,111,299,sensor_drift_012,27.622848387536298,19.51763112195074
297,5007.658202879742,718.7274526529675,169.65848401350024,79.28400360311792,97.90454590951462,1.2395796309157618,20.89811584953152,sensor_drift,drift,oil_pressure,2.0,111,299,sensor_drift_012,27.613372480132938,19.97562845965096
298,5003.131386223232,719.7526497020347,166.91470532543366,80.34888858476069,98.58423189510648,1.218649746530586,21.07366150747954,sensor_drift,drift,oil_pressure,1.0,111,299,sensor_drift_012,27.484638064174188,20.275678874621534
299,4999.6994441457455,716.8103575275014,169.73297892421763,80.0759854097621,96.88485530400564,1.195640072116132,21.04278718278009,sensor_drift,drift,oil_pressure,0.0,111,299,sensor_drift_012,27.607429622603238,20.068273675285173
