sub_type,target,severity,n,detected,correct,failed,median_delay,rate,rate_correct
bias,oil_pressure,0.0,30,1,0,0,64.0,0.03333333333333333,0.0
bias,oil_pressure,0.1,30,11,10,0,19.0,0.36666666666666664,0.3333333333333333
bias,oil_pressure,0.2,30,29,29,0,14.0,0.9666666666666667,0.9666666666666667
bias,oil_pressure,0.35,30,30,30,0,14.0,1.0,1.0
bias,oil_pressure,0.5,30,30,30,0,14.0,1.0,1.0
bias,oil_pressure,0.75,30,30,30,0,14.0,1.0,1.0
bias,oil_pressure,1.0,30,30,30,0,14.0,1.0,1.0
bias,vibration,0.0,30,1,0,0,64.0,0.03333333333333333,0.0
bias,vibration,0.1,30,1,0,0,64.0,0.03333333333333333,0.0
bias,vibration,0.2,30,2,1,0,114.0,0.06666666666666667,0.03333333333333333
bias,vibration,0.35,30,13,6,0,129.0,0.43333333333333335,0.2
bias,vibration,0.5,30,18,12,0,66.5,0.6,0.4
bias,vibration,0.75,30,27,25,0,19.0,0.9,0.8333333333333334
bias,vibration,1.0,30,30,29,0,14.0,1.0,0.9666666666666667
drift,oil_pressure,0.0,30,1,0,0,64.0,0.03333333333333333,0.0
drift,oil_pressure,0.1,30,1,0,0,64.0,0.03333333333333333,0.0
drift,oil_pressure,0.2,30,8,7,0,159.0,0.26666666666666666,0.23333333333333334
drift,oil_pressure,0.35,30,23,22,0,129.0,0.7666666666666667,0.7333333333333333
drift,oil_pressure,0.5,30,28,28,0,89.0,0.9333333333333333,0.9333333333333333
drift,oil_pressure,0.75,30,30,30,0,49.0,1.0,1.0
drift,oil_pressure,1.0,30,30,30,0,34.0,1.0,1.0
drift,vibration,0.0,30,1,0,0,64.0,0.03333333333333333,0.0
drift,vibration,0.1,30,1,0,0,64.0,0.03333333333333333,0.0
drift,vibration,0.2,30,1,0,0,64.0,0.03333333333333333,0.0
drift,vibration,0.35,30,4,1,0,169.0,0.13333333333333333,0.03333333333333333
drift,vibration,0.5,30,9,4,0,154.0,0.3,0.13333333333333333
drift,vibration,0.75,30,19,15,0,129.0,0.6333333333333333,0.5
drift,vibration,1.0,30,25,22,0,129.0,0.8333333333333334,0.7333333333333333
stuck,oil_pressure,0.0,30,1,0,0,64.0,0.03333333333333333,0.0
stuck,oil_pressure,0.1,30,1,0,0,64.0,0.03333333333333333,0.0
stuck,oil_pressure,0.2,30,1,0,0,64.0,0.03333333333333333,0.0
stuck,oil_pressure,0.35,30,1,0,0,64.0,0.03333333333333333,0.0
stuck,oil_pressure,0.5,30,1,0,0,64.0,0.03333333333333333,0.0
stuck,oil_pressure,0.75,30,1,0,0,64.0,0.03333333333333333,0.0
stuck,oil_pressure,1.0,30,1,0,0,64.0,0.03333333333333333,0.0
stuck,vibration,0.0,30,1,0,0,64.0,0.03333333333333333,0.0
stuck,vibration,0.1,30,0,0,0,,0.0,0.0
stuck,vibration,0.2,30,1,1,0,129.0,0.03333333333333333,0.03333333333333333
stuck,vibration,0.35,30,18,18,0,74.0,0.6,0.6
stuck,vibration,0.5,30,25,25,0,39.0,0.8333333333333334,0.8333333333333334
stuck,vibration,0.75,30,28,27,0,39.0,0.9333333333333333,0.9
stuck,vibration,1.0,30,30,29,0,34.0,1.0,0.9666666666666667
