fault,noise,severity,n,detected,correct,median_delay,failed,rate,rate_correct,lcb95
none,0.0,0.0,30,1,0,,0,0.03333333333333333,0.0,0.001708315644465736
none,0.02,0.0,30,4,0,,0,0.13333333333333333,0.0,0.04685482691460069
none,0.05,0.0,30,0,0,,0,0.0,0.0,0.0
misfire,0.0,0.1,30,23,22,154.0,0,0.7666666666666667,0.7333333333333333,0.6060525774776366
misfire,0.0,0.2,30,28,28,151.5,0,0.9333333333333333,0.9333333333333333,0.804673956345074
misfire,0.0,0.35,30,29,29,144.0,0,0.9666666666666667,0.9666666666666667,0.8514039313408869
misfire,0.0,0.5,30,30,30,139.0,0,1.0,1.0,0.9049661471446959
misfire,0.0,0.75,30,30,30,129.0,0,1.0,1.0,0.9049661471446959
misfire,0.0,1.0,30,30,30,124.0,0,1.0,1.0,0.9049661471446959
misfire,0.02,0.1,30,23,22,154.0,0,0.7666666666666667,0.7333333333333333,0.6060525774776366
misfire,0.02,0.2,30,28,28,146.5,0,0.9333333333333333,0.9333333333333333,0.804673956345074
misfire,0.02,0.35,30,30,30,144.0,0,1.0,1.0,0.9049661471446959
misfire,0.02,0.5,30,30,30,139.0,0,1.0,1.0,0.9049661471446959
misfire,0.02,0.75,30,30,30,129.0,0,1.0,1.0,0.9049661471446959
misfire,0.02,1.0,30,30,30,124.0,0,1.0,1.0,0.9049661471446959
misfire,0.05,0.1,30,23,23,149.0,0,0.7666666666666667,0.7666666666666667,0.6060525774776366
misfire,0.05,0.2,30,27,27,144.0,0,0.9,0.9,0.7614021427067491
misfire,0.05,0.35,30,29,29,144.0,0,0.9666666666666667,0.9666666666666667,0.8514039313408869
misfire,0.05,0.5,30,30,30,136.5,0,1.0,1.0,0.9049661471446959
misfire,0.05,0.75,30,30,30,131.5,0,1.0,1.0,0.9049661471446959
misfire,0.05,1.0,30,30,30,124.0,0,1.0,1.0,0.9049661471446959
overheat,0.0,0.1,30,29,26,79.0,0,0.9666666666666667,0.8666666666666667,0.8514039313408869
overheat,0.0,0.2,30,29,28,79.0,0,0.9666666666666667,0.9333333333333333,0.8514039313408869
overheat,0.0,0.35,30,30,30,69.0,0,1.0,1.0,0.9049661471446959
overheat,0.0,0.5,30,30,30,66.5,0,1.0,1.0,0.9049661471446959
overheat,0.0,0.75,30,30,30,61.5,0,1.0,1.0,0.9049661471446959
overheat,0.0,1.0,30,30,30,59.0,0,1.0,1.0,0.9049661471446959
overheat,0.02,0.1,30,27,20,84.0,0,0.9,0.6666666666666666,0.7614021427067491
overheat,0.02,0.2,30,28,27,84.0,0,0.9333333333333333,0.9,0.804673956345074
overheat,0.02,0.35,30,29,29,69.0,0,0.9666666666666667,0.9666666666666667,0.8514039313408869
overheat,0.02,0.5,30,30,30,69.0,0,1.0,1.0,0.9049661471446959
overheat,0.02,0.75,30,30,30,66.5,0,1.0,1.0,0.9049661471446959
overheat,0.02,1.0,30,30,30,61.5,0,1.0,1.0,0.9049661471446959
overheat,0.05,0.1,30,9,6,164.0,0,0.3,0.2,0.1663259556132117
overheat,0.05,0.2,30,22,21,131.5,0,0.7333333333333333,0.7,0.570066066193707
overheat,0.05,0.35,30,29,29,124.0,0,0.9666666666666667,0.9666666666666667,0.8514039313408869
overheat,0.05,0.5,30,30,30,104.0,0,1.0,1.0,0.9049661471446959
overheat,0.05,0.75,30,30,30,84.0,0,1.0,1.0,0.9049661471446959
overheat,0.05,1.0,30,30,30,79.0,0,1.0,1.0,0.9049661471446959
cooling_degradation,0.0,0.1,30,30,26,79.0,0,1.0,0.8666666666666667,0.9049661471446959
cooling_degradation,0.0,0.2,30,30,30,79.0,0,1.0,1.0,0.9049661471446959
cooling_degradation,0.0,0.35,30,30,30,69.0,0,1.0,1.0,0.9049661471446959
cooling_degradation,0.0,0.5,30,30,30,66.5,0,1.0,1.0,0.9049661471446959
cooling_degradation,0.0,0.75,30,30,30,56.5,0,1.0,1.0,0.9049661471446959
cooling_degradation,0.0,1.0,30,30,30,54.0,0,1.0,1.0,0.9049661471446959
cooling_degradation,0.02,0.1,30,30,28,89.0,0,1.0,0.9333333333333333,0.9049661471446959
cooling_degradation,0.02,0.2,30,30,30,81.5,0,1.0,1.0,0.9049661471446959
cooling_degradation,0.02,0.35,30,30,30,71.5,0,1.0,1.0,0.9049661471446959
cooling_degradation,0.02,0.5,30,30,30,66.5,0,1.0,1.0,0.9049661471446959
cooling_degradation,0.02,0.75,30,30,30,64.0,0,1.0,1.0,0.9049661471446959
cooling_degradation,0.02,1.0,30,30,30,56.5,0,1.0,1.0,0.9049661471446959
cooling_degradation,0.05,0.1,30,11,7,159.0,0,0.36666666666666664,0.23333333333333334,0.22105944984601353
cooling_degradation,0.05,0.2,30,24,24,129.0,0,0.8,0.8,0.6429908854383468
cooling_degradation,0.05,0.35,30,29,28,109.0,0,0.9666666666666667,0.9333333333333333,0.8514039313408869
cooling_degradation,0.05,0.5,30,30,29,99.0,0,1.0,0.9666666666666667,0.9049661471446959
cooling_degradation,0.05,0.75,30,30,30,84.0,0,1.0,1.0,0.9049661471446959
cooling_degradation,0.05,1.0,30,30,30,74.0,0,1.0,1.0,0.9049661471446959
oil_issue,0.0,0.1,30,28,28,51.5,0,0.9333333333333333,0.9333333333333333,0.804673956345074
oil_issue,0.0,0.2,30,30,30,56.5,0,1.0,1.0,0.9049661471446959
oil_issue,0.0,0.35,30,30,30,56.5,0,1.0,1.0,0.9049661471446959
oil_issue,0.0,0.5,30,30,30,51.5,0,1.0,1.0,0.9049661471446959
oil_issue,0.0,0.75,30,30,30,51.5,0,1.0,1.0,0.9049661471446959
oil_issue,0.0,1.0,30,30,30,51.5,0,1.0,1.0,0.9049661471446959
oil_issue,0.02,0.1,30,27,27,124.0,0,0.9,0.9,0.7614021427067491
oil_issue,0.02,0.2,30,29,29,109.0,0,0.9666666666666667,0.9666666666666667,0.8514039313408869
oil_issue,0.02,0.35,30,30,30,94.0,0,1.0,1.0,0.9049661471446959
oil_issue,0.02,0.5,30,30,30,81.5,0,1.0,1.0,0.9049661471446959
oil_issue,0.02,0.75,30,30,30,71.5,0,1.0,1.0,0.9049661471446959
oil_issue,0.02,1.0,30,30,30,64.0,0,1.0,1.0,0.9049661471446959
oil_issue,0.05,0.1,30,14,13,161.5,0,0.4666666666666667,0.43333333333333335,0.30846402719339394
oil_issue,0.05,0.2,30,28,28,139.0,0,0.9333333333333333,0.9333333333333333,0.804673956345074
oil_issue,0.05,0.35,30,30,30,114.0,0,1.0,1.0,0.9049661471446959
oil_issue,0.05,0.5,30,30,30,104.0,0,1.0,1.0,0.9049661471446959
oil_issue,0.05,0.75,30,30,30,84.0,0,1.0,1.0,0.9049661471446959
oil_issue,0.05,1.0,30,30,30,76.5,0,1.0,1.0,0.9049661471446959
sensor_drift,0.0,0.1,30,9,8,39.0,0,0.3,0.26666666666666666,0.1663259556132117
sensor_drift,0.0,0.2,30,12,12,31.5,0,0.4,0.4,0.2495259051466325
sensor_drift,0.0,0.35,30,16,15,36.5,0,0.5333333333333333,0.5,0.36994755511619365
sensor_drift,0.0,0.5,30,23,21,39.0,0,0.7666666666666667,0.7,0.6060525774776366
sensor_drift,0.0,0.75,30,25,25,39.0,0,0.8333333333333334,0.8333333333333334,0.6810288180526849
sensor_drift,0.0,1.0,30,26,26,34.0,0,0.8666666666666667,0.8666666666666667,0.7203848341065179
sensor_drift,0.02,0.1,30,8,7,39.0,0,0.26666666666666666,0.23333333333333334,0.14018509946776775
sensor_drift,0.02,0.2,30,12,12,34.0,0,0.4,0.4,0.2495259051466325
sensor_drift,0.02,0.35,30,16,15,36.5,0,0.5333333333333333,0.5,0.36994755511619365
sensor_drift,0.02,0.5,30,22,21,39.0,0,0.7333333333333333,0.7,0.570066066193707
sensor_drift,0.02,0.75,30,25,25,39.0,0,0.8333333333333334,0.8333333333333334,0.6810288180526849
sensor_drift,0.02,1.0,30,26,26,34.0,0,0.8666666666666667,0.8666666666666667,0.7203848341065179
sensor_drift,0.05,0.1,30,8,6,41.5,0,0.26666666666666666,0.2,0.14018509946776775
sensor_drift,0.05,0.2,30,12,11,36.5,0,0.4,0.36666666666666664,0.2495259051466325
sensor_drift,0.05,0.35,30,16,15,41.5,0,0.5333333333333333,0.5,0.36994755511619365
sensor_drift,0.05,0.5,30,22,22,51.5,0,0.7333333333333333,0.7333333333333333,0.570066066193707
sensor_drift,0.05,0.75,30,25,25,39.0,0,0.8333333333333334,0.8333333333333334,0.6810288180526849
sensor_drift,0.05,1.0,30,25,25,39.0,0,0.8333333333333334,0.8333333333333334,0.6810288180526849
vibration_fault,0.0,0.1,30,30,30,54.0,0,1.0,1.0,0.9049661471446959
vibration_fault,0.0,0.2,30,30,30,51.5,0,1.0,1.0,0.9049661471446959
vibration_fault,0.0,0.35,30,30,30,49.0,0,1.0,1.0,0.9049661471446959
vibration_fault,0.0,0.5,30,30,30,51.5,0,1.0,1.0,0.9049661471446959
vibration_fault,0.0,0.75,30,30,30,51.5,0,1.0,1.0,0.9049661471446959
vibration_fault,0.0,1.0,30,30,30,49.0,0,1.0,1.0,0.9049661471446959
vibration_fault,0.02,0.1,30,30,30,54.0,0,1.0,1.0,0.9049661471446959
vibration_fault,0.02,0.2,30,30,30,54.0,0,1.0,1.0,0.9049661471446959
vibration_fault,0.02,0.35,30,30,30,54.0,0,1.0,1.0,0.9049661471446959
vibration_fault,0.02,0.5,30,30,30,54.0,0,1.0,1.0,0.9049661471446959
vibration_fault,0.02,0.75,30,30,30,51.5,0,1.0,1.0,0.9049661471446959
vibration_fault,0.02,1.0,30,30,30,51.5,0,1.0,1.0,0.9049661471446959
vibration_fault,0.05,0.1,30,29,29,129.0,0,0.9666666666666667,0.9666666666666667,0.8514039313408869
vibration_fault,0.05,0.2,30,30,30,126.5,0,1.0,1.0,0.9049661471446959
vibration_fault,0.05,0.35,30,30,30,111.5,0,1.0,1.0,0.9049661471446959
vibration_fault,0.05,0.5,30,30,30,104.0,0,1.0,1.0,0.9049661471446959
vibration_fault,0.05,0.75,30,30,30,94.0,0,1.0,1.0,0.9049661471446959
vibration_fault,0.05,1.0,30,30,30,91.5,0,1.0,1.0,0.9049661471446959
