flight_id,window_start,actual_fault,predicted_fault,confidence,health_score
cooling_degradation_000,0,cooling_degradation,none,0.999,100.0
cooling_degradation_000,30,cooling_degradation,none,0.9994,100.0
cooling_degradation_000,60,cooling_degradation,none,0.999,100.0
cooling_degradation_000,90,cooling_degradation,none,0.9989,100.0
cooling_degradation_000,120,cooling_degradation,none,0.9587,100.0
cooling_degradation_000,150,cooling_degradation,cooling_degradation,0.925,100.0
cooling_degradation_000,180,cooling_degradation,cooling_degradation,0.9981,100.0
cooling_degradation_000,210,cooling_degradation,cooling_degradation,0.9988,99.92
cooling_degradation_000,240,cooling_degradation,cooling_degradation,0.9942,98.57
cooling_degradation_000,270,cooling_degradation,cooling_degradation,0.9953,96.19
cooling_degradation_001,0,cooling_degradation,none,0.9981,100.0
cooling_degradation_001,30,cooling_degradation,none,0.9982,100.0
cooling_degradation_001,60,cooling_degradation,none,0.999,100.0
cooling_degradation_001,90,cooling_degradation,none,0.9992,100.0
cooling_degradation_001,120,cooling_degradation,cooling_degradation,0.9625,100.0
cooling_degradation_001,150,cooling_degradation,cooling_degradation,0.943,100.0
cooling_degradation_001,180,cooling_degradation,cooling_degradation,0.9896,100.0
cooling_degradation_001,210,cooling_degradation,cooling_degradation,0.9993,99.95
cooling_degradation_001,240,cooling_degradation,cooling_degradation,0.9963,99.25
cooling_degradation_001,270,cooling_degradation,cooling_degradation,0.9963,97.68
cooling_degradation_002,0,none,none,0.9996,100.0
cooling_degradation_002,30,none,none,0.9987,100.0
cooling_degradation_002,60,none,none,0.9972,100.0
cooling_degradation_002,90,none,none,0.9985,100.0
cooling_degradation_002,120,none,none,0.9981,100.0
cooling_degradation_002,150,none,none,0.9983,100.0
cooling_degradation_002,180,none,cooling_degradation,0.9685,100.0
cooling_degradation_002,210,none,cooling_degradation,0.9854,100.0
cooling_degradation_002,240,none,cooling_degradation,0.9997,99.1
cooling_degradation_002,270,none,cooling_degradation,0.9932,95.99
cooling_degradation_003,0,cooling_degradation,none,0.9977,100.0
cooling_degradation_003,30,cooling_degradation,none,0.9952,100.0
cooling_degradation_003,60,cooling_degradation,none,0.9978,100.0
cooling_degradation_003,90,cooling_degradation,none,0.9996,100.0
cooling_degradation_003,120,cooling_degradation,cooling_degradation,0.9515,100.0
cooling_degradation_003,150,cooling_degradation,cooling_degradation,0.9974,100.0
cooling_degradation_003,180,cooling_degradation,cooling_degradation,0.9976,100.0
cooling_degradation_003,210,cooling_degradation,cooling_degradation,0.9992,99.73
cooling_degradation_003,240,cooling_degradation,cooling_degradation,0.9898,98.11
cooling_degradation_003,270,cooling_degradation,cooling_degradation,0.9991,95.76
cooling_degradation_004,0,cooling_degradation,none,0.9926,100.0
cooling_degradation_004,30,cooling_degradation,none,0.9981,100.0
cooling_degradation_004,60,cooling_degradation,none,0.9983,100.0
cooling_degradation_004,90,cooling_degradation,none,0.9983,100.0
cooling_degradation_004,120,cooling_degradation,none,0.9974,100.0
cooling_degradation_004,150,cooling_degradation,cooling_degradation,0.9288,100.0
cooling_degradation_004,180,cooling_degradation,cooling_degradation,0.9812,100.0
cooling_degradation_004,210,cooling_degradation,cooling_degradation,0.9987,100.0
cooling_degradation_004,240,cooling_degradation,cooling_degradation,0.9986,99.52
cooling_degradation_004,270,cooling_degradation,cooling_degradation,0.9968,97.56
cooling_degradation_005,0,none,none,0.9984,100.0
cooling_degradation_005,30,none,none,0.9991,100.0
cooling_degradation_005,60,none,none,0.9997,100.0
cooling_degradation_005,90,none,none,0.9982,100.0
cooling_degradation_005,120,none,none,0.9995,100.0
cooling_degradation_005,150,none,cooling_degradation,0.9452,100.0
cooling_degradation_005,180,none,cooling_degradation,0.9815,100.0
cooling_degradation_005,210,none,cooling_degradation,0.9993,100.0
cooling_degradation_005,240,none,cooling_degradation,0.9992,99.35
cooling_degradation_005,270,none,cooling_degradation,0.9955,97.28
cooling_degradation_006,0,none,none,0.9993,100.0
cooling_degradation_006,30,none,none,0.9981,100.0
cooling_degradation_006,60,none,none,0.9993,100.0
cooling_degradation_006,90,none,none,0.9998,100.0
cooling_degradation_006,120,none,none,0.9974,100.0
cooling_degradation_006,150,none,none,0.9732,100.0
cooling_degradation_006,180,none,cooling_degradation,0.9961,100.0
cooling_degradation_006,210,none,cooling_degradation,0.9995,100.0
cooling_degradation_006,240,none,cooling_degradation,0.9992,99.52
cooling_degradation_006,270,none,cooling_degradation,0.9982,97.21
cooling_degradation_007,0,none,none,0.9991,100.0
cooling_degradation_007,30,none,none,0.9984,100.0
cooling_degradation_007,60,none,none,0.9996,100.0
cooling_degradation_007,90,none,none,0.999,100.0
cooling_degradation_007,120,none,none,0.998,100.0
cooling_degradation_007,150,none,cooling_degradation,0.8598,100.0
cooling_degradation_007,180,none,cooling_degradation,0.9953,100.0
cooling_degradation_007,210,none,cooling_degradation,0.9995,99.98
cooling_degradation_007,240,none,cooling_degradation,0.9962,99.12
cooling_degradation_007,270,none,cooling_degradation,0.9909,96.92
cooling_degradation_008,0,none,none,0.999,100.0
cooling_degradation_008,30,none,none,0.9993,100.0
cooling_degradation_008,60,none,none,0.9952,100.0
cooling_degradation_008,90,none,none,0.9983,100.0
cooling_degradation_008,120,none,none,0.9968,100.0
cooling_degradation_008,150,none,none,0.9918,100.0
cooling_degradation_008,180,none,cooling_degradation,0.9488,100.0
cooling_degradation_008,210,none,cooling_degradation,0.9981,100.0
cooling_degradation_008,240,none,cooling_degradation,0.9997,99.61
cooling_degradation_008,270,none,cooling_degradation,0.9987,97.05
cooling_degradation_009,0,cooling_degradation,none,0.9983,100.0
cooling_degradation_009,30,cooling_degradation,none,0.9997,100.0
cooling_degradation_009,60,cooling_degradation,none,0.9974,100.0
cooling_degradation_009,90,cooling_degradation,none,0.9944,100.0
cooling_degradation_009,120,cooling_degradation,cooling_degradation,0.9252,100.0
cooling_degradation_009,150,cooling_degradation,cooling_degradation,0.9592,100.0
cooling_degradation_009,180,cooling_degradation,cooling_degradation,0.9985,100.0
cooling_degradation_009,210,cooling_degradation,cooling_degradation,0.9994,99.75
cooling_degradation_009,240,cooling_degradation,cooling_degradation,0.9983,98.31
cooling_degradation_009,270,cooling_degradation,cooling_degradation,0.9948,96.47
cooling_degradation_010,0,cooling_degradation,none,0.9984,100.0
cooling_degradation_010,30,cooling_degradation,none,0.9983,100.0
cooling_degradation_010,60,cooling_degradation,none,0.9987,100.0
cooling_degradation_010,90,cooling_degradation,none,0.9978,100.0
cooling_degradation_010,120,cooling_degradation,cooling_degradation,0.9548,100.0
cooling_degradation_010,150,cooling_degradation,cooling_degradation,0.9922,100.0
cooling_degradation_010,180,cooling_degradation,cooling_degradation,0.9988,100.0
cooling_degradation_010,210,cooling_degradation,cooling_degradation,0.9996,99.72
cooling_degradation_010,240,cooling_degradation,cooling_degradation,0.9942,98.36
cooling_degradation_010,270,cooling_degradation,cooling_degradation,0.9935,96.38
cooling_degradation_011,0,none,none,0.9947,100.0
cooling_degradation_011,30,none,none,0.9985,100.0
cooling_degradation_011,60,none,none,0.9919,100.0
cooling_degradation_011,90,none,none,0.999,100.0
cooling_degradation_011,120,none,none,0.9971,100.0
cooling_degradation_011,150,none,cooling_degradation,0.8982,100.0
cooling_degradation_011,180,none,cooling_degradation,0.9891,100.0
cooling_degradation_011,210,none,cooling_degradation,0.9977,100.0
cooling_degradation_011,240,none,cooling_degradation,0.9995,99.76
cooling_degradation_011,270,none,cooling_degradation,0.9987,98.05
cooling_degradation_012,0,cooling_degradation,none,0.9941,100.0
cooling_degradation_012,30,cooling_degradation,none,0.9999,100.0
cooling_degradation_012,60,cooling_degradation,none,0.9976,100.0
cooling_degradation_012,90,cooling_degradation,none,0.9977,100.0
cooling_degradation_012,120,cooling_degradation,cooling_degradation,0.9547,100.0
cooling_degradation_012,150,cooling_degradation,cooling_degradation,0.9945,100.0
cooling_degradation_012,180,cooling_degradation,cooling_degradation,0.9877,100.0
cooling_degradation_012,210,cooling_degradation,cooling_degradation,0.9935,99.98
cooling_degradation_012,240,cooling_degradation,cooling_degradation,0.9984,99.34
cooling_degradation_012,270,cooling_degradation,cooling_degradation,0.9987,98.13
cooling_degradation_013,0,cooling_degradation,none,0.9958,100.0
cooling_degradation_013,30,cooling_degradation,none,0.9996,100.0
cooling_degradation_013,60,cooling_degradation,none,0.9986,100.0
cooling_degradation_013,90,cooling_degradation,none,0.9981,100.0
cooling_degradation_013,120,cooling_degradation,cooling_degradation,0.9219,100.0
cooling_degradation_013,150,cooling_degradation,cooling_degradation,0.9652,100.0
cooling_degradation_013,180,cooling_degradation,cooling_degradation,0.9675,100.0
cooling_degradation_013,210,cooling_degradation,cooling_degradation,0.9984,99.86
cooling_degradation_013,240,cooling_degradation,cooling_degradation,0.9779,98.9
cooling_degradation_013,270,cooling_degradation,cooling_degradation,0.9875,97.3
cooling_degradation_014,0,none,none,0.9959,100.0
cooling_degradation_014,30,none,none,0.9909,100.0
cooling_degradation_014,60,none,none,0.997,100.0
cooling_degradation_014,90,none,none,0.9998,100.0
cooling_degradation_014,120,none,none,0.9909,100.0
cooling_degradation_014,150,none,none,0.9976,100.0
cooling_degradation_014,180,none,cooling_degradation,0.9754,100.0
cooling_degradation_014,210,none,cooling_degradation,0.9923,99.99
cooling_degradation_014,240,none,cooling_degradation,0.999,99.25
cooling_degradation_014,270,none,cooling_degradation,0.9835,96.59
cooling_degradation_015,0,cooling_degradation,none,0.9989,100.0
cooling_degradation_015,30,cooling_degradation,none,0.9958,100.0
cooling_degradation_015,60,cooling_degradation,none,0.9997,100.0
cooling_degradation_015,90,cooling_degradation,none,0.9964,100.0
cooling_degradation_015,120,cooling_degradation,none,0.8621,100.0
cooling_degradation_015,150,cooling_degradation,cooling_degradation,0.9879,100.0
cooling_degradation_015,180,cooling_degradation,cooling_degradation,0.9972,100.0
cooling_degradation_015,210,cooling_degradation,cooling_degradation,0.9939,100.0
cooling_degradation_015,240,cooling_degradation,cooling_degradation,0.9992,99.24
cooling_degradation_015,270,cooling_degradation,cooling_degradation,0.9967,97.69
cooling_degradation_016,0,none,none,0.9965,100.0
cooling_degradation_016,30,none,none,0.9965,100.0
cooling_degradation_016,60,none,none,0.9988,100.0
cooling_degradation_016,90,none,none,0.9981,100.0
cooling_degradation_016,120,none,none,0.9994,100.0
cooling_degradation_016,150,none,none,0.994,100.0
cooling_degradation_016,180,none,cooling_degradation,0.9465,100.0
cooling_degradation_016,210,none,cooling_degradation,0.9955,100.0
cooling_degradation_016,240,none,cooling_degradation,0.999,99.75
cooling_degradation_016,270,none,cooling_degradation,0.994,97.72
cooling_degradation_017,0,none,none,0.998,100.0
cooling_degradation_017,30,none,none,0.9995,100.0
cooling_degradation_017,60,none,none,0.9984,100.0
cooling_degradation_017,90,none,none,0.9979,100.0
cooling_degradation_017,120,none,none,0.9924,100.0
cooling_degradation_017,150,none,none,0.9891,100.0
cooling_degradation_017,180,none,cooling_degradation,0.9815,100.0
cooling_degradation_017,210,none,cooling_degradation,0.9988,100.0
cooling_degradation_017,240,none,cooling_degradation,0.9983,99.32
cooling_degradation_017,270,none,cooling_degradation,0.9165,96.89
healthy_000,0,none,none,0.9967,100.0
healthy_000,30,none,none,0.9994,100.0
healthy_000,60,none,none,0.9973,100.0
healthy_000,90,none,none,0.9948,100.0
healthy_000,120,none,none,0.9891,100.0
healthy_000,150,none,none,0.9974,100.0
healthy_000,180,none,none,0.981,100.0
healthy_000,210,none,none,0.9923,100.0
healthy_000,240,none,none,0.9969,100.0
healthy_000,270,none,none,0.9971,100.0
healthy_001,0,none,none,0.9936,100.0
healthy_001,30,none,none,0.9985,100.0
healthy_001,60,none,none,0.9995,100.0
healthy_001,90,none,none,0.9986,100.0
healthy_001,120,none,none,0.9957,100.0
healthy_001,150,none,none,0.9845,100.0
healthy_001,180,none,none,0.9956,100.0
healthy_001,210,none,none,0.9863,100.0
healthy_001,240,none,none,0.9891,100.0
healthy_001,270,none,none,0.9988,100.0
healthy_002,0,none,none,0.9997,100.0
healthy_002,30,none,none,0.9955,100.0
healthy_002,60,none,none,0.9805,100.0
healthy_002,90,none,none,0.9761,100.0
healthy_002,120,none,none,0.9978,100.0
healthy_002,150,none,none,0.9751,100.0
healthy_002,180,none,none,0.9857,100.0
healthy_002,210,none,none,0.9719,100.0
healthy_002,240,none,none,0.9528,100.0
healthy_002,270,none,none,0.9826,100.0
healthy_003,0,none,none,0.9983,100.0
healthy_003,30,none,none,0.9895,100.0
healthy_003,60,none,none,0.9991,100.0
healthy_003,90,none,none,0.9997,100.0
healthy_003,120,none,none,0.9983,100.0
healthy_003,150,none,none,0.9876,100.0
healthy_003,180,none,none,0.9798,100.0
healthy_003,210,none,none,0.9928,100.0
healthy_003,240,none,none,0.9933,100.0
healthy_003,270,none,none,0.9983,100.0
healthy_004,0,none,none,0.9925,100.0
healthy_004,30,none,none,0.9897,100.0
healthy_004,60,none,none,0.9982,100.0
healthy_004,90,none,none,0.9684,100.0
healthy_004,120,none,none,0.999,100.0
healthy_004,150,none,none,0.9986,100.0
healthy_004,180,none,none,0.9985,100.0
healthy_004,210,none,none,0.9907,100.0
healthy_004,240,none,none,0.9973,100.0
healthy_004,270,none,none,0.9987,100.0
healthy_005,0,none,none,0.9863,100.0
healthy_005,30,none,none,0.9933,100.0
healthy_005,60,none,none,0.9551,100.0
healthy_005,90,none,none,0.9976,100.0
healthy_005,120,none,none,0.9977,100.0
healthy_005,150,none,none,0.9967,100.0
healthy_005,180,none,none,0.9984,100.0
healthy_005,210,none,none,0.9977,100.0
healthy_005,240,none,none,0.9962,100.0
healthy_005,270,none,none,0.9963,100.0
healthy_006,0,none,none,0.9993,100.0
healthy_006,30,none,none,0.9986,100.0
healthy_006,60,none,none,0.9956,100.0
healthy_006,90,none,none,0.9947,100.0
healthy_006,120,none,none,0.9737,100.0
healthy_006,150,none,none,0.991,100.0
healthy_006,180,none,none,0.994,100.0
healthy_006,210,none,none,0.9905,100.0
healthy_006,240,none,none,0.9959,100.0
healthy_006,270,none,none,0.9953,100.0
healthy_007,0,none,none,0.9981,100.0
healthy_007,30,none,none,0.9972,100.0
healthy_007,60,none,none,0.9705,100.0
healthy_007,90,none,none,0.9976,100.0
healthy_007,120,none,none,0.9955,100.0
healthy_007,150,none,none,0.9555,100.0
healthy_007,180,none,none,0.9962,100.0
healthy_007,210,none,none,0.993,100.0
healthy_007,240,none,none,0.9993,100.0
healthy_007,270,none,none,0.9979,100.0
healthy_008,0,none,none,0.9943,100.0
healthy_008,30,none,none,0.9983,100.0
healthy_008,60,none,none,0.9988,100.0
healthy_008,90,none,none,0.9977,100.0
healthy_008,120,none,none,0.9988,100.0
healthy_008,150,none,none,0.9958,100.0
healthy_008,180,none,none,0.9919,100.0
healthy_008,210,none,none,0.9985,100.0
healthy_008,240,none,none,0.9428,100.0
healthy_008,270,none,none,0.999,100.0
healthy_009,0,none,none,0.9923,100.0
healthy_009,30,none,none,0.9793,100.0
healthy_009,60,none,none,0.9989,100.0
healthy_009,90,none,none,0.9977,100.0
healthy_009,120,none,none,0.9908,100.0
healthy_009,150,none,none,0.9982,100.0
healthy_009,180,none,none,0.9988,100.0
healthy_009,210,none,none,0.97,100.0
healthy_009,240,none,none,0.9624,100.0
healthy_009,270,none,none,0.9992,100.0
healthy_010,0,none,none,0.9809,100.0
healthy_010,30,none,none,0.9986,100.0
healthy_010,60,none,none,0.9984,100.0
healthy_010,90,none,none,0.9935,100.0
healthy_010,120,none,none,0.9974,100.0
healthy_010,150,none,none,0.9974,100.0
healthy_010,180,none,none,0.9983,100.0
healthy_010,210,none,none,0.9975,100.0
healthy_010,240,none,none,0.9947,100.0
healthy_010,270,none,none,0.9955,100.0
healthy_011,0,none,none,0.9893,100.0
healthy_011,30,none,none,0.9962,100.0
healthy_011,60,none,none,0.9991,100.0
healthy_011,90,none,none,0.999,100.0
healthy_011,120,none,none,0.9982,100.0
healthy_011,150,none,none,0.9967,100.0
healthy_011,180,none,none,0.9991,100.0
healthy_011,210,none,none,0.9972,100.0
healthy_011,240,none,none,0.9906,100.0
healthy_011,270,none,none,0.9924,100.0
healthy_012,0,none,none,0.9984,100.0
healthy_012,30,none,none,0.9991,100.0
healthy_012,60,none,none,0.9995,100.0
healthy_012,90,none,none,0.9971,100.0
healthy_012,120,none,none,0.9973,100.0
healthy_012,150,none,none,0.984,100.0
healthy_012,180,none,none,0.9986,100.0
healthy_012,210,none,none,0.9993,100.0
healthy_012,240,none,none,0.9974,100.0
healthy_012,270,none,none,0.9797,100.0
healthy_013,0,none,none,0.9563,100.0
healthy_013,30,none,none,0.9965,100.0
healthy_013,60,none,none,0.978,100.0
healthy_013,90,none,none,0.9995,100.0
healthy_013,120,none,none,0.9956,100.0
healthy_013,150,none,none,0.9978,100.0
healthy_013,180,none,none,0.9972,100.0
healthy_013,210,none,none,0.9995,100.0
healthy_013,240,none,none,0.9924,100.0
healthy_013,270,none,none,0.9822,100.0
healthy_014,0,none,none,0.9925,100.0
healthy_014,30,none,none,0.9917,100.0
healthy_014,60,none,none,0.9973,100.0
healthy_014,90,none,none,0.996,100.0
healthy_014,120,none,none,0.9974,100.0
healthy_014,150,none,none,0.9954,100.0
healthy_014,180,none,none,0.9964,100.0
healthy_014,210,none,none,0.996,100.0
healthy_014,240,none,none,0.9908,100.0
healthy_014,270,none,none,0.9966,100.0
misfire_000,0,none,none,0.999,100.0
misfire_000,30,none,none,0.9994,100.0
misfire_000,60,none,none,0.999,100.0
misfire_000,90,none,none,0.9989,100.0
misfire_000,120,none,none,0.9989,100.0
misfire_000,150,none,none,0.9959,100.0
misfire_000,180,none,misfire,0.9036,100.0
misfire_000,210,none,none,0.9951,100.0
misfire_000,240,none,misfire,0.9984,99.74
misfire_000,270,none,misfire,0.9977,99.11
misfire_001,0,none,none,0.9981,100.0
misfire_001,30,none,none,0.9982,100.0
misfire_001,60,none,none,0.999,100.0
misfire_001,90,none,none,0.9992,100.0
misfire_001,120,none,none,0.9723,100.0
misfire_001,150,none,none,0.9899,100.0
misfire_001,180,none,misfire,0.9484,100.0
misfire_001,210,none,none,0.9812,99.99
misfire_001,240,none,misfire,0.9985,99.94
misfire_001,270,none,misfire,0.9986,99.31
misfire_002,0,none,none,0.9996,100.0
misfire_002,30,none,none,0.9987,100.0
misfire_002,60,none,none,0.9972,100.0
misfire_002,90,none,none,0.9985,100.0
misfire_002,120,none,none,0.9981,100.0
misfire_002,150,none,none,0.9996,100.0
misfire_002,180,none,none,0.9745,100.0
misfire_002,210,none,none,0.986,99.99
misfire_002,240,none,misfire,0.9982,99.94
misfire_002,270,none,misfire,0.9996,99.48
misfire_003,0,none,none,0.9977,100.0
misfire_003,30,none,none,0.9952,100.0
misfire_003,60,none,none,0.9978,100.0
misfire_003,90,none,none,0.9996,100.0
misfire_003,120,none,misfire,0.9621,100.0
misfire_003,150,none,none,0.9976,100.0
misfire_003,180,none,none,0.9938,100.0
misfire_003,210,none,misfire,0.9902,99.99
misfire_003,240,none,misfire,0.9986,99.82
misfire_003,270,none,misfire,0.9993,99.31
misfire_004,0,none,none,0.9926,100.0
misfire_004,30,none,none,0.9981,100.0
misfire_004,60,none,none,0.9983,100.0
misfire_004,90,none,none,0.9983,100.0
misfire_004,120,none,none,0.9976,100.0
misfire_004,150,none,none,0.9613,100.0
misfire_004,180,none,none,0.9948,100.0
misfire_004,210,none,misfire,0.9535,100.0
misfire_004,240,none,misfire,0.9988,99.98
misfire_004,270,none,misfire,0.9986,99.3
misfire_005,0,none,none,0.9984,100.0
misfire_005,30,none,none,0.9991,100.0
misfire_005,60,none,none,0.9997,100.0
misfire_005,90,none,none,0.9982,100.0
misfire_005,120,none,none,0.9995,100.0
misfire_005,150,none,none,0.9967,100.0
misfire_005,180,none,none,0.9898,100.0
misfire_005,210,none,misfire,0.9965,99.99
misfire_005,240,none,misfire,0.9988,99.97
misfire_005,270,none,misfire,0.9988,99.69
misfire_006,0,none,none,0.9993,100.0
misfire_006,30,none,none,0.9981,100.0
misfire_006,60,none,none,0.9993,100.0
misfire_006,90,none,none,0.9998,100.0
misfire_006,120,none,none,0.9974,100.0
misfire_006,150,none,none,0.994,100.0
misfire_006,180,none,none,0.9984,100.0
misfire_006,210,none,none,0.9985,100.0
misfire_006,240,none,misfire,0.9985,99.95
misfire_006,270,none,misfire,0.9995,99.59
misfire_007,0,none,none,0.9991,100.0
misfire_007,30,none,none,0.9984,100.0
misfire_007,60,none,none,0.9996,100.0
misfire_007,90,none,none,0.999,100.0
misfire_007,120,none,none,0.998,100.0
misfire_007,150,none,none,0.9043,100.0
misfire_007,180,none,none,0.998,100.0
misfire_007,210,none,none,0.9814,100.0
misfire_007,240,none,misfire,0.9989,99.86
misfire_007,270,none,misfire,0.9985,99.32
misfire_008,0,none,none,0.999,100.0
misfire_008,30,none,none,0.9993,100.0
misfire_008,60,none,none,0.9952,100.0
misfire_008,90,none,none,0.9983,100.0
misfire_008,120,none,none,0.9968,100.0
misfire_008,150,none,none,0.9983,100.0
misfire_008,180,none,none,0.983,100.0
misfire_008,210,none,none,0.9787,99.98
misfire_008,240,none,misfire,0.9834,99.95
misfire_008,270,none,misfire,0.9993,99.32
misfire_009,0,none,none,0.9983,100.0
misfire_009,30,none,none,0.9997,100.0
misfire_009,60,none,none,0.9974,100.0
misfire_009,90,none,none,0.9963,100.0
misfire_009,120,none,none,0.9713,100.0
misfire_009,150,none,none,0.9972,100.0
misfire_009,180,none,none,0.9977,100.0
misfire_009,210,none,misfire,0.9795,99.99
misfire_009,240,none,misfire,0.9996,99.76
misfire_009,270,none,misfire,0.9994,99.09
misfire_010,0,none,none,0.9984,100.0
misfire_010,30,none,none,0.9983,100.0
misfire_010,60,none,none,0.9987,100.0
misfire_010,90,none,none,0.9968,100.0
misfire_010,120,none,none,0.993,100.0
misfire_010,150,none,none,0.9989,100.0
misfire_010,180,none,misfire,0.9503,100.0
misfire_010,210,none,none,0.9993,100.0
misfire_010,240,none,misfire,0.9998,99.77
misfire_010,270,none,misfire,0.9994,98.87
misfire_011,0,none,none,0.9947,100.0
misfire_011,30,none,none,0.9985,100.0
misfire_011,60,none,none,0.9919,100.0
misfire_011,90,none,none,0.999,100.0
misfire_011,120,none,none,0.9971,100.0
misfire_011,150,none,none,0.9977,100.0
misfire_011,180,none,none,0.996,100.0
misfire_011,210,none,misfire,0.9898,99.99
misfire_011,240,none,misfire,0.9993,99.87
misfire_011,270,none,misfire,0.9986,99.45
misfire_012,0,none,none,0.9941,100.0
misfire_012,30,none,none,0.9999,100.0
misfire_012,60,none,none,0.9976,100.0
misfire_012,90,none,none,0.9972,100.0
misfire_012,120,none,none,0.993,100.0
misfire_012,150,none,none,0.9984,100.0
misfire_012,180,none,none,0.995,100.0
misfire_012,210,none,misfire,0.9858,99.98
misfire_012,240,none,misfire,0.9984,99.87
misfire_012,270,none,misfire,0.9994,98.88
misfire_013,0,none,none,0.9958,100.0
misfire_013,30,none,none,0.9996,100.0
misfire_013,60,none,none,0.9986,100.0
misfire_013,90,none,none,0.9982,100.0
misfire_013,120,none,none,0.9892,100.0
misfire_013,150,none,none,0.9779,100.0
misfire_013,180,none,none,0.9982,100.0
misfire_013,210,none,none,0.9962,99.99
misfire_013,240,none,misfire,0.9988,99.39
misfire_013,270,none,misfire,0.9982,99.15
misfire_014,0,none,none,0.9959,100.0
misfire_014,30,none,none,0.9909,100.0
misfire_014,60,none,none,0.997,100.0
misfire_014,90,none,none,0.9998,100.0
misfire_014,120,none,none,0.9909,100.0
misfire_014,150,none,none,0.999,100.0
misfire_014,180,none,none,0.9974,100.0
misfire_014,210,none,none,0.9948,100.0
misfire_014,240,none,misfire,0.9994,99.89
misfire_014,270,none,misfire,0.9984,99.17
misfire_015,0,none,none,0.9989,100.0
misfire_015,30,none,none,0.9958,100.0
misfire_015,60,none,none,0.9997,100.0
misfire_015,90,none,none,0.9964,100.0
misfire_015,120,none,none,0.9958,100.0
misfire_015,150,none,none,0.9989,100.0
misfire_015,180,none,none,0.9965,100.0
misfire_015,210,none,misfire,0.979,100.0
misfire_015,240,none,misfire,0.9988,99.51
misfire_015,270,none,misfire,0.9994,99.14
misfire_016,0,none,none,0.9965,100.0
misfire_016,30,none,none,0.9965,100.0
misfire_016,60,none,none,0.9988,100.0
misfire_016,90,none,none,0.9981,100.0
misfire_016,120,none,none,0.9994,100.0
misfire_016,150,none,none,0.9987,100.0
misfire_016,180,none,misfire,0.9639,100.0
misfire_016,210,none,none,0.9927,100.0
misfire_016,240,none,none,0.9607,100.0
misfire_016,270,none,misfire,0.9991,99.66
misfire_017,0,none,none,0.998,100.0
misfire_017,30,none,none,0.9995,100.0
misfire_017,60,none,none,0.9984,100.0
misfire_017,90,none,none,0.9979,100.0
misfire_017,120,none,none,0.9924,100.0
misfire_017,150,none,none,0.9987,100.0
misfire_017,180,none,none,0.9934,100.0
misfire_017,210,none,none,0.957,99.98
misfire_017,240,none,misfire,0.9979,99.92
misfire_017,270,none,misfire,0.9992,99.0
oil_issue_000,0,oil_issue,none,0.999,100.0
oil_issue_000,30,oil_issue,none,0.9994,100.0
oil_issue_000,60,oil_issue,none,0.999,100.0
oil_issue_000,90,oil_issue,none,0.9989,100.0
oil_issue_000,120,oil_issue,none,0.9966,100.0
oil_issue_000,150,oil_issue,oil_issue,0.9927,100.0
oil_issue_000,180,oil_issue,oil_issue,0.9981,100.0
oil_issue_000,210,oil_issue,oil_issue,0.9998,100.0
oil_issue_000,240,oil_issue,oil_issue,0.9997,99.71
oil_issue_000,270,oil_issue,oil_issue,0.9981,97.16
oil_issue_001,0,oil_issue,none,0.9981,100.0
oil_issue_001,30,oil_issue,none,0.9982,100.0
oil_issue_001,60,oil_issue,none,0.999,100.0
oil_issue_001,90,oil_issue,none,0.9992,100.0
oil_issue_001,120,oil_issue,oil_issue,0.9741,100.0
oil_issue_001,150,oil_issue,oil_issue,0.963,100.0
oil_issue_001,180,oil_issue,oil_issue,0.9993,100.0
oil_issue_001,210,oil_issue,oil_issue,0.9997,100.0
oil_issue_001,240,oil_issue,oil_issue,0.9994,99.76
oil_issue_001,270,oil_issue,oil_issue,0.9998,97.96
oil_issue_002,0,none,none,0.9996,100.0
oil_issue_002,30,none,none,0.9987,100.0
oil_issue_002,60,none,none,0.9972,100.0
oil_issue_002,90,none,none,0.9985,100.0
oil_issue_002,120,none,none,0.9981,100.0
oil_issue_002,150,none,none,0.9961,100.0
oil_issue_002,180,none,oil_issue,0.9923,100.0
oil_issue_002,210,none,oil_issue,0.9993,100.0
oil_issue_002,240,none,oil_issue,0.9998,99.29
oil_issue_002,270,none,oil_issue,0.9998,95.3
oil_issue_003,0,oil_issue,none,0.9977,100.0
oil_issue_003,30,oil_issue,none,0.9952,100.0
oil_issue_003,60,oil_issue,none,0.9978,100.0
oil_issue_003,90,oil_issue,none,0.9996,100.0
oil_issue_003,120,oil_issue,oil_issue,0.9886,100.0
oil_issue_003,150,oil_issue,oil_issue,0.9992,100.0
oil_issue_003,180,oil_issue,oil_issue,0.9995,100.0
oil_issue_003,210,oil_issue,oil_issue,0.9999,99.92
oil_issue_003,240,oil_issue,oil_issue,0.9999,98.26
oil_issue_003,270,oil_issue,oil_issue,0.9999,95.01
oil_issue_004,0,oil_issue,none,0.9926,100.0
oil_issue_004,30,oil_issue,none,0.9981,100.0
oil_issue_004,60,oil_issue,none,0.9983,100.0
oil_issue_004,90,oil_issue,none,0.9983,100.0
oil_issue_004,120,oil_issue,none,0.9814,100.0
oil_issue_004,150,oil_issue,oil_issue,0.978,100.0
oil_issue_004,180,oil_issue,oil_issue,0.9972,100.0
oil_issue_004,210,oil_issue,oil_issue,0.9997,100.0
oil_issue_004,240,oil_issue,oil_issue,0.9998,99.62
oil_issue_004,270,oil_issue,oil_issue,0.9998,96.95
oil_issue_005,0,none,none,0.9984,100.0
oil_issue_005,30,none,none,0.9991,100.0
oil_issue_005,60,none,none,0.9997,100.0
oil_issue_005,90,none,none,0.9982,100.0
oil_issue_005,120,none,none,0.9995,100.0
oil_issue_005,150,none,oil_issue,0.9967,100.0
oil_issue_005,180,none,oil_issue,0.9997,100.0
oil_issue_005,210,none,oil_issue,0.9998,100.0
oil_issue_005,240,none,oil_issue,0.9998,99.57
oil_issue_005,270,none,oil_issue,0.9997,96.48
oil_issue_006,0,none,none,0.9993,100.0
oil_issue_006,30,none,none,0.9981,100.0
oil_issue_006,60,none,none,0.9993,100.0
oil_issue_006,90,none,none,0.9998,100.0
oil_issue_006,120,none,none,0.9974,100.0
oil_issue_006,150,none,none,0.9917,100.0
oil_issue_006,180,none,oil_issue,0.9966,100.0
oil_issue_006,210,none,oil_issue,0.9999,100.0
oil_issue_006,240,none,oil_issue,0.9995,99.81
oil_issue_006,270,none,oil_issue,0.9998,96.98
oil_issue_007,0,none,none,0.9991,100.0
oil_issue_007,30,none,none,0.9984,100.0
oil_issue_007,60,none,none,0.9996,100.0
oil_issue_007,90,none,none,0.999,100.0
oil_issue_007,120,none,none,0.998,100.0
oil_issue_007,150,none,oil_issue,0.9648,100.0
oil_issue_007,180,none,oil_issue,0.9868,100.0
oil_issue_007,210,none,oil_issue,0.9996,100.0
oil_issue_007,240,none,oil_issue,0.9999,99.91
oil_issue_007,270,none,oil_issue,0.9994,97.61
oil_issue_008,0,none,none,0.999,100.0
oil_issue_008,30,none,none,0.9993,100.0
oil_issue_008,60,none,none,0.9952,100.0
oil_issue_008,90,none,none,0.9983,100.0
oil_issue_008,120,none,none,0.9968,100.0
oil_issue_008,150,none,none,0.992,100.0
oil_issue_008,180,none,oil_issue,0.9963,100.0
oil_issue_008,210,none,oil_issue,0.9993,100.0
oil_issue_008,240,none,oil_issue,0.9996,99.49
oil_issue_008,270,none,oil_issue,0.9996,95.67
oil_issue_009,0,oil_issue,none,0.9983,100.0
oil_issue_009,30,oil_issue,none,0.9997,100.0
oil_issue_009,60,oil_issue,none,0.9974,100.0
oil_issue_009,90,oil_issue,none,0.9925,100.0
oil_issue_009,120,oil_issue,oil_issue,0.9992,100.0
oil_issue_009,150,oil_issue,oil_issue,0.9996,100.0
oil_issue_009,180,oil_issue,oil_issue,0.9998,100.0
oil_issue_009,210,oil_issue,oil_issue,0.9999,99.95
oil_issue_009,240,oil_issue,oil_issue,0.9999,98.47
oil_issue_009,270,oil_issue,oil_issue,0.9998,95.39
oil_issue_010,0,oil_issue,none,0.9984,100.0
oil_issue_010,30,oil_issue,none,0.9983,100.0
oil_issue_010,60,oil_issue,none,0.9987,100.0
oil_issue_010,90,oil_issue,none,0.9938,100.0
oil_issue_010,120,oil_issue,oil_issue,0.9795,100.0
oil_issue_010,150,oil_issue,oil_issue,0.9979,100.0
oil_issue_010,180,oil_issue,oil_issue,0.9999,100.0
oil_issue_010,210,oil_issue,oil_issue,0.9998,100.0
oil_issue_010,240,oil_issue,oil_issue,0.9999,99.2
oil_issue_010,270,oil_issue,oil_issue,0.9999,96.5
oil_issue_011,0,none,none,0.9947,100.0
oil_issue_011,30,none,none,0.9985,100.0
oil_issue_011,60,none,none,0.9919,100.0
oil_issue_011,90,none,none,0.999,100.0
oil_issue_011,120,none,none,0.9971,100.0
oil_issue_011,150,none,oil_issue,0.9931,100.0
oil_issue_011,180,none,oil_issue,0.9954,100.0
oil_issue_011,210,none,oil_issue,0.9999,100.0
oil_issue_011,240,none,oil_issue,0.9999,99.79
oil_issue_011,270,none,oil_issue,0.9994,97.39
oil_issue_012,0,oil_issue,none,0.9941,100.0
oil_issue_012,30,oil_issue,none,0.9999,100.0
oil_issue_012,60,oil_issue,none,0.9976,100.0
oil_issue_012,90,oil_issue,none,0.9958,100.0
oil_issue_012,120,oil_issue,oil_issue,0.9957,100.0
oil_issue_012,150,oil_issue,oil_issue,0.9991,100.0
oil_issue_012,180,oil_issue,oil_issue,0.9991,100.0
oil_issue_012,210,oil_issue,oil_issue,0.9998,100.0
oil_issue_012,240,oil_issue,oil_issue,0.9996,99.77
oil_issue_012,270,oil_issue,oil_issue,0.9999,98.22
oil_issue_013,0,oil_issue,none,0.9958,100.0
oil_issue_013,30,oil_issue,none,0.9996,100.0
oil_issue_013,60,oil_issue,none,0.9986,100.0
oil_issue_013,90,oil_issue,none,0.9959,100.0
oil_issue_013,120,oil_issue,oil_issue,0.9748,100.0
oil_issue_013,150,oil_issue,oil_issue,0.9868,100.0
oil_issue_013,180,oil_issue,oil_issue,0.9996,100.0
oil_issue_013,210,oil_issue,oil_issue,0.9998,100.0
oil_issue_013,240,oil_issue,oil_issue,0.9998,99.74
oil_issue_013,270,oil_issue,oil_issue,0.9994,97.93
oil_issue_014,0,none,none,0.9959,100.0
oil_issue_014,30,none,none,0.9909,100.0
oil_issue_014,60,none,none,0.997,100.0
oil_issue_014,90,none,none,0.9998,100.0
oil_issue_014,120,none,none,0.9909,100.0
oil_issue_014,150,none,none,0.9989,100.0
oil_issue_014,180,none,oil_issue,0.9616,100.0
oil_issue_014,210,none,oil_issue,0.9999,100.0
oil_issue_014,240,none,oil_issue,0.9998,99.8
oil_issue_014,270,none,oil_issue,0.9997,96.75
oil_issue_015,0,oil_issue,none,0.9989,100.0
oil_issue_015,30,oil_issue,none,0.9958,100.0
oil_issue_015,60,oil_issue,none,0.9997,100.0
oil_issue_015,90,oil_issue,none,0.9964,100.0
oil_issue_015,120,oil_issue,none,0.9903,100.0
oil_issue_015,150,oil_issue,oil_issue,0.999,100.0
oil_issue_015,180,oil_issue,oil_issue,0.9999,100.0
oil_issue_015,210,oil_issue,oil_issue,0.9985,100.0
oil_issue_015,240,oil_issue,oil_issue,0.9999,99.59
oil_issue_015,270,oil_issue,oil_issue,0.9999,97.29
oil_issue_016,0,none,none,0.9965,100.0
oil_issue_016,30,none,none,0.9965,100.0
oil_issue_016,60,none,none,0.9988,100.0
oil_issue_016,90,none,none,0.9981,100.0
oil_issue_016,120,none,none,0.9994,100.0
oil_issue_016,150,none,none,0.9822,100.0
oil_issue_016,180,none,oil_issue,0.9364,100.0
oil_issue_016,210,none,oil_issue,0.999,100.0
oil_issue_016,240,none,oil_issue,0.9998,99.99
oil_issue_016,270,none,oil_issue,0.9999,98.04
oil_issue_017,0,none,none,0.998,100.0
oil_issue_017,30,none,none,0.9995,100.0
oil_issue_017,60,none,none,0.9984,100.0
oil_issue_017,90,none,none,0.9979,100.0
oil_issue_017,120,none,none,0.9924,100.0
oil_issue_017,150,none,none,0.9931,100.0
oil_issue_017,180,none,oil_issue,0.9901,100.0
oil_issue_017,210,none,oil_issue,0.9998,100.0
oil_issue_017,240,none,oil_issue,0.9998,99.81
oil_issue_017,270,none,oil_issue,0.9996,96.78
overheat_000,0,overheat,none,0.999,100.0
overheat_000,30,overheat,none,0.9994,100.0
overheat_000,60,overheat,none,0.999,100.0
overheat_000,90,overheat,none,0.9989,100.0
overheat_000,120,overheat,none,0.9676,100.0
overheat_000,150,overheat,overheat,0.9384,100.0
overheat_000,180,overheat,overheat,0.9876,100.0
overheat_000,210,overheat,overheat,0.9994,100.0
overheat_000,240,overheat,overheat,0.9977,99.69
overheat_000,270,overheat,overheat,0.9969,97.77
overheat_001,0,overheat,none,0.9981,100.0
overheat_001,30,overheat,none,0.9982,100.0
overheat_001,60,overheat,none,0.999,100.0
overheat_001,90,overheat,none,0.9992,100.0
overheat_001,120,overheat,overheat,0.872,100.0
overheat_001,150,overheat,overheat,0.9419,100.0
overheat_001,180,overheat,overheat,0.9902,100.0
overheat_001,210,overheat,overheat,0.9947,99.95
overheat_001,240,overheat,overheat,0.9985,99.26
overheat_001,270,overheat,overheat,0.9952,97.22
overheat_002,0,none,none,0.9996,100.0
overheat_002,30,none,none,0.9987,100.0
overheat_002,60,none,none,0.9972,100.0
overheat_002,90,none,none,0.9985,100.0
overheat_002,120,none,none,0.9981,100.0
overheat_002,150,none,none,0.9966,100.0
overheat_002,180,none,overheat,0.986,100.0
overheat_002,210,none,overheat,0.9989,100.0
overheat_002,240,none,overheat,0.9994,99.8
overheat_002,270,none,overheat,0.9936,97.07
overheat_003,0,overheat,none,0.9977,100.0
overheat_003,30,overheat,none,0.9952,100.0
overheat_003,60,overheat,none,0.9978,100.0
overheat_003,90,overheat,none,0.9997,100.0
overheat_003,120,overheat,overheat,0.9689,100.0
overheat_003,150,overheat,overheat,0.9458,100.0
overheat_003,180,overheat,overheat,0.9957,100.0
overheat_003,210,overheat,overheat,0.9991,99.98
overheat_003,240,overheat,overheat,0.999,99.06
overheat_003,270,overheat,overheat,0.9988,96.61
overheat_004,0,overheat,none,0.9926,100.0
overheat_004,30,overheat,none,0.9981,100.0
overheat_004,60,overheat,none,0.9983,100.0
overheat_004,90,overheat,none,0.9983,100.0
overheat_004,120,overheat,none,0.997,100.0
overheat_004,150,overheat,overheat,0.9587,100.0
overheat_004,180,overheat,overheat,0.9905,100.0
overheat_004,210,overheat,overheat,0.998,100.0
overheat_004,240,overheat,overheat,0.9982,99.15
overheat_004,270,overheat,overheat,0.9931,96.32
overheat_005,0,none,none,0.9984,100.0
overheat_005,30,none,none,0.9991,100.0
overheat_005,60,none,none,0.9997,100.0
overheat_005,90,none,none,0.9982,100.0
overheat_005,120,none,none,0.9995,100.0
overheat_005,150,none,overheat,0.9442,100.0
overheat_005,180,none,overheat,0.986,100.0
overheat_005,210,none,overheat,0.9987,100.0
overheat_005,240,none,overheat,0.9989,99.38
overheat_005,270,none,overheat,0.9973,96.93
overheat_006,0,none,none,0.9993,100.0
overheat_006,30,none,none,0.9981,100.0
overheat_006,60,none,none,0.9993,100.0
overheat_006,90,none,none,0.9998,100.0
overheat_006,120,none,none,0.9974,100.0
overheat_006,150,none,none,0.9843,100.0
overheat_006,180,none,overheat,0.9712,100.0
overheat_006,210,none,overheat,0.9962,100.0
overheat_006,240,none,overheat,0.9988,99.95
overheat_006,270,none,overheat,0.9992,98.29
overheat_007,0,none,none,0.9991,100.0
overheat_007,30,none,none,0.9984,100.0
overheat_007,60,none,none,0.9996,100.0
overheat_007,90,none,none,0.999,100.0
overheat_007,120,none,none,0.998,100.0
overheat_007,150,none,overheat,0.8881,100.0
overheat_007,180,none,overheat,0.9827,100.0
overheat_007,210,none,overheat,0.9989,100.0
overheat_007,240,none,overheat,0.9989,99.73
overheat_007,270,none,overheat,0.9945,97.68
overheat_008,0,none,none,0.999,100.0
overheat_008,30,none,none,0.9993,100.0
overheat_008,60,none,none,0.9952,100.0
overheat_008,90,none,none,0.9983,100.0
overheat_008,120,none,none,0.9968,100.0
overheat_008,150,none,none,0.9948,100.0
overheat_008,180,none,overheat,0.939,100.0
overheat_008,210,none,overheat,0.9846,100.0
overheat_008,240,none,overheat,0.9989,99.79
overheat_008,270,none,overheat,0.9978,97.31
overheat_009,0,overheat,none,0.9983,100.0
overheat_009,30,overheat,none,0.9997,100.0
overheat_009,60,overheat,none,0.9974,100.0
overheat_009,90,overheat,none,0.9934,100.0
overheat_009,120,overheat,overheat,0.9548,100.0
overheat_009,150,overheat,overheat,0.9939,100.0
overheat_009,180,overheat,overheat,0.9864,100.0
overheat_009,210,overheat,overheat,0.9995,99.75
overheat_009,240,overheat,overheat,0.9991,98.22
overheat_009,270,overheat,overheat,0.9977,95.71
overheat_010,0,overheat,none,0.9984,100.0
overheat_010,30,overheat,none,0.9983,100.0
overheat_010,60,overheat,none,0.9987,100.0
overheat_010,90,overheat,none,0.9917,100.0
overheat_010,120,overheat,overheat,0.962,100.0
overheat_010,150,overheat,overheat,0.9823,100.0
overheat_010,180,overheat,overheat,0.9977,100.0
overheat_010,210,overheat,overheat,0.9993,99.99
overheat_010,240,overheat,overheat,0.9987,99.23
overheat_010,270,overheat,overheat,0.9982,97.15
overheat_011,0,none,none,0.9947,100.0
overheat_011,30,none,none,0.9985,100.0
overheat_011,60,none,none,0.9919,100.0
overheat_011,90,none,none,0.999,100.0
overheat_011,120,none,none,0.9971,100.0
overheat_011,150,none,overheat,0.8529,100.0
overheat_011,180,none,overheat,0.9545,100.0
overheat_011,210,none,overheat,0.9954,100.0
overheat_011,240,none,overheat,0.9996,99.66
overheat_011,270,none,overheat,0.9988,97.6
overheat_012,0,overheat,none,0.9941,100.0
overheat_012,30,overheat,none,0.9999,100.0
overheat_012,60,overheat,none,0.9976,100.0
overheat_012,90,overheat,none,0.9844,100.0
overheat_012,120,overheat,overheat,0.7457,100.0
overheat_012,150,overheat,overheat,0.989,100.0
overheat_012,180,overheat,overheat,0.9816,100.0
overheat_012,210,overheat,overheat,0.9887,99.97
overheat_012,240,overheat,overheat,0.9984,99.31
overheat_012,270,overheat,overheat,0.999,97.74
overheat_013,0,overheat,none,0.9958,100.0
overheat_013,30,overheat,none,0.9996,100.0
overheat_013,60,overheat,none,0.9986,100.0
overheat_013,90,overheat,none,0.9983,100.0
overheat_013,120,overheat,overheat,0.9671,100.0
overheat_013,150,overheat,overheat,0.9752,100.0
overheat_013,180,overheat,overheat,0.9955,100.0
overheat_013,210,overheat,overheat,0.9965,99.98
overheat_013,240,overheat,overheat,0.9983,99.36
overheat_013,270,overheat,overheat,0.9937,97.55
overheat_014,0,none,none,0.9959,100.0
overheat_014,30,none,none,0.9909,100.0
overheat_014,60,none,none,0.997,100.0
overheat_014,90,none,none,0.9998,100.0
overheat_014,120,none,none,0.9909,100.0
overheat_014,150,none,none,0.9839,100.0
overheat_014,180,none,overheat,0.9437,100.0
overheat_014,210,none,overheat,0.9993,100.0
overheat_014,240,none,overheat,0.9993,99.88
overheat_014,270,none,overheat,0.9991,97.97
overheat_015,0,overheat,none,0.9989,100.0
overheat_015,30,overheat,none,0.9958,100.0
overheat_015,60,overheat,none,0.9997,100.0
overheat_015,90,overheat,none,0.9964,100.0
overheat_015,120,overheat,none,0.9727,100.0
overheat_015,150,overheat,overheat,0.9425,100.0
overheat_015,180,overheat,overheat,0.9909,100.0
overheat_015,210,overheat,overheat,0.9964,99.96
overheat_015,240,overheat,overheat,0.9985,98.85
overheat_015,270,overheat,overheat,0.9981,96.63
overheat_016,0,none,none,0.9965,100.0
overheat_016,30,none,none,0.9965,100.0
overheat_016,60,none,none,0.9988,100.0
overheat_016,90,none,none,0.9981,100.0
overheat_016,120,none,none,0.9994,100.0
overheat_016,150,none,none,0.999,100.0
overheat_016,180,none,overheat,0.9138,100.0
overheat_016,210,none,overheat,0.9983,100.0
overheat_016,240,none,overheat,0.9996,99.96
overheat_016,270,none,overheat,0.9965,98.33
overheat_017,0,none,none,0.998,100.0
overheat_017,30,none,none,0.9995,100.0
overheat_017,60,none,none,0.9984,100.0
overheat_017,90,none,none,0.9979,100.0
overheat_017,120,none,none,0.9924,100.0
overheat_017,150,none,none,0.9951,100.0
overheat_017,180,none,overheat,0.9409,100.0
overheat_017,210,none,overheat,0.9978,100.0
overheat_017,240,none,overheat,0.9978,99.38
overheat_017,270,none,overheat,0.9582,96.33
sensor_drift_000,0,sensor_drift,none,0.999,100.0
sensor_drift_000,30,sensor_drift,none,0.9994,100.0
sensor_drift_000,60,sensor_drift,none,0.999,100.0
sensor_drift_000,90,sensor_drift,none,0.9989,100.0
sensor_drift_000,120,sensor_drift,none,0.9882,100.0
sensor_drift_000,150,sensor_drift,sensor_drift,0.9948,100.0
sensor_drift_000,180,sensor_drift,sensor_drift,0.9955,100.0
sensor_drift_000,210,sensor_drift,sensor_drift,0.9911,100.0
sensor_drift_000,240,sensor_drift,sensor_drift,0.9963,100.0
sensor_drift_000,270,sensor_drift,sensor_drift,0.9748,100.0
sensor_drift_001,0,sensor_drift,none,0.9981,100.0
sensor_drift_001,30,sensor_drift,none,0.9982,100.0
sensor_drift_001,60,sensor_drift,none,0.999,100.0
sensor_drift_001,90,sensor_drift,none,0.9992,100.0
sensor_drift_001,120,sensor_drift,sensor_drift,0.9952,99.03
sensor_drift_001,150,sensor_drift,sensor_drift,0.9941,98.59
sensor_drift_001,180,sensor_drift,sensor_drift,0.9934,98.54
sensor_drift_001,210,sensor_drift,sensor_drift,0.9919,98.6
sensor_drift_001,240,sensor_drift,sensor_drift,0.9911,98.66
sensor_drift_001,270,sensor_drift,sensor_drift,0.9936,98.63
sensor_drift_002,0,none,none,0.9996,100.0
sensor_drift_002,30,none,none,0.9987,100.0
sensor_drift_002,60,none,none,0.9972,100.0
sensor_drift_002,90,none,none,0.9985,100.0
sensor_drift_002,120,none,none,0.9981,100.0
sensor_drift_002,150,none,none,0.8764,100.0
sensor_drift_002,180,none,sensor_drift,0.991,100.0
sensor_drift_002,210,none,sensor_drift,0.9955,100.0
sensor_drift_002,240,none,sensor_drift,0.9984,100.0
sensor_drift_002,270,none,sensor_drift,0.9994,100.0
sensor_drift_003,0,sensor_drift,none,0.9977,100.0
sensor_drift_003,30,sensor_drift,none,0.9952,100.0
sensor_drift_003,60,sensor_drift,none,0.9978,100.0
sensor_drift_003,90,sensor_drift,none,0.9996,100.0
sensor_drift_003,120,sensor_drift,sensor_drift,0.9997,100.0
sensor_drift_003,150,sensor_drift,sensor_drift,0.9993,100.0
sensor_drift_003,180,sensor_drift,sensor_drift,0.9979,100.0
sensor_drift_003,210,sensor_drift,sensor_drift,0.9991,100.0
sensor_drift_003,240,sensor_drift,sensor_drift,0.9989,100.0
sensor_drift_003,270,sensor_drift,sensor_drift,0.9993,100.0
sensor_drift_004,0,sensor_drift,none,0.9926,100.0
sensor_drift_004,30,sensor_drift,none,0.9981,100.0
sensor_drift_004,60,sensor_drift,none,0.9983,100.0
sensor_drift_004,90,sensor_drift,none,0.9983,100.0
sensor_drift_004,120,sensor_drift,none,0.9976,100.0
sensor_drift_004,150,sensor_drift,sensor_drift,0.9962,100.0
sensor_drift_004,180,sensor_drift,sensor_drift,0.9993,100.0
sensor_drift_004,210,sensor_drift,sensor_drift,0.9995,99.88
sensor_drift_004,240,sensor_drift,sensor_drift,0.9996,99.03
sensor_drift_004,270,sensor_drift,sensor_drift,0.9993,98.1
sensor_drift_005,0,none,none,0.9984,100.0
sensor_drift_005,30,none,none,0.9991,100.0
sensor_drift_005,60,none,none,0.9997,100.0
sensor_drift_005,90,none,none,0.9982,100.0
sensor_drift_005,120,none,none,0.9995,100.0
sensor_drift_005,150,none,sensor_drift,0.9926,100.0
sensor_drift_005,180,none,sensor_drift,0.9996,100.0
sensor_drift_005,210,none,sensor_drift,0.9994,99.99
sensor_drift_005,240,none,sensor_drift,0.9997,99.42
sensor_drift_005,270,none,sensor_drift,0.9987,98.57
sensor_drift_006,0,none,none,0.9993,100.0
sensor_drift_006,30,none,none,0.9981,100.0
sensor_drift_006,60,none,none,0.9993,100.0
sensor_drift_006,90,none,none,0.9998,100.0
sensor_drift_006,120,none,none,0.9974,100.0
sensor_drift_006,150,none,none,0.9936,100.0
sensor_drift_006,180,none,sensor_drift,0.9784,100.0
sensor_drift_006,210,none,sensor_drift,0.9845,100.0
sensor_drift_006,240,none,sensor_drift,0.9828,100.0
sensor_drift_006,270,none,sensor_drift,0.9862,100.0
sensor_drift_007,0,none,none,0.9991,100.0
sensor_drift_007,30,none,none,0.9984,100.0
sensor_drift_007,60,none,none,0.9996,100.0
sensor_drift_007,90,none,none,0.999,100.0
sensor_drift_007,120,none,none,0.998,100.0
sensor_drift_007,150,none,sensor_drift,0.9964,99.51
sensor_drift_007,180,none,sensor_drift,0.9979,99.43
sensor_drift_007,210,none,sensor_drift,0.9958,99.42
sensor_drift_007,240,none,sensor_drift,0.9964,99.35
sensor_drift_007,270,none,sensor_drift,0.9952,99.35
sensor_drift_008,0,none,none,0.999,100.0
sensor_drift_008,30,none,none,0.9993,100.0
sensor_drift_008,60,none,none,0.9952,100.0
sensor_drift_008,90,none,none,0.9983,100.0
sensor_drift_008,120,none,none,0.9968,100.0
sensor_drift_008,150,none,none,0.993,100.0
sensor_drift_008,180,none,sensor_drift,0.9988,100.0
sensor_drift_008,210,none,sensor_drift,0.9945,100.0
sensor_drift_008,240,none,sensor_drift,0.9968,100.0
sensor_drift_008,270,none,sensor_drift,0.9976,100.0
sensor_drift_009,0,sensor_drift,none,0.9983,100.0
sensor_drift_009,30,sensor_drift,none,0.9997,100.0
sensor_drift_009,60,sensor_drift,none,0.9974,100.0
sensor_drift_009,90,sensor_drift,none,0.9671,100.0
sensor_drift_009,120,sensor_drift,sensor_drift,0.9793,100.0
sensor_drift_009,150,sensor_drift,sensor_drift,0.9881,100.0
sensor_drift_009,180,sensor_drift,sensor_drift,0.9784,100.0
sensor_drift_009,210,sensor_drift,sensor_drift,0.9972,100.0
sensor_drift_009,240,sensor_drift,sensor_drift,0.9981,100.0
sensor_drift_009,270,sensor_drift,sensor_drift,0.9837,100.0
sensor_drift_010,0,sensor_drift,none,0.9984,100.0
sensor_drift_010,30,sensor_drift,none,0.9983,100.0
sensor_drift_010,60,sensor_drift,none,0.9987,100.0
sensor_drift_010,90,sensor_drift,none,0.9976,100.0
sensor_drift_010,120,sensor_drift,sensor_drift,0.999,100.0
sensor_drift_010,150,sensor_drift,sensor_drift,0.9979,100.0
sensor_drift_010,180,sensor_drift,sensor_drift,0.9972,100.0
sensor_drift_010,210,sensor_drift,sensor_drift,0.998,100.0
sensor_drift_010,240,sensor_drift,sensor_drift,0.9993,100.0
sensor_drift_010,270,sensor_drift,sensor_drift,0.9978,100.0
sensor_drift_011,0,none,none,0.9947,100.0
sensor_drift_011,30,none,none,0.9985,100.0
sensor_drift_011,60,none,none,0.9919,100.0
sensor_drift_011,90,none,none,0.999,100.0
sensor_drift_011,120,none,none,0.9971,100.0
sensor_drift_011,150,none,sensor_drift,0.989,100.0
sensor_drift_011,180,none,sensor_drift,0.9992,100.0
sensor_drift_011,210,none,sensor_drift,0.9989,100.0
sensor_drift_011,240,none,sensor_drift,0.9997,99.73
sensor_drift_011,270,none,sensor_drift,0.9989,98.9
sensor_drift_012,0,sensor_drift,none,0.9941,100.0
sensor_drift_012,30,sensor_drift,none,0.9999,100.0
sensor_drift_012,60,sensor_drift,none,0.9976,100.0
sensor_drift_012,90,sensor_drift,none,0.9959,100.0
sensor_drift_012,120,sensor_drift,sensor_drift,0.9957,100.0
sensor_drift_012,150,sensor_drift,sensor_drift,0.9943,100.0
sensor_drift_012,180,sensor_drift,sensor_drift,0.9982,100.0
sensor_drift_012,210,sensor_drift,sensor_drift,0.9982,99.99
sensor_drift_012,240,sensor_drift,sensor_drift,0.9964,99.74
sensor_drift_012,270,sensor_drift,sensor_drift,0.9996,99.37
sensor_drift_013,0,sensor_drift,none,0.9958,100.0
sensor_drift_013,30,sensor_drift,none,0.9996,100.0
sensor_drift_013,60,sensor_drift,none,0.9986,100.0
sensor_drift_013,90,sensor_drift,none,0.998,100.0
sensor_drift_013,120,sensor_drift,sensor_drift,0.9712,100.0
sensor_drift_013,150,sensor_drift,sensor_drift,0.9945,100.0
sensor_drift_013,180,sensor_drift,sensor_drift,0.9966,100.0
sensor_drift_013,210,sensor_drift,sensor_drift,0.9977,100.0
sensor_drift_013,240,sensor_drift,sensor_drift,0.998,99.93
sensor_drift_013,270,sensor_drift,sensor_drift,0.9872,99.58
sensor_drift_014,0,none,none,0.9959,100.0
sensor_drift_014,30,none,none,0.9909,100.0
sensor_drift_014,60,none,none,0.997,100.0
sensor_drift_014,90,none,none,0.9998,100.0
sensor_drift_014,120,none,none,0.9909,100.0
sensor_drift_014,150,none,none,0.9978,100.0
sensor_drift_014,180,none,sensor_drift,0.9989,100.0
sensor_drift_014,210,none,sensor_drift,0.9935,100.0
sensor_drift_014,240,none,sensor_drift,0.9961,100.0
sensor_drift_014,270,none,sensor_drift,0.9851,100.0
sensor_drift_015,0,sensor_drift,none,0.9989,100.0
sensor_drift_015,30,sensor_drift,none,0.9958,100.0
sensor_drift_015,60,sensor_drift,none,0.9997,100.0
sensor_drift_015,90,sensor_drift,none,0.9964,100.0
sensor_drift_015,120,sensor_drift,none,0.9488,100.0
sensor_drift_015,150,sensor_drift,sensor_drift,0.9995,100.0
sensor_drift_015,180,sensor_drift,sensor_drift,0.9994,100.0
sensor_drift_015,210,sensor_drift,sensor_drift,0.9976,99.8
sensor_drift_015,240,sensor_drift,sensor_drift,0.9995,99.06
sensor_drift_015,270,sensor_drift,sensor_drift,0.9989,98.39
sensor_drift_016,0,none,none,0.9965,100.0
sensor_drift_016,30,none,none,0.9965,100.0
sensor_drift_016,60,none,none,0.9988,100.0
sensor_drift_016,90,none,none,0.9981,100.0
sensor_drift_016,120,none,none,0.9994,100.0
sensor_drift_016,150,none,none,0.9987,100.0
sensor_drift_016,180,none,sensor_drift,0.9962,100.0
sensor_drift_016,210,none,sensor_drift,0.9984,100.0
sensor_drift_016,240,none,sensor_drift,0.9988,100.0
sensor_drift_016,270,none,sensor_drift,0.9989,99.74
sensor_drift_017,0,none,none,0.998,100.0
sensor_drift_017,30,none,none,0.9995,100.0
sensor_drift_017,60,none,none,0.9984,100.0
sensor_drift_017,90,none,none,0.9979,100.0
sensor_drift_017,120,none,none,0.9924,100.0
sensor_drift_017,150,none,none,0.9873,100.0
sensor_drift_017,180,none,sensor_drift,0.9974,100.0
sensor_drift_017,210,none,sensor_drift,0.9921,100.0
sensor_drift_017,240,none,sensor_drift,0.995,100.0
sensor_drift_017,270,none,sensor_drift,0.9889,100.0
vibration_fault_000,0,vibration_fault,none,0.999,100.0
vibration_fault_000,30,vibration_fault,none,0.9994,100.0
vibration_fault_000,60,vibration_fault,none,0.999,100.0
vibration_fault_000,90,vibration_fault,none,0.9989,100.0
vibration_fault_000,120,vibration_fault,none,0.999,100.0
vibration_fault_000,150,vibration_fault,vibration_fault,0.9917,100.0
vibration_fault_000,180,vibration_fault,vibration_fault,0.9967,100.0
vibration_fault_000,210,vibration_fault,vibration_fault,0.9974,99.83
vibration_fault_000,240,vibration_fault,vibration_fault,0.9954,98.22
vibration_fault_000,270,vibration_fault,vibration_fault,0.9735,93.71
vibration_fault_001,0,vibration_fault,none,0.9981,100.0
vibration_fault_001,30,vibration_fault,none,0.9982,100.0
vibration_fault_001,60,vibration_fault,none,0.999,100.0
vibration_fault_001,90,vibration_fault,none,0.9992,100.0
vibration_fault_001,120,vibration_fault,vibration_fault,0.9738,100.0
vibration_fault_001,150,vibration_fault,vibration_fault,0.9602,100.0
vibration_fault_001,180,vibration_fault,vibration_fault,0.9952,100.0
vibration_fault_001,210,vibration_fault,vibration_fault,0.9989,99.85
vibration_fault_001,240,vibration_fault,vibration_fault,0.998,99.36
vibration_fault_001,270,vibration_fault,vibration_fault,0.9941,97.27
vibration_fault_002,0,none,none,0.9996,100.0
vibration_fault_002,30,none,none,0.9987,100.0
vibration_fault_002,60,none,none,0.9972,100.0
vibration_fault_002,90,none,none,0.9985,100.0
vibration_fault_002,120,none,none,0.9981,100.0
vibration_fault_002,150,none,none,0.9926,100.0
vibration_fault_002,180,none,vibration_fault,0.973,100.0
vibration_fault_002,210,none,vibration_fault,0.9909,100.0
vibration_fault_002,240,none,vibration_fault,0.9983,99.03
vibration_fault_002,270,none,vibration_fault,0.9994,92.81
vibration_fault_003,0,vibration_fault,none,0.9977,100.0
vibration_fault_003,30,vibration_fault,none,0.9952,100.0
vibration_fault_003,60,vibration_fault,none,0.9978,100.0
vibration_fault_003,90,vibration_fault,none,0.9996,100.0
vibration_fault_003,120,vibration_fault,vibration_fault,0.9954,100.0
vibration_fault_003,150,vibration_fault,vibration_fault,0.9903,100.0
vibration_fault_003,180,vibration_fault,vibration_fault,0.9977,100.0
vibration_fault_003,210,vibration_fault,vibration_fault,0.998,99.61
vibration_fault_003,240,vibration_fault,vibration_fault,0.9992,97.0
vibration_fault_003,270,vibration_fault,vibration_fault,0.9998,91.24
vibration_fault_004,0,vibration_fault,none,0.9926,100.0
vibration_fault_004,30,vibration_fault,none,0.9981,100.0
vibration_fault_004,60,vibration_fault,none,0.9983,100.0
vibration_fault_004,90,vibration_fault,none,0.9983,100.0
vibration_fault_004,120,vibration_fault,none,0.9975,100.0
vibration_fault_004,150,vibration_fault,vibration_fault,0.9544,100.0
vibration_fault_004,180,vibration_fault,vibration_fault,0.992,100.0
vibration_fault_004,210,vibration_fault,vibration_fault,0.9995,99.98
vibration_fault_004,240,vibration_fault,vibration_fault,0.9994,99.7
vibration_fault_004,270,vibration_fault,vibration_fault,0.9991,96.38
vibration_fault_005,0,none,none,0.9984,100.0
vibration_fault_005,30,none,none,0.9991,100.0
vibration_fault_005,60,none,none,0.9997,100.0
vibration_fault_005,90,none,none,0.9982,100.0
vibration_fault_005,120,none,none,0.9995,100.0
vibration_fault_005,150,none,vibration_fault,0.9687,100.0
vibration_fault_005,180,none,vibration_fault,0.9973,100.0
vibration_fault_005,210,none,vibration_fault,0.9968,100.0
vibration_fault_005,240,none,vibration_fault,0.9994,99.12
vibration_fault_005,270,none,vibration_fault,0.9989,95.59
vibration_fault_006,0,none,none,0.9993,100.0
vibration_fault_006,30,none,none,0.9981,100.0
vibration_fault_006,60,none,none,0.9993,100.0
vibration_fault_006,90,none,none,0.9998,100.0
vibration_fault_006,120,none,none,0.9974,100.0
vibration_fault_006,150,none,none,0.9906,100.0
vibration_fault_006,180,none,vibration_fault,0.9756,100.0
vibration_fault_006,210,none,vibration_fault,0.9975,100.0
vibration_fault_006,240,none,vibration_fault,0.9957,99.24
vibration_fault_006,270,none,vibration_fault,0.9991,96.95
vibration_fault_007,0,none,none,0.9991,100.0
vibration_fault_007,30,none,none,0.9984,100.0
vibration_fault_007,60,none,none,0.9996,100.0
vibration_fault_007,90,none,none,0.999,100.0
vibration_fault_007,120,none,none,0.998,100.0
vibration_fault_007,150,none,vibration_fault,0.991,100.0
vibration_fault_007,180,none,vibration_fault,0.904,100.0
vibration_fault_007,210,none,vibration_fault,0.9969,99.95
vibration_fault_007,240,none,vibration_fault,0.992,99.43
vibration_fault_007,270,none,vibration_fault,0.997,95.78
vibration_fault_008,0,none,none,0.999,100.0
vibration_fault_008,30,none,none,0.9993,100.0
vibration_fault_008,60,none,none,0.9952,100.0
vibration_fault_008,90,none,none,0.9983,100.0
vibration_fault_008,120,none,none,0.9968,100.0
vibration_fault_008,150,none,none,0.9924,100.0
vibration_fault_008,180,none,vibration_fault,0.99,100.0
vibration_fault_008,210,none,vibration_fault,0.9919,100.0
vibration_fault_008,240,none,vibration_fault,0.9983,99.8
vibration_fault_008,270,none,vibration_fault,0.9987,95.1
vibration_fault_009,0,vibration_fault,none,0.9983,100.0
vibration_fault_009,30,vibration_fault,none,0.9997,100.0
vibration_fault_009,60,vibration_fault,none,0.9974,100.0
vibration_fault_009,90,vibration_fault,none,0.993,100.0
vibration_fault_009,120,vibration_fault,vibration_fault,0.996,100.0
vibration_fault_009,150,vibration_fault,vibration_fault,0.9938,100.0
vibration_fault_009,180,vibration_fault,vibration_fault,0.9975,100.0
vibration_fault_009,210,vibration_fault,vibration_fault,0.9995,99.92
vibration_fault_009,240,vibration_fault,vibration_fault,0.9987,97.5
vibration_fault_009,270,vibration_fault,vibration_fault,0.999,93.6
vibration_fault_010,0,vibration_fault,none,0.9984,100.0
vibration_fault_010,30,vibration_fault,none,0.9983,100.0
vibration_fault_010,60,vibration_fault,none,0.9987,100.0
vibration_fault_010,90,vibration_fault,none,0.9151,100.0
vibration_fault_010,120,vibration_fault,vibration_fault,0.9246,100.0
vibration_fault_010,150,vibration_fault,vibration_fault,0.9737,100.0
vibration_fault_010,180,vibration_fault,vibration_fault,0.9954,100.0
vibration_fault_010,210,vibration_fault,vibration_fault,0.9991,99.8
vibration_fault_010,240,vibration_fault,vibration_fault,0.9993,98.2
vibration_fault_010,270,vibration_fault,vibration_fault,0.9987,94.38
vibration_fault_011,0,none,none,0.9947,100.0
vibration_fault_011,30,none,none,0.9985,100.0
vibration_fault_011,60,none,none,0.9919,100.0
vibration_fault_011,90,none,none,0.999,100.0
vibration_fault_011,120,none,none,0.9971,100.0
vibration_fault_011,150,none,vibration_fault,0.9285,100.0
vibration_fault_011,180,none,vibration_fault,0.9874,100.0
vibration_fault_011,210,none,vibration_fault,0.9864,100.0
vibration_fault_011,240,none,vibration_fault,0.9992,99.79
vibration_fault_011,270,none,vibration_fault,0.9966,98.12
vibration_fault_012,0,vibration_fault,none,0.9941,100.0
vibration_fault_012,30,vibration_fault,none,0.9999,100.0
vibration_fault_012,60,vibration_fault,none,0.9976,100.0
vibration_fault_012,90,vibration_fault,none,0.998,100.0
vibration_fault_012,120,vibration_fault,vibration_fault,0.9828,100.0
vibration_fault_012,150,vibration_fault,vibration_fault,0.9924,100.0
vibration_fault_012,180,vibration_fault,vibration_fault,0.9919,100.0
vibration_fault_012,210,vibration_fault,vibration_fault,0.9978,99.96
vibration_fault_012,240,vibration_fault,vibration_fault,0.9986,99.62
vibration_fault_012,270,vibration_fault,vibration_fault,0.9986,98.24
vibration_fault_013,0,vibration_fault,none,0.9958,100.0
vibration_fault_013,30,vibration_fault,none,0.9996,100.0
vibration_fault_013,60,vibration_fault,none,0.9986,100.0
vibration_fault_013,90,vibration_fault,none,0.9917,100.0
vibration_fault_013,120,vibration_fault,vibration_fault,0.9688,100.0
vibration_fault_013,150,vibration_fault,vibration_fault,0.9989,100.0
vibration_fault_013,180,vibration_fault,vibration_fault,0.9865,100.0
vibration_fault_013,210,vibration_fault,vibration_fault,0.9981,99.98
vibration_fault_013,240,vibration_fault,vibration_fault,0.9984,99.14
vibration_fault_013,270,vibration_fault,vibration_fault,0.9972,96.14
vibration_fault_014,0,none,none,0.9959,100.0
vibration_fault_014,30,none,none,0.9909,100.0
vibration_fault_014,60,none,none,0.997,100.0
vibration_fault_014,90,none,none,0.9998,100.0
vibration_fault_014,120,none,none,0.9909,100.0
vibration_fault_014,150,none,none,0.9981,100.0
vibration_fault_014,180,none,vibration_fault,0.9767,100.0
vibration_fault_014,210,none,vibration_fault,0.9989,100.0
vibration_fault_014,240,none,vibration_fault,0.9995,98.99
vibration_fault_014,270,none,vibration_fault,0.9992,94.47
vibration_fault_015,0,vibration_fault,none,0.9989,100.0
vibration_fault_015,30,vibration_fault,none,0.9958,100.0
vibration_fault_015,60,vibration_fault,none,0.9997,100.0
vibration_fault_015,90,vibration_fault,none,0.9964,100.0
vibration_fault_015,120,vibration_fault,none,0.95,100.0
vibration_fault_015,150,vibration_fault,vibration_fault,0.994,100.0
vibration_fault_015,180,vibration_fault,vibration_fault,0.9968,100.0
vibration_fault_015,210,vibration_fault,vibration_fault,0.9831,100.0
vibration_fault_015,240,vibration_fault,vibration_fault,0.9986,99.18
vibration_fault_015,270,vibration_fault,vibration_fault,0.9973,97.59
vibration_fault_016,0,none,none,0.9965,100.0
vibration_fault_016,30,none,none,0.9965,100.0
vibration_fault_016,60,none,none,0.9988,100.0
vibration_fault_016,90,none,none,0.9981,100.0
vibration_fault_016,120,none,none,0.9994,100.0
vibration_fault_016,150,none,none,0.9985,100.0
vibration_fault_016,180,none,vibration_fault,0.9754,100.0
vibration_fault_016,210,none,vibration_fault,0.9978,100.0
vibration_fault_016,240,none,vibration_fault,0.9989,99.69
vibration_fault_016,270,none,vibration_fault,0.9937,96.73
vibration_fault_017,0,none,none,0.998,100.0
vibration_fault_017,30,none,none,0.9995,100.0
vibration_fault_017,60,none,none,0.9984,100.0
vibration_fault_017,90,none,none,0.9979,100.0
vibration_fault_017,120,none,none,0.9924,100.0
vibration_fault_017,150,none,none,0.9919,100.0
vibration_fault_017,180,none,vibration_fault,0.9599,100.0
vibration_fault_017,210,none,vibration_fault,0.9989,100.0
vibration_fault_017,240,none,vibration_fault,0.9973,99.3
vibration_fault_017,270,none,vibration_fault,0.9981,94.93
